/*
 Navicat Premium Data Transfer

 Source Server         : 127
 Source Server Type    : MySQL
 Source Server Version : 50741 (5.7.41-log)
 Source Host           : localhost:3306
 Source Schema         : resourcepool

 Target Server Type    : MySQL
 Target Server Version : 50741 (5.7.41-log)
 File Encoding         : 65001

 Date: 20/06/2023 15:34:38
*/

SET NAMES utf8mb4;
SET FOREIGN_KEY_CHECKS = 0;

-- ----------------------------
-- Table structure for gen_table
-- ----------------------------
DROP TABLE IF EXISTS `gen_table`;
CREATE TABLE `gen_table`  (
  `table_id` bigint(20) NOT NULL AUTO_INCREMENT COMMENT '编号',
  `table_name` varchar(200) CHARACTER SET utf8mb4 COLLATE utf8mb4_general_ci NULL DEFAULT '' COMMENT '表名称',
  `table_comment` varchar(500) CHARACTER SET utf8mb4 COLLATE utf8mb4_general_ci NULL DEFAULT '' COMMENT '表描述',
  `sub_table_name` varchar(64) CHARACTER SET utf8mb4 COLLATE utf8mb4_general_ci NULL DEFAULT NULL COMMENT '关联子表的表名',
  `sub_table_fk_name` varchar(64) CHARACTER SET utf8mb4 COLLATE utf8mb4_general_ci NULL DEFAULT NULL COMMENT '子表关联的外键名',
  `class_name` varchar(100) CHARACTER SET utf8mb4 COLLATE utf8mb4_general_ci NULL DEFAULT '' COMMENT '实体类名称',
  `tpl_category` varchar(200) CHARACTER SET utf8mb4 COLLATE utf8mb4_general_ci NULL DEFAULT 'crud' COMMENT '使用的模板（crud单表操作 tree树表操作）',
  `package_name` varchar(100) CHARACTER SET utf8mb4 COLLATE utf8mb4_general_ci NULL DEFAULT NULL COMMENT '生成包路径',
  `module_name` varchar(30) CHARACTER SET utf8mb4 COLLATE utf8mb4_general_ci NULL DEFAULT NULL COMMENT '生成模块名',
  `business_name` varchar(30) CHARACTER SET utf8mb4 COLLATE utf8mb4_general_ci NULL DEFAULT NULL COMMENT '生成业务名',
  `function_name` varchar(50) CHARACTER SET utf8mb4 COLLATE utf8mb4_general_ci NULL DEFAULT NULL COMMENT '生成功能名',
  `function_author` varchar(50) CHARACTER SET utf8mb4 COLLATE utf8mb4_general_ci NULL DEFAULT NULL COMMENT '生成功能作者',
  `gen_type` char(1) CHARACTER SET utf8mb4 COLLATE utf8mb4_general_ci NULL DEFAULT '0' COMMENT '生成代码方式（0zip压缩包 1自定义路径）',
  `gen_path` varchar(200) CHARACTER SET utf8mb4 COLLATE utf8mb4_general_ci NULL DEFAULT '/' COMMENT '生成路径（不填默认项目路径）',
  `options` varchar(1000) CHARACTER SET utf8mb4 COLLATE utf8mb4_general_ci NULL DEFAULT NULL COMMENT '其它生成选项',
  `create_by` varchar(64) CHARACTER SET utf8mb4 COLLATE utf8mb4_general_ci NULL DEFAULT '' COMMENT '创建者',
  `create_time` datetime NULL DEFAULT NULL COMMENT '创建时间',
  `update_by` varchar(64) CHARACTER SET utf8mb4 COLLATE utf8mb4_general_ci NULL DEFAULT '' COMMENT '更新者',
  `update_time` datetime NULL DEFAULT NULL COMMENT '更新时间',
  `remark` varchar(500) CHARACTER SET utf8mb4 COLLATE utf8mb4_general_ci NULL DEFAULT NULL COMMENT '备注',
  PRIMARY KEY (`table_id`) USING BTREE
) ENGINE = InnoDB AUTO_INCREMENT = 15 CHARACTER SET = utf8mb4 COLLATE = utf8mb4_general_ci COMMENT = '代码生成业务表' ROW_FORMAT = DYNAMIC;

-- ----------------------------
-- Records of gen_table
-- ----------------------------
INSERT INTO `gen_table` VALUES (8, 't_customer', '客户资源', NULL, NULL, 'TCustomer', 'crud', 'com.resourcepool.project.business', 'business', 'customer', '客户资源', '任遵强', '0', '/', '{\"parentMenuId\":\"\"}', 'admin', '2023-06-07 16:34:03', '', '2023-06-07 16:34:22', NULL);
INSERT INTO `gen_table` VALUES (10, 't_translate', '企业资源', NULL, NULL, 'TTranslate', 'crud', 'com.resourcepool.project.business', 'business', 'translate', '企业资源', '任遵强', '0', '/', '{\"parentMenuId\":\"\"}', 'admin', '2023-06-07 18:57:16', '', '2023-06-07 18:57:42', NULL);
INSERT INTO `gen_table` VALUES (11, 't_customer_book', '客户通讯录', NULL, NULL, 'TCustomerBook', 'crud', 'com.resourcepool.project.business', 'business', 'book', '客户通讯录', '任遵强', '0', '/', '{\"parentMenuId\":\"\"}', 'admin', '2023-06-07 19:30:18', '', '2023-06-07 19:30:48', NULL);
INSERT INTO `gen_table` VALUES (12, 't_translate_book', '企业通讯录', NULL, NULL, 'TTranslateBook', 'crud', 'com.resourcepool.project.business', 'business', 'translateBook', '企业通讯录', '任遵强', '0', '/', '{\"parentMenuId\":2025}', 'admin', '2023-06-07 20:24:47', '', '2023-06-07 20:25:14', NULL);
INSERT INTO `gen_table` VALUES (13, 't_customer_connect', '客户沟通记录', NULL, NULL, 'TCustomerConnect', 'crud', 'com.resourcepool.project.business', 'business', 'customerConnect', '客户沟通记录', '任遵强', '0', '/', '{\"parentMenuId\":\"\"}', 'admin', '2023-06-07 20:37:34', '', '2023-06-07 20:37:53', NULL);
INSERT INTO `gen_table` VALUES (14, 't_translate_connect', '企业沟通记录', NULL, NULL, 'TTranslateConnect', 'crud', 'com.resourcepool.project.business', 'business', 'translateConnect', '企业沟通记录', '任遵强', '0', '/', '{\"parentMenuId\":\"\"}', 'admin', '2023-06-08 20:53:17', '', '2023-06-08 20:53:39', NULL);

-- ----------------------------
-- Table structure for gen_table_column
-- ----------------------------
DROP TABLE IF EXISTS `gen_table_column`;
CREATE TABLE `gen_table_column`  (
  `column_id` bigint(20) NOT NULL AUTO_INCREMENT COMMENT '编号',
  `table_id` varchar(64) CHARACTER SET utf8mb4 COLLATE utf8mb4_general_ci NULL DEFAULT NULL COMMENT '归属表编号',
  `column_name` varchar(200) CHARACTER SET utf8mb4 COLLATE utf8mb4_general_ci NULL DEFAULT NULL COMMENT '列名称',
  `column_comment` varchar(500) CHARACTER SET utf8mb4 COLLATE utf8mb4_general_ci NULL DEFAULT NULL COMMENT '列描述',
  `column_type` varchar(100) CHARACTER SET utf8mb4 COLLATE utf8mb4_general_ci NULL DEFAULT NULL COMMENT '列类型',
  `java_type` varchar(500) CHARACTER SET utf8mb4 COLLATE utf8mb4_general_ci NULL DEFAULT NULL COMMENT 'JAVA类型',
  `java_field` varchar(200) CHARACTER SET utf8mb4 COLLATE utf8mb4_general_ci NULL DEFAULT NULL COMMENT 'JAVA字段名',
  `is_pk` char(1) CHARACTER SET utf8mb4 COLLATE utf8mb4_general_ci NULL DEFAULT NULL COMMENT '是否主键（1是）',
  `is_increment` char(1) CHARACTER SET utf8mb4 COLLATE utf8mb4_general_ci NULL DEFAULT NULL COMMENT '是否自增（1是）',
  `is_required` char(1) CHARACTER SET utf8mb4 COLLATE utf8mb4_general_ci NULL DEFAULT NULL COMMENT '是否必填（1是）',
  `is_insert` char(1) CHARACTER SET utf8mb4 COLLATE utf8mb4_general_ci NULL DEFAULT NULL COMMENT '是否为插入字段（1是）',
  `is_edit` char(1) CHARACTER SET utf8mb4 COLLATE utf8mb4_general_ci NULL DEFAULT NULL COMMENT '是否编辑字段（1是）',
  `is_list` char(1) CHARACTER SET utf8mb4 COLLATE utf8mb4_general_ci NULL DEFAULT NULL COMMENT '是否列表字段（1是）',
  `is_query` char(1) CHARACTER SET utf8mb4 COLLATE utf8mb4_general_ci NULL DEFAULT NULL COMMENT '是否查询字段（1是）',
  `query_type` varchar(200) CHARACTER SET utf8mb4 COLLATE utf8mb4_general_ci NULL DEFAULT 'EQ' COMMENT '查询方式（等于、不等于、大于、小于、范围）',
  `html_type` varchar(200) CHARACTER SET utf8mb4 COLLATE utf8mb4_general_ci NULL DEFAULT NULL COMMENT '显示类型（文本框、文本域、下拉框、复选框、单选框、日期控件）',
  `dict_type` varchar(200) CHARACTER SET utf8mb4 COLLATE utf8mb4_general_ci NULL DEFAULT '' COMMENT '字典类型',
  `sort` int(11) NULL DEFAULT NULL COMMENT '排序',
  `create_by` varchar(64) CHARACTER SET utf8mb4 COLLATE utf8mb4_general_ci NULL DEFAULT '' COMMENT '创建者',
  `create_time` datetime NULL DEFAULT NULL COMMENT '创建时间',
  `update_by` varchar(64) CHARACTER SET utf8mb4 COLLATE utf8mb4_general_ci NULL DEFAULT '' COMMENT '更新者',
  `update_time` datetime NULL DEFAULT NULL COMMENT '更新时间',
  PRIMARY KEY (`column_id`) USING BTREE
) ENGINE = InnoDB AUTO_INCREMENT = 109 CHARACTER SET = utf8mb4 COLLATE = utf8mb4_general_ci COMMENT = '代码生成业务表字段' ROW_FORMAT = DYNAMIC;

-- ----------------------------
-- Records of gen_table_column
-- ----------------------------
INSERT INTO `gen_table_column` VALUES (46, '8', 'customer_id', '主键', 'int(11)', 'Long', 'customerId', '1', '1', NULL, '1', NULL, NULL, NULL, 'EQ', 'input', '', 1, 'admin', '2023-06-07 16:34:03', '', '2023-06-07 16:34:22');
INSERT INTO `gen_table_column` VALUES (47, '8', 'customer_name', '客户名称', 'varchar(255)', 'String', 'customerName', '0', '0', NULL, '1', '1', '1', '1', 'LIKE', 'input', '', 2, 'admin', '2023-06-07 16:34:03', '', '2023-06-07 16:34:22');
INSERT INTO `gen_table_column` VALUES (48, '8', 'customer_phone', '联系电话', 'varchar(255)', 'String', 'customerPhone', '0', '0', NULL, '1', '1', '1', '1', 'EQ', 'input', '', 3, 'admin', '2023-06-07 16:34:03', '', '2023-06-07 16:34:22');
INSERT INTO `gen_table_column` VALUES (49, '8', 'is_use', '是否领取 0未领取 1已领取', 'tinyint(1)', 'Integer', 'isUse', '0', '0', NULL, '1', '1', '1', '1', 'EQ', 'select', 'is_use', 4, 'admin', '2023-06-07 16:34:03', '', '2023-06-07 16:34:22');
INSERT INTO `gen_table_column` VALUES (50, '8', 'create_by', '创建者', 'varchar(255)', 'String', 'createBy', '0', '0', NULL, '1', NULL, NULL, NULL, 'EQ', 'input', '', 5, 'admin', '2023-06-07 16:34:03', '', '2023-06-07 16:34:22');
INSERT INTO `gen_table_column` VALUES (51, '8', 'certificate_type', '证书类型', 'varchar(255)', 'String', 'certificateType', '0', '0', NULL, '1', '1', '1', '1', 'EQ', 'select', '', 6, 'admin', '2023-06-07 16:34:03', '', '2023-06-07 16:34:22');
INSERT INTO `gen_table_column` VALUES (52, '8', 'certificate_speciality', '证书专业', 'varchar(255)', 'String', 'certificateSpeciality', '0', '0', NULL, '1', '1', '1', '1', 'EQ', 'input', '', 7, 'admin', '2023-06-07 16:34:03', '', '2023-06-07 16:34:22');
INSERT INTO `gen_table_column` VALUES (53, '8', 'remark', '初始/转注', 'varchar(255)', 'String', 'remark', '0', '0', NULL, '1', '1', '1', NULL, 'EQ', 'input', '', 8, 'admin', '2023-06-07 16:34:03', '', '2023-06-07 16:34:22');
INSERT INTO `gen_table_column` VALUES (54, '8', 'addr', '省份-城市', 'varchar(255)', 'String', 'addr', '0', '0', NULL, '1', '1', '1', '1', 'EQ', 'input', '', 9, 'admin', '2023-06-07 16:34:03', '', '2023-06-07 16:34:22');
INSERT INTO `gen_table_column` VALUES (55, '8', 'create_time', '创建日期', 'datetime', 'Date', 'createTime', '0', '0', NULL, '1', NULL, NULL, NULL, 'EQ', 'datetime', '', 10, 'admin', '2023-06-07 16:34:03', '', '2023-06-07 16:34:22');
INSERT INTO `gen_table_column` VALUES (56, '8', 'is_del', '是否删除 0未删除 1已删除', 'tinyint(1)', 'Integer', 'isDel', '0', '0', NULL, '1', '1', '1', '1', 'EQ', 'input', '', 11, 'admin', '2023-06-07 16:34:03', '', '2023-06-07 16:34:22');
INSERT INTO `gen_table_column` VALUES (67, '10', 'translate_id', '主键', 'int(11)', 'Long', 'translateId', '1', '1', NULL, '1', NULL, NULL, NULL, 'EQ', 'input', '', 1, 'admin', '2023-06-07 18:57:16', '', '2023-06-07 18:57:42');
INSERT INTO `gen_table_column` VALUES (68, '10', 'translate_name', '企业名称', 'varchar(255)', 'String', 'translateName', '0', '0', NULL, '1', '1', '1', '1', 'LIKE', 'input', '', 2, 'admin', '2023-06-07 18:57:16', '', '2023-06-07 18:57:42');
INSERT INTO `gen_table_column` VALUES (69, '10', 'contacts', '联系人', 'varchar(255)', 'String', 'contacts', '0', '0', NULL, '1', '1', '1', '1', 'EQ', 'input', '', 3, 'admin', '2023-06-07 18:57:16', '', '2023-06-07 18:57:42');
INSERT INTO `gen_table_column` VALUES (70, '10', 'phone', '联系电话', 'varchar(255)', 'String', 'phone', '0', '0', NULL, '1', '1', '1', '1', 'EQ', 'input', '', 4, 'admin', '2023-06-07 18:57:16', '', '2023-06-07 18:57:42');
INSERT INTO `gen_table_column` VALUES (71, '10', 'addr', '省份-城市', 'varchar(255)', 'String', 'addr', '0', '0', NULL, '1', '1', '1', '1', 'EQ', 'input', '', 5, 'admin', '2023-06-07 18:57:16', '', '2023-06-07 18:57:42');
INSERT INTO `gen_table_column` VALUES (72, '10', 'customer_demand', '客户需求', 'varchar(255)', 'String', 'customerDemand', '0', '0', NULL, '1', '1', '1', '1', 'EQ', 'input', '', 6, 'admin', '2023-06-07 18:57:16', '', '2023-06-07 18:57:42');
INSERT INTO `gen_table_column` VALUES (73, '10', 'sources', '客户来源', 'varchar(255)', 'String', 'sources', '0', '0', NULL, '1', '1', '1', '1', 'EQ', 'input', '', 7, 'admin', '2023-06-07 18:57:16', '', '2023-06-07 18:57:42');
INSERT INTO `gen_table_column` VALUES (74, '10', 'create_by', '创建者', 'varchar(255)', 'String', 'createBy', '0', '0', NULL, '1', NULL, NULL, NULL, 'EQ', 'input', '', 8, 'admin', '2023-06-07 18:57:16', '', '2023-06-07 18:57:42');
INSERT INTO `gen_table_column` VALUES (75, '10', 'create_time', '创建日期', 'datetime', 'Date', 'createTime', '0', '0', NULL, '1', NULL, NULL, NULL, 'EQ', 'datetime', '', 9, 'admin', '2023-06-07 18:57:16', '', '2023-06-07 18:57:42');
INSERT INTO `gen_table_column` VALUES (76, '10', 'is_use', '是否领取 0未领取 1已领取', 'tinyint(1)', 'Integer', 'isUse', '0', '0', NULL, '1', '1', '1', '1', 'EQ', 'select', 'is_use', 10, 'admin', '2023-06-07 18:57:16', '', '2023-06-07 18:57:42');
INSERT INTO `gen_table_column` VALUES (77, '10', 'is_del', '是否删除 0未删除 1已删除', 'tinyint(1)', 'Integer', 'isDel', '0', '0', NULL, '1', '1', '1', '1', 'EQ', 'input', '', 11, 'admin', '2023-06-07 18:57:16', '', '2023-06-07 18:57:42');
INSERT INTO `gen_table_column` VALUES (78, '11', 'book_id', '主键', 'int(11)', 'Long', 'bookId', '1', '1', NULL, '1', NULL, NULL, NULL, 'EQ', 'input', '', 1, 'admin', '2023-06-07 19:30:18', '', '2023-06-07 19:30:48');
INSERT INTO `gen_table_column` VALUES (79, '11', 'customer_id', '客户id', 'int(11)', 'Long', 'customerId', '0', '0', NULL, '1', '1', '1', '1', 'EQ', 'input', '', 2, 'admin', '2023-06-07 19:30:18', '', '2023-06-07 19:30:48');
INSERT INTO `gen_table_column` VALUES (80, '11', 'user_id', '用户id', 'int(11)', 'Long', 'userId', '0', '0', NULL, '1', '1', '1', '1', 'EQ', 'input', '', 3, 'admin', '2023-06-07 19:30:18', '', '2023-06-07 19:30:48');
INSERT INTO `gen_table_column` VALUES (81, '11', 'create_time', '领用时间', 'datetime', 'Date', 'createTime', '0', '0', NULL, '1', NULL, NULL, NULL, 'EQ', 'datetime', '', 4, 'admin', '2023-06-07 19:30:18', '', '2023-06-07 19:30:48');
INSERT INTO `gen_table_column` VALUES (82, '11', 'is_recovery', '是否回收 0未回收 1已回收', 'tinyint(1)', 'Integer', 'isRecovery', '0', '0', NULL, '1', '1', '1', '1', 'EQ', 'input', '', 5, 'admin', '2023-06-07 19:30:18', '', '2023-06-07 19:30:48');
INSERT INTO `gen_table_column` VALUES (83, '11', 'end_time', '到期时间', 'datetime', 'Date', 'endTime', '0', '0', NULL, '1', '1', '1', '1', 'EQ', 'datetime', '', 6, 'admin', '2023-06-07 19:30:18', '', '2023-06-07 19:30:48');
INSERT INTO `gen_table_column` VALUES (84, '12', 'translate_book_id', '主键', 'int(11)', 'Long', 'translateBookId', '1', '1', NULL, '1', NULL, NULL, NULL, 'EQ', 'input', '', 1, 'admin', '2023-06-07 20:24:47', '', '2023-06-07 20:25:14');
INSERT INTO `gen_table_column` VALUES (85, '12', 'translate_id', '企业id', 'int(11)', 'Long', 'translateId', '0', '0', '1', '1', '1', '1', '1', 'EQ', 'input', '', 2, 'admin', '2023-06-07 20:24:47', '', '2023-06-07 20:25:14');
INSERT INTO `gen_table_column` VALUES (86, '12', 'translate_name', '企业名称', 'varchar(255)', 'String', 'translateName', '0', '0', NULL, '1', '1', '1', '1', 'LIKE', 'input', '', 3, 'admin', '2023-06-07 20:24:47', '', '2023-06-07 20:25:14');
INSERT INTO `gen_table_column` VALUES (87, '12', 'contacts', '联系人', 'varchar(255)', 'String', 'contacts', '0', '0', NULL, '1', '1', '1', '1', 'EQ', 'input', '', 4, 'admin', '2023-06-07 20:24:47', '', '2023-06-07 20:25:14');
INSERT INTO `gen_table_column` VALUES (88, '12', 'phone', '联系电话', 'varchar(255)', 'String', 'phone', '0', '0', NULL, '1', '1', '1', '1', 'EQ', 'input', '', 5, 'admin', '2023-06-07 20:24:47', '', '2023-06-07 20:25:14');
INSERT INTO `gen_table_column` VALUES (89, '12', 'addr', '省份-城市', 'varchar(255)', 'String', 'addr', '0', '0', NULL, '1', '1', '1', '1', 'EQ', 'input', '', 6, 'admin', '2023-06-07 20:24:47', '', '2023-06-07 20:25:14');
INSERT INTO `gen_table_column` VALUES (90, '12', 'customer_demand', '客户需求', 'varchar(255)', 'String', 'customerDemand', '0', '0', NULL, '1', '1', '1', '1', 'EQ', 'input', '', 7, 'admin', '2023-06-07 20:24:47', '', '2023-06-07 20:25:14');
INSERT INTO `gen_table_column` VALUES (91, '12', 'sources', '客户来源', 'varchar(255)', 'String', 'sources', '0', '0', NULL, '1', '1', '1', '1', 'EQ', 'input', '', 8, 'admin', '2023-06-07 20:24:47', '', '2023-06-07 20:25:14');
INSERT INTO `gen_table_column` VALUES (92, '12', 'user_id', '用户id', 'int(11)', 'Long', 'userId', '0', '0', NULL, '1', '1', '1', '1', 'EQ', 'input', '', 9, 'admin', '2023-06-07 20:24:47', '', '2023-06-07 20:25:14');
INSERT INTO `gen_table_column` VALUES (93, '12', 'user_name', '用户名称', 'varchar(255)', 'String', 'userName', '0', '0', NULL, '1', '1', '1', '1', 'LIKE', 'input', '', 10, 'admin', '2023-06-07 20:24:47', '', '2023-06-07 20:25:14');
INSERT INTO `gen_table_column` VALUES (94, '12', 'is_recovery', '是否回收 0未回收 1已回收', 'tinyint(1)', 'Integer', 'isRecovery', '0', '0', NULL, '1', '1', '1', '1', 'EQ', 'input', '', 11, 'admin', '2023-06-07 20:24:47', '', '2023-06-07 20:25:14');
INSERT INTO `gen_table_column` VALUES (95, '12', 'create_time', '领用时间', 'datetime', 'Date', 'createTime', '0', '0', NULL, '1', NULL, NULL, NULL, 'EQ', 'datetime', '', 12, 'admin', '2023-06-07 20:24:47', '', '2023-06-07 20:25:14');
INSERT INTO `gen_table_column` VALUES (96, '13', 'customer_connect_id', '主键', 'int(11)', 'Long', 'customerConnectId', '1', '1', NULL, '1', NULL, NULL, NULL, 'EQ', 'input', '', 1, 'admin', '2023-06-07 20:37:34', '', '2023-06-07 20:37:53');
INSERT INTO `gen_table_column` VALUES (97, '13', 'user_id', '录入用户id', 'int(11)', 'Long', 'userId', '0', '0', NULL, '1', '1', '1', '1', 'EQ', 'input', '', 2, 'admin', '2023-06-07 20:37:34', '', '2023-06-07 20:37:53');
INSERT INTO `gen_table_column` VALUES (98, '13', 'user_name', '录入用户', 'varchar(255)', 'String', 'userName', '0', '0', NULL, '1', '1', '1', '1', 'LIKE', 'input', '', 3, 'admin', '2023-06-07 20:37:34', '', '2023-06-07 20:37:53');
INSERT INTO `gen_table_column` VALUES (99, '13', 'customer_id', '客户id', 'int(11)', 'Long', 'customerId', '0', '0', NULL, '1', '1', '1', '1', 'EQ', 'input', '', 4, 'admin', '2023-06-07 20:37:34', '', '2023-06-07 20:37:53');
INSERT INTO `gen_table_column` VALUES (100, '13', 'content', '回访内容', 'varchar(500)', 'String', 'content', '0', '0', NULL, '1', '1', '1', '1', 'EQ', 'editor', '', 5, 'admin', '2023-06-07 20:37:34', '', '2023-06-07 20:37:53');
INSERT INTO `gen_table_column` VALUES (101, '13', 'create_time', '回访时间', 'datetime', 'Date', 'createTime', '0', '0', NULL, '1', NULL, NULL, NULL, 'EQ', 'datetime', '', 6, 'admin', '2023-06-07 20:37:34', '', '2023-06-07 20:37:53');
INSERT INTO `gen_table_column` VALUES (102, '14', 'translate_connect_id', '主键', 'int(11)', 'Long', 'translateConnectId', '1', '1', NULL, '1', NULL, NULL, NULL, 'EQ', 'input', '', 1, 'admin', '2023-06-08 20:53:17', '', '2023-06-08 20:53:39');
INSERT INTO `gen_table_column` VALUES (103, '14', 'user_id', '录入用户id', 'int(11)', 'Long', 'userId', '0', '0', NULL, '1', '1', '1', '1', 'EQ', 'input', '', 2, 'admin', '2023-06-08 20:53:17', '', '2023-06-08 20:53:39');
INSERT INTO `gen_table_column` VALUES (104, '14', 'user_name', '录入用户', 'varchar(255)', 'String', 'userName', '0', '0', NULL, '1', '1', '1', '1', 'LIKE', 'input', '', 3, 'admin', '2023-06-08 20:53:17', '', '2023-06-08 20:53:39');
INSERT INTO `gen_table_column` VALUES (105, '14', 'translate_id', '企业id', 'int(11)', 'Long', 'translateId', '0', '0', NULL, '1', '1', '1', '1', 'EQ', 'input', '', 4, 'admin', '2023-06-08 20:53:17', '', '2023-06-08 20:53:39');
INSERT INTO `gen_table_column` VALUES (106, '14', 'content', '回访内容', 'varchar(500)', 'String', 'content', '0', '0', NULL, '1', '1', '1', '1', 'EQ', 'editor', '', 5, 'admin', '2023-06-08 20:53:17', '', '2023-06-08 20:53:39');
INSERT INTO `gen_table_column` VALUES (107, '14', 'create_time', '回访时间', 'datetime', 'Date', 'createTime', '0', '0', NULL, '1', NULL, NULL, NULL, 'EQ', 'datetime', '', 6, 'admin', '2023-06-08 20:53:17', '', '2023-06-08 20:53:39');
INSERT INTO `gen_table_column` VALUES (108, '14', 'translate_name', '企业名称', 'varchar(255)', 'String', 'translateName', '0', '0', NULL, '1', '1', '1', '1', 'LIKE', 'input', '', 7, 'admin', '2023-06-08 20:53:17', '', '2023-06-08 20:53:39');

-- ----------------------------
-- Table structure for qrtz_blob_triggers
-- ----------------------------
DROP TABLE IF EXISTS `qrtz_blob_triggers`;
CREATE TABLE `qrtz_blob_triggers`  (
  `sched_name` varchar(120) CHARACTER SET utf8mb4 COLLATE utf8mb4_general_ci NOT NULL COMMENT '调度名称',
  `trigger_name` varchar(200) CHARACTER SET utf8mb4 COLLATE utf8mb4_general_ci NOT NULL COMMENT 'qrtz_triggers表trigger_name的外键',
  `trigger_group` varchar(200) CHARACTER SET utf8mb4 COLLATE utf8mb4_general_ci NOT NULL COMMENT 'qrtz_triggers表trigger_group的外键',
  `blob_data` blob NULL COMMENT '存放持久化Trigger对象',
  PRIMARY KEY (`sched_name`, `trigger_name`, `trigger_group`) USING BTREE,
  CONSTRAINT `qrtz_blob_triggers_ibfk_1` FOREIGN KEY (`sched_name`, `trigger_name`, `trigger_group`) REFERENCES `qrtz_triggers` (`sched_name`, `trigger_name`, `trigger_group`) ON DELETE RESTRICT ON UPDATE RESTRICT
) ENGINE = InnoDB CHARACTER SET = utf8mb4 COLLATE = utf8mb4_general_ci COMMENT = 'Blob类型的触发器表' ROW_FORMAT = DYNAMIC;

-- ----------------------------
-- Records of qrtz_blob_triggers
-- ----------------------------

-- ----------------------------
-- Table structure for qrtz_calendars
-- ----------------------------
DROP TABLE IF EXISTS `qrtz_calendars`;
CREATE TABLE `qrtz_calendars`  (
  `sched_name` varchar(120) CHARACTER SET utf8mb4 COLLATE utf8mb4_general_ci NOT NULL COMMENT '调度名称',
  `calendar_name` varchar(200) CHARACTER SET utf8mb4 COLLATE utf8mb4_general_ci NOT NULL COMMENT '日历名称',
  `calendar` blob NOT NULL COMMENT '存放持久化calendar对象',
  PRIMARY KEY (`sched_name`, `calendar_name`) USING BTREE
) ENGINE = InnoDB CHARACTER SET = utf8mb4 COLLATE = utf8mb4_general_ci COMMENT = '日历信息表' ROW_FORMAT = DYNAMIC;

-- ----------------------------
-- Records of qrtz_calendars
-- ----------------------------

-- ----------------------------
-- Table structure for qrtz_cron_triggers
-- ----------------------------
DROP TABLE IF EXISTS `qrtz_cron_triggers`;
CREATE TABLE `qrtz_cron_triggers`  (
  `sched_name` varchar(120) CHARACTER SET utf8mb4 COLLATE utf8mb4_general_ci NOT NULL COMMENT '调度名称',
  `trigger_name` varchar(200) CHARACTER SET utf8mb4 COLLATE utf8mb4_general_ci NOT NULL COMMENT 'qrtz_triggers表trigger_name的外键',
  `trigger_group` varchar(200) CHARACTER SET utf8mb4 COLLATE utf8mb4_general_ci NOT NULL COMMENT 'qrtz_triggers表trigger_group的外键',
  `cron_expression` varchar(200) CHARACTER SET utf8mb4 COLLATE utf8mb4_general_ci NOT NULL COMMENT 'cron表达式',
  `time_zone_id` varchar(80) CHARACTER SET utf8mb4 COLLATE utf8mb4_general_ci NULL DEFAULT NULL COMMENT '时区',
  PRIMARY KEY (`sched_name`, `trigger_name`, `trigger_group`) USING BTREE,
  CONSTRAINT `qrtz_cron_triggers_ibfk_1` FOREIGN KEY (`sched_name`, `trigger_name`, `trigger_group`) REFERENCES `qrtz_triggers` (`sched_name`, `trigger_name`, `trigger_group`) ON DELETE RESTRICT ON UPDATE RESTRICT
) ENGINE = InnoDB CHARACTER SET = utf8mb4 COLLATE = utf8mb4_general_ci COMMENT = 'Cron类型的触发器表' ROW_FORMAT = DYNAMIC;

-- ----------------------------
-- Records of qrtz_cron_triggers
-- ----------------------------

-- ----------------------------
-- Table structure for qrtz_fired_triggers
-- ----------------------------
DROP TABLE IF EXISTS `qrtz_fired_triggers`;
CREATE TABLE `qrtz_fired_triggers`  (
  `sched_name` varchar(120) CHARACTER SET utf8mb4 COLLATE utf8mb4_general_ci NOT NULL COMMENT '调度名称',
  `entry_id` varchar(95) CHARACTER SET utf8mb4 COLLATE utf8mb4_general_ci NOT NULL COMMENT '调度器实例id',
  `trigger_name` varchar(200) CHARACTER SET utf8mb4 COLLATE utf8mb4_general_ci NOT NULL COMMENT 'qrtz_triggers表trigger_name的外键',
  `trigger_group` varchar(200) CHARACTER SET utf8mb4 COLLATE utf8mb4_general_ci NOT NULL COMMENT 'qrtz_triggers表trigger_group的外键',
  `instance_name` varchar(200) CHARACTER SET utf8mb4 COLLATE utf8mb4_general_ci NOT NULL COMMENT '调度器实例名',
  `fired_time` bigint(13) NOT NULL COMMENT '触发的时间',
  `sched_time` bigint(13) NOT NULL COMMENT '定时器制定的时间',
  `priority` int(11) NOT NULL COMMENT '优先级',
  `state` varchar(16) CHARACTER SET utf8mb4 COLLATE utf8mb4_general_ci NOT NULL COMMENT '状态',
  `job_name` varchar(200) CHARACTER SET utf8mb4 COLLATE utf8mb4_general_ci NULL DEFAULT NULL COMMENT '任务名称',
  `job_group` varchar(200) CHARACTER SET utf8mb4 COLLATE utf8mb4_general_ci NULL DEFAULT NULL COMMENT '任务组名',
  `is_nonconcurrent` varchar(1) CHARACTER SET utf8mb4 COLLATE utf8mb4_general_ci NULL DEFAULT NULL COMMENT '是否并发',
  `requests_recovery` varchar(1) CHARACTER SET utf8mb4 COLLATE utf8mb4_general_ci NULL DEFAULT NULL COMMENT '是否接受恢复执行',
  PRIMARY KEY (`sched_name`, `entry_id`) USING BTREE
) ENGINE = InnoDB CHARACTER SET = utf8mb4 COLLATE = utf8mb4_general_ci COMMENT = '已触发的触发器表' ROW_FORMAT = DYNAMIC;

-- ----------------------------
-- Records of qrtz_fired_triggers
-- ----------------------------

-- ----------------------------
-- Table structure for qrtz_job_details
-- ----------------------------
DROP TABLE IF EXISTS `qrtz_job_details`;
CREATE TABLE `qrtz_job_details`  (
  `sched_name` varchar(120) CHARACTER SET utf8mb4 COLLATE utf8mb4_general_ci NOT NULL COMMENT '调度名称',
  `job_name` varchar(200) CHARACTER SET utf8mb4 COLLATE utf8mb4_general_ci NOT NULL COMMENT '任务名称',
  `job_group` varchar(200) CHARACTER SET utf8mb4 COLLATE utf8mb4_general_ci NOT NULL COMMENT '任务组名',
  `description` varchar(250) CHARACTER SET utf8mb4 COLLATE utf8mb4_general_ci NULL DEFAULT NULL COMMENT '相关介绍',
  `job_class_name` varchar(250) CHARACTER SET utf8mb4 COLLATE utf8mb4_general_ci NOT NULL COMMENT '执行任务类名称',
  `is_durable` varchar(1) CHARACTER SET utf8mb4 COLLATE utf8mb4_general_ci NOT NULL COMMENT '是否持久化',
  `is_nonconcurrent` varchar(1) CHARACTER SET utf8mb4 COLLATE utf8mb4_general_ci NOT NULL COMMENT '是否并发',
  `is_update_data` varchar(1) CHARACTER SET utf8mb4 COLLATE utf8mb4_general_ci NOT NULL COMMENT '是否更新数据',
  `requests_recovery` varchar(1) CHARACTER SET utf8mb4 COLLATE utf8mb4_general_ci NOT NULL COMMENT '是否接受恢复执行',
  `job_data` blob NULL COMMENT '存放持久化job对象',
  PRIMARY KEY (`sched_name`, `job_name`, `job_group`) USING BTREE
) ENGINE = InnoDB CHARACTER SET = utf8mb4 COLLATE = utf8mb4_general_ci COMMENT = '任务详细信息表' ROW_FORMAT = DYNAMIC;

-- ----------------------------
-- Records of qrtz_job_details
-- ----------------------------

-- ----------------------------
-- Table structure for qrtz_locks
-- ----------------------------
DROP TABLE IF EXISTS `qrtz_locks`;
CREATE TABLE `qrtz_locks`  (
  `sched_name` varchar(120) CHARACTER SET utf8mb4 COLLATE utf8mb4_general_ci NOT NULL COMMENT '调度名称',
  `lock_name` varchar(40) CHARACTER SET utf8mb4 COLLATE utf8mb4_general_ci NOT NULL COMMENT '悲观锁名称',
  PRIMARY KEY (`sched_name`, `lock_name`) USING BTREE
) ENGINE = InnoDB CHARACTER SET = utf8mb4 COLLATE = utf8mb4_general_ci COMMENT = '存储的悲观锁信息表' ROW_FORMAT = DYNAMIC;

-- ----------------------------
-- Records of qrtz_locks
-- ----------------------------

-- ----------------------------
-- Table structure for qrtz_paused_trigger_grps
-- ----------------------------
DROP TABLE IF EXISTS `qrtz_paused_trigger_grps`;
CREATE TABLE `qrtz_paused_trigger_grps`  (
  `sched_name` varchar(120) CHARACTER SET utf8mb4 COLLATE utf8mb4_general_ci NOT NULL COMMENT '调度名称',
  `trigger_group` varchar(200) CHARACTER SET utf8mb4 COLLATE utf8mb4_general_ci NOT NULL COMMENT 'qrtz_triggers表trigger_group的外键',
  PRIMARY KEY (`sched_name`, `trigger_group`) USING BTREE
) ENGINE = InnoDB CHARACTER SET = utf8mb4 COLLATE = utf8mb4_general_ci COMMENT = '暂停的触发器表' ROW_FORMAT = DYNAMIC;

-- ----------------------------
-- Records of qrtz_paused_trigger_grps
-- ----------------------------

-- ----------------------------
-- Table structure for qrtz_scheduler_state
-- ----------------------------
DROP TABLE IF EXISTS `qrtz_scheduler_state`;
CREATE TABLE `qrtz_scheduler_state`  (
  `sched_name` varchar(120) CHARACTER SET utf8mb4 COLLATE utf8mb4_general_ci NOT NULL COMMENT '调度名称',
  `instance_name` varchar(200) CHARACTER SET utf8mb4 COLLATE utf8mb4_general_ci NOT NULL COMMENT '实例名称',
  `last_checkin_time` bigint(13) NOT NULL COMMENT '上次检查时间',
  `checkin_interval` bigint(13) NOT NULL COMMENT '检查间隔时间',
  PRIMARY KEY (`sched_name`, `instance_name`) USING BTREE
) ENGINE = InnoDB CHARACTER SET = utf8mb4 COLLATE = utf8mb4_general_ci COMMENT = '调度器状态表' ROW_FORMAT = DYNAMIC;

-- ----------------------------
-- Records of qrtz_scheduler_state
-- ----------------------------

-- ----------------------------
-- Table structure for qrtz_simple_triggers
-- ----------------------------
DROP TABLE IF EXISTS `qrtz_simple_triggers`;
CREATE TABLE `qrtz_simple_triggers`  (
  `sched_name` varchar(120) CHARACTER SET utf8mb4 COLLATE utf8mb4_general_ci NOT NULL COMMENT '调度名称',
  `trigger_name` varchar(200) CHARACTER SET utf8mb4 COLLATE utf8mb4_general_ci NOT NULL COMMENT 'qrtz_triggers表trigger_name的外键',
  `trigger_group` varchar(200) CHARACTER SET utf8mb4 COLLATE utf8mb4_general_ci NOT NULL COMMENT 'qrtz_triggers表trigger_group的外键',
  `repeat_count` bigint(7) NOT NULL COMMENT '重复的次数统计',
  `repeat_interval` bigint(12) NOT NULL COMMENT '重复的间隔时间',
  `times_triggered` bigint(10) NOT NULL COMMENT '已经触发的次数',
  PRIMARY KEY (`sched_name`, `trigger_name`, `trigger_group`) USING BTREE,
  CONSTRAINT `qrtz_simple_triggers_ibfk_1` FOREIGN KEY (`sched_name`, `trigger_name`, `trigger_group`) REFERENCES `qrtz_triggers` (`sched_name`, `trigger_name`, `trigger_group`) ON DELETE RESTRICT ON UPDATE RESTRICT
) ENGINE = InnoDB CHARACTER SET = utf8mb4 COLLATE = utf8mb4_general_ci COMMENT = '简单触发器的信息表' ROW_FORMAT = DYNAMIC;

-- ----------------------------
-- Records of qrtz_simple_triggers
-- ----------------------------

-- ----------------------------
-- Table structure for qrtz_simprop_triggers
-- ----------------------------
DROP TABLE IF EXISTS `qrtz_simprop_triggers`;
CREATE TABLE `qrtz_simprop_triggers`  (
  `sched_name` varchar(120) CHARACTER SET utf8mb4 COLLATE utf8mb4_general_ci NOT NULL COMMENT '调度名称',
  `trigger_name` varchar(200) CHARACTER SET utf8mb4 COLLATE utf8mb4_general_ci NOT NULL COMMENT 'qrtz_triggers表trigger_name的外键',
  `trigger_group` varchar(200) CHARACTER SET utf8mb4 COLLATE utf8mb4_general_ci NOT NULL COMMENT 'qrtz_triggers表trigger_group的外键',
  `str_prop_1` varchar(512) CHARACTER SET utf8mb4 COLLATE utf8mb4_general_ci NULL DEFAULT NULL COMMENT 'String类型的trigger的第一个参数',
  `str_prop_2` varchar(512) CHARACTER SET utf8mb4 COLLATE utf8mb4_general_ci NULL DEFAULT NULL COMMENT 'String类型的trigger的第二个参数',
  `str_prop_3` varchar(512) CHARACTER SET utf8mb4 COLLATE utf8mb4_general_ci NULL DEFAULT NULL COMMENT 'String类型的trigger的第三个参数',
  `int_prop_1` int(11) NULL DEFAULT NULL COMMENT 'int类型的trigger的第一个参数',
  `int_prop_2` int(11) NULL DEFAULT NULL COMMENT 'int类型的trigger的第二个参数',
  `long_prop_1` bigint(20) NULL DEFAULT NULL COMMENT 'long类型的trigger的第一个参数',
  `long_prop_2` bigint(20) NULL DEFAULT NULL COMMENT 'long类型的trigger的第二个参数',
  `dec_prop_1` decimal(13, 4) NULL DEFAULT NULL COMMENT 'decimal类型的trigger的第一个参数',
  `dec_prop_2` decimal(13, 4) NULL DEFAULT NULL COMMENT 'decimal类型的trigger的第二个参数',
  `bool_prop_1` varchar(1) CHARACTER SET utf8mb4 COLLATE utf8mb4_general_ci NULL DEFAULT NULL COMMENT 'Boolean类型的trigger的第一个参数',
  `bool_prop_2` varchar(1) CHARACTER SET utf8mb4 COLLATE utf8mb4_general_ci NULL DEFAULT NULL COMMENT 'Boolean类型的trigger的第二个参数',
  PRIMARY KEY (`sched_name`, `trigger_name`, `trigger_group`) USING BTREE,
  CONSTRAINT `qrtz_simprop_triggers_ibfk_1` FOREIGN KEY (`sched_name`, `trigger_name`, `trigger_group`) REFERENCES `qrtz_triggers` (`sched_name`, `trigger_name`, `trigger_group`) ON DELETE RESTRICT ON UPDATE RESTRICT
) ENGINE = InnoDB CHARACTER SET = utf8mb4 COLLATE = utf8mb4_general_ci COMMENT = '同步机制的行锁表' ROW_FORMAT = DYNAMIC;

-- ----------------------------
-- Records of qrtz_simprop_triggers
-- ----------------------------

-- ----------------------------
-- Table structure for qrtz_triggers
-- ----------------------------
DROP TABLE IF EXISTS `qrtz_triggers`;
CREATE TABLE `qrtz_triggers`  (
  `sched_name` varchar(120) CHARACTER SET utf8mb4 COLLATE utf8mb4_general_ci NOT NULL COMMENT '调度名称',
  `trigger_name` varchar(200) CHARACTER SET utf8mb4 COLLATE utf8mb4_general_ci NOT NULL COMMENT '触发器的名字',
  `trigger_group` varchar(200) CHARACTER SET utf8mb4 COLLATE utf8mb4_general_ci NOT NULL COMMENT '触发器所属组的名字',
  `job_name` varchar(200) CHARACTER SET utf8mb4 COLLATE utf8mb4_general_ci NOT NULL COMMENT 'qrtz_job_details表job_name的外键',
  `job_group` varchar(200) CHARACTER SET utf8mb4 COLLATE utf8mb4_general_ci NOT NULL COMMENT 'qrtz_job_details表job_group的外键',
  `description` varchar(250) CHARACTER SET utf8mb4 COLLATE utf8mb4_general_ci NULL DEFAULT NULL COMMENT '相关介绍',
  `next_fire_time` bigint(13) NULL DEFAULT NULL COMMENT '上一次触发时间（毫秒）',
  `prev_fire_time` bigint(13) NULL DEFAULT NULL COMMENT '下一次触发时间（默认为-1表示不触发）',
  `priority` int(11) NULL DEFAULT NULL COMMENT '优先级',
  `trigger_state` varchar(16) CHARACTER SET utf8mb4 COLLATE utf8mb4_general_ci NOT NULL COMMENT '触发器状态',
  `trigger_type` varchar(8) CHARACTER SET utf8mb4 COLLATE utf8mb4_general_ci NOT NULL COMMENT '触发器的类型',
  `start_time` bigint(13) NOT NULL COMMENT '开始时间',
  `end_time` bigint(13) NULL DEFAULT NULL COMMENT '结束时间',
  `calendar_name` varchar(200) CHARACTER SET utf8mb4 COLLATE utf8mb4_general_ci NULL DEFAULT NULL COMMENT '日程表名称',
  `misfire_instr` smallint(2) NULL DEFAULT NULL COMMENT '补偿执行的策略',
  `job_data` blob NULL COMMENT '存放持久化job对象',
  PRIMARY KEY (`sched_name`, `trigger_name`, `trigger_group`) USING BTREE,
  INDEX `sched_name`(`sched_name`, `job_name`, `job_group`) USING BTREE,
  CONSTRAINT `qrtz_triggers_ibfk_1` FOREIGN KEY (`sched_name`, `job_name`, `job_group`) REFERENCES `qrtz_job_details` (`sched_name`, `job_name`, `job_group`) ON DELETE RESTRICT ON UPDATE RESTRICT
) ENGINE = InnoDB CHARACTER SET = utf8mb4 COLLATE = utf8mb4_general_ci COMMENT = '触发器详细信息表' ROW_FORMAT = DYNAMIC;

-- ----------------------------
-- Records of qrtz_triggers
-- ----------------------------

-- ----------------------------
-- Table structure for sys_config
-- ----------------------------
DROP TABLE IF EXISTS `sys_config`;
CREATE TABLE `sys_config`  (
  `config_id` int(5) NOT NULL AUTO_INCREMENT COMMENT '参数主键',
  `config_name` varchar(100) CHARACTER SET utf8mb4 COLLATE utf8mb4_general_ci NULL DEFAULT '' COMMENT '参数名称',
  `config_key` varchar(100) CHARACTER SET utf8mb4 COLLATE utf8mb4_general_ci NULL DEFAULT '' COMMENT '参数键名',
  `config_value` varchar(500) CHARACTER SET utf8mb4 COLLATE utf8mb4_general_ci NULL DEFAULT '' COMMENT '参数键值',
  `config_type` char(1) CHARACTER SET utf8mb4 COLLATE utf8mb4_general_ci NULL DEFAULT 'N' COMMENT '系统内置（Y是 N否）',
  `create_by` varchar(64) CHARACTER SET utf8mb4 COLLATE utf8mb4_general_ci NULL DEFAULT '' COMMENT '创建者',
  `create_time` datetime NULL DEFAULT NULL COMMENT '创建时间',
  `update_by` varchar(64) CHARACTER SET utf8mb4 COLLATE utf8mb4_general_ci NULL DEFAULT '' COMMENT '更新者',
  `update_time` datetime NULL DEFAULT NULL COMMENT '更新时间',
  `remark` varchar(500) CHARACTER SET utf8mb4 COLLATE utf8mb4_general_ci NULL DEFAULT NULL COMMENT '备注',
  PRIMARY KEY (`config_id`) USING BTREE
) ENGINE = InnoDB AUTO_INCREMENT = 7 CHARACTER SET = utf8mb4 COLLATE = utf8mb4_general_ci COMMENT = '参数配置表' ROW_FORMAT = DYNAMIC;

-- ----------------------------
-- Records of sys_config
-- ----------------------------
INSERT INTO `sys_config` VALUES (1, '主框架页-默认皮肤样式名称', 'sys.index.skinName', 'skin-blue', 'Y', 'admin', '2023-06-07 14:58:45', '', NULL, '蓝色 skin-blue、绿色 skin-green、紫色 skin-purple、红色 skin-red、黄色 skin-yellow');
INSERT INTO `sys_config` VALUES (2, '用户管理-账号初始密码', 'sys.user.initPassword', '123456', 'Y', 'admin', '2023-06-07 14:58:45', '', NULL, '初始化密码 123456');
INSERT INTO `sys_config` VALUES (3, '主框架页-侧边栏主题', 'sys.index.sideTheme', 'theme-dark', 'Y', 'admin', '2023-06-07 14:58:45', '', NULL, '深色主题theme-dark，浅色主题theme-light');
INSERT INTO `sys_config` VALUES (4, '账号自助-验证码开关', 'sys.account.captchaEnabled', 'true', 'Y', 'admin', '2023-06-07 14:58:45', '', NULL, '是否开启验证码功能（true开启，false关闭）');
INSERT INTO `sys_config` VALUES (5, '账号自助-是否开启用户注册功能', 'sys.account.registerUser', 'false', 'Y', 'admin', '2023-06-07 14:58:45', '', NULL, '是否开启注册用户功能（true开启，false关闭）');
INSERT INTO `sys_config` VALUES (6, '用户登录-黑名单列表', 'sys.login.blackIPList', '', 'Y', 'admin', '2023-06-07 14:58:45', '', NULL, '设置登录IP黑名单限制，多个匹配项以;分隔，支持匹配（*通配、网段）');

-- ----------------------------
-- Table structure for sys_dept
-- ----------------------------
DROP TABLE IF EXISTS `sys_dept`;
CREATE TABLE `sys_dept`  (
  `dept_id` bigint(20) NOT NULL AUTO_INCREMENT COMMENT '部门id',
  `parent_id` bigint(20) NULL DEFAULT 0 COMMENT '父部门id',
  `ancestors` varchar(50) CHARACTER SET utf8mb4 COLLATE utf8mb4_general_ci NULL DEFAULT '' COMMENT '祖级列表',
  `dept_name` varchar(30) CHARACTER SET utf8mb4 COLLATE utf8mb4_general_ci NULL DEFAULT '' COMMENT '部门名称',
  `order_num` int(4) NULL DEFAULT 0 COMMENT '显示顺序',
  `leader` varchar(20) CHARACTER SET utf8mb4 COLLATE utf8mb4_general_ci NULL DEFAULT NULL COMMENT '负责人',
  `phone` varchar(11) CHARACTER SET utf8mb4 COLLATE utf8mb4_general_ci NULL DEFAULT NULL COMMENT '联系电话',
  `email` varchar(50) CHARACTER SET utf8mb4 COLLATE utf8mb4_general_ci NULL DEFAULT NULL COMMENT '邮箱',
  `status` char(1) CHARACTER SET utf8mb4 COLLATE utf8mb4_general_ci NULL DEFAULT '0' COMMENT '部门状态（0正常 1停用）',
  `del_flag` char(1) CHARACTER SET utf8mb4 COLLATE utf8mb4_general_ci NULL DEFAULT '0' COMMENT '删除标志（0代表存在 2代表删除）',
  `create_by` varchar(64) CHARACTER SET utf8mb4 COLLATE utf8mb4_general_ci NULL DEFAULT '' COMMENT '创建者',
  `create_time` datetime NULL DEFAULT NULL COMMENT '创建时间',
  `update_by` varchar(64) CHARACTER SET utf8mb4 COLLATE utf8mb4_general_ci NULL DEFAULT '' COMMENT '更新者',
  `update_time` datetime NULL DEFAULT NULL COMMENT '更新时间',
  PRIMARY KEY (`dept_id`) USING BTREE
) ENGINE = InnoDB AUTO_INCREMENT = 206 CHARACTER SET = utf8mb4 COLLATE = utf8mb4_general_ci COMMENT = '部门表' ROW_FORMAT = DYNAMIC;

-- ----------------------------
-- Records of sys_dept
-- ----------------------------
INSERT INTO `sys_dept` VALUES (100, 0, '0', '贵州聚汇邦企业管理有限公司', 0, '超级管理员', '15888888888', '', '0', '0', 'admin', '2023-06-07 14:58:45', 'admin', '2023-06-14 23:05:44');
INSERT INTO `sys_dept` VALUES (200, 100, '0,100', '销售部', 1, NULL, NULL, NULL, '0', '0', 'admin', '2023-06-07 15:40:34', '', NULL);
INSERT INTO `sys_dept` VALUES (201, 100, '0,100', '研发部', 0, NULL, NULL, NULL, '0', '0', 'admin', '2023-06-07 15:41:57', '', NULL);
INSERT INTO `sys_dept` VALUES (202, 100, '0,100', '人事部', 0, NULL, NULL, NULL, '0', '2', 'admin', '2023-06-07 15:42:04', '', NULL);
INSERT INTO `sys_dept` VALUES (203, 200, '0,100,200', '销售部一组', 1, NULL, NULL, NULL, '0', '0', 'admin', '2023-06-14 23:01:59', '', NULL);
INSERT INTO `sys_dept` VALUES (204, 203, '0,100,200,203', '销售部一组组员', 0, NULL, NULL, NULL, '0', '0', 'admin', '2023-06-14 23:02:20', '', NULL);
INSERT INTO `sys_dept` VALUES (205, 200, '0,100,200', '销售二组', 0, NULL, NULL, NULL, '0', '0', 'admin', '2023-06-15 15:03:26', '', NULL);

-- ----------------------------
-- Table structure for sys_dict_data
-- ----------------------------
DROP TABLE IF EXISTS `sys_dict_data`;
CREATE TABLE `sys_dict_data`  (
  `dict_code` bigint(20) NOT NULL AUTO_INCREMENT COMMENT '字典编码',
  `dict_sort` int(4) NULL DEFAULT 0 COMMENT '字典排序',
  `dict_label` varchar(100) CHARACTER SET utf8mb4 COLLATE utf8mb4_general_ci NULL DEFAULT '' COMMENT '字典标签',
  `dict_value` varchar(100) CHARACTER SET utf8mb4 COLLATE utf8mb4_general_ci NULL DEFAULT '' COMMENT '字典键值',
  `dict_type` varchar(100) CHARACTER SET utf8mb4 COLLATE utf8mb4_general_ci NULL DEFAULT '' COMMENT '字典类型',
  `css_class` varchar(100) CHARACTER SET utf8mb4 COLLATE utf8mb4_general_ci NULL DEFAULT NULL COMMENT '样式属性（其他样式扩展）',
  `list_class` varchar(100) CHARACTER SET utf8mb4 COLLATE utf8mb4_general_ci NULL DEFAULT NULL COMMENT '表格回显样式',
  `is_default` char(1) CHARACTER SET utf8mb4 COLLATE utf8mb4_general_ci NULL DEFAULT 'N' COMMENT '是否默认（Y是 N否）',
  `status` char(1) CHARACTER SET utf8mb4 COLLATE utf8mb4_general_ci NULL DEFAULT '0' COMMENT '状态（0正常 1停用）',
  `create_by` varchar(64) CHARACTER SET utf8mb4 COLLATE utf8mb4_general_ci NULL DEFAULT '' COMMENT '创建者',
  `create_time` datetime NULL DEFAULT NULL COMMENT '创建时间',
  `update_by` varchar(64) CHARACTER SET utf8mb4 COLLATE utf8mb4_general_ci NULL DEFAULT '' COMMENT '更新者',
  `update_time` datetime NULL DEFAULT NULL COMMENT '更新时间',
  `remark` varchar(500) CHARACTER SET utf8mb4 COLLATE utf8mb4_general_ci NULL DEFAULT NULL COMMENT '备注',
  PRIMARY KEY (`dict_code`) USING BTREE
) ENGINE = InnoDB AUTO_INCREMENT = 102 CHARACTER SET = utf8mb4 COLLATE = utf8mb4_general_ci COMMENT = '字典数据表' ROW_FORMAT = DYNAMIC;

-- ----------------------------
-- Records of sys_dict_data
-- ----------------------------
INSERT INTO `sys_dict_data` VALUES (1, 1, '男', '0', 'sys_user_sex', '', '', 'Y', '0', 'admin', '2023-06-07 14:58:45', '', NULL, '性别男');
INSERT INTO `sys_dict_data` VALUES (2, 2, '女', '1', 'sys_user_sex', '', '', 'N', '0', 'admin', '2023-06-07 14:58:45', '', NULL, '性别女');
INSERT INTO `sys_dict_data` VALUES (3, 3, '未知', '2', 'sys_user_sex', '', '', 'N', '0', 'admin', '2023-06-07 14:58:45', '', NULL, '性别未知');
INSERT INTO `sys_dict_data` VALUES (4, 1, '显示', '0', 'sys_show_hide', '', 'primary', 'Y', '0', 'admin', '2023-06-07 14:58:45', '', NULL, '显示菜单');
INSERT INTO `sys_dict_data` VALUES (5, 2, '隐藏', '1', 'sys_show_hide', '', 'danger', 'N', '0', 'admin', '2023-06-07 14:58:45', '', NULL, '隐藏菜单');
INSERT INTO `sys_dict_data` VALUES (6, 1, '正常', '0', 'sys_normal_disable', '', 'primary', 'Y', '0', 'admin', '2023-06-07 14:58:45', '', NULL, '正常状态');
INSERT INTO `sys_dict_data` VALUES (7, 2, '停用', '1', 'sys_normal_disable', '', 'danger', 'N', '0', 'admin', '2023-06-07 14:58:45', '', NULL, '停用状态');
INSERT INTO `sys_dict_data` VALUES (8, 1, '正常', '0', 'sys_job_status', '', 'primary', 'Y', '0', 'admin', '2023-06-07 14:58:45', '', NULL, '正常状态');
INSERT INTO `sys_dict_data` VALUES (9, 2, '暂停', '1', 'sys_job_status', '', 'danger', 'N', '0', 'admin', '2023-06-07 14:58:45', '', NULL, '停用状态');
INSERT INTO `sys_dict_data` VALUES (10, 1, '默认', 'DEFAULT', 'sys_job_group', '', '', 'Y', '0', 'admin', '2023-06-07 14:58:45', '', NULL, '默认分组');
INSERT INTO `sys_dict_data` VALUES (11, 2, '系统', 'SYSTEM', 'sys_job_group', '', '', 'N', '0', 'admin', '2023-06-07 14:58:45', '', NULL, '系统分组');
INSERT INTO `sys_dict_data` VALUES (12, 1, '是', 'Y', 'sys_yes_no', '', 'primary', 'Y', '0', 'admin', '2023-06-07 14:58:45', '', NULL, '系统默认是');
INSERT INTO `sys_dict_data` VALUES (13, 2, '否', 'N', 'sys_yes_no', '', 'danger', 'N', '0', 'admin', '2023-06-07 14:58:45', '', NULL, '系统默认否');
INSERT INTO `sys_dict_data` VALUES (14, 1, '通知', '1', 'sys_notice_type', '', 'warning', 'Y', '0', 'admin', '2023-06-07 14:58:45', '', NULL, '通知');
INSERT INTO `sys_dict_data` VALUES (15, 2, '公告', '2', 'sys_notice_type', '', 'success', 'N', '0', 'admin', '2023-06-07 14:58:45', '', NULL, '公告');
INSERT INTO `sys_dict_data` VALUES (16, 1, '正常', '0', 'sys_notice_status', '', 'primary', 'Y', '0', 'admin', '2023-06-07 14:58:45', '', NULL, '正常状态');
INSERT INTO `sys_dict_data` VALUES (17, 2, '关闭', '1', 'sys_notice_status', '', 'danger', 'N', '0', 'admin', '2023-06-07 14:58:45', '', NULL, '关闭状态');
INSERT INTO `sys_dict_data` VALUES (18, 99, '其他', '0', 'sys_oper_type', '', 'info', 'N', '0', 'admin', '2023-06-07 14:58:45', '', NULL, '其他操作');
INSERT INTO `sys_dict_data` VALUES (19, 1, '新增', '1', 'sys_oper_type', '', 'info', 'N', '0', 'admin', '2023-06-07 14:58:45', '', NULL, '新增操作');
INSERT INTO `sys_dict_data` VALUES (20, 2, '修改', '2', 'sys_oper_type', '', 'info', 'N', '0', 'admin', '2023-06-07 14:58:45', '', NULL, '修改操作');
INSERT INTO `sys_dict_data` VALUES (21, 3, '删除', '3', 'sys_oper_type', '', 'danger', 'N', '0', 'admin', '2023-06-07 14:58:45', '', NULL, '删除操作');
INSERT INTO `sys_dict_data` VALUES (22, 4, '授权', '4', 'sys_oper_type', '', 'primary', 'N', '0', 'admin', '2023-06-07 14:58:45', '', NULL, '授权操作');
INSERT INTO `sys_dict_data` VALUES (23, 5, '导出', '5', 'sys_oper_type', '', 'warning', 'N', '0', 'admin', '2023-06-07 14:58:45', '', NULL, '导出操作');
INSERT INTO `sys_dict_data` VALUES (24, 6, '导入', '6', 'sys_oper_type', '', 'warning', 'N', '0', 'admin', '2023-06-07 14:58:45', '', NULL, '导入操作');
INSERT INTO `sys_dict_data` VALUES (25, 7, '强退', '7', 'sys_oper_type', '', 'danger', 'N', '0', 'admin', '2023-06-07 14:58:45', '', NULL, '强退操作');
INSERT INTO `sys_dict_data` VALUES (26, 8, '生成代码', '8', 'sys_oper_type', '', 'warning', 'N', '0', 'admin', '2023-06-07 14:58:45', '', NULL, '生成操作');
INSERT INTO `sys_dict_data` VALUES (27, 9, '清空数据', '9', 'sys_oper_type', '', 'danger', 'N', '0', 'admin', '2023-06-07 14:58:45', '', NULL, '清空操作');
INSERT INTO `sys_dict_data` VALUES (28, 1, '成功', '0', 'sys_common_status', '', 'primary', 'N', '0', 'admin', '2023-06-07 14:58:45', '', NULL, '正常状态');
INSERT INTO `sys_dict_data` VALUES (29, 2, '失败', '1', 'sys_common_status', '', 'danger', 'N', '0', 'admin', '2023-06-07 14:58:45', '', NULL, '停用状态');
INSERT INTO `sys_dict_data` VALUES (100, 0, '未领用', '0', 'is_use', NULL, 'success', 'N', '0', 'admin', '2023-06-07 15:56:26', '', NULL, NULL);
INSERT INTO `sys_dict_data` VALUES (101, 0, '已领用', '1', 'is_use', NULL, 'danger', 'N', '0', 'admin', '2023-06-07 15:56:41', '', NULL, NULL);

-- ----------------------------
-- Table structure for sys_dict_type
-- ----------------------------
DROP TABLE IF EXISTS `sys_dict_type`;
CREATE TABLE `sys_dict_type`  (
  `dict_id` bigint(20) NOT NULL AUTO_INCREMENT COMMENT '字典主键',
  `dict_name` varchar(100) CHARACTER SET utf8mb4 COLLATE utf8mb4_general_ci NULL DEFAULT '' COMMENT '字典名称',
  `dict_type` varchar(100) CHARACTER SET utf8mb4 COLLATE utf8mb4_general_ci NULL DEFAULT '' COMMENT '字典类型',
  `status` char(1) CHARACTER SET utf8mb4 COLLATE utf8mb4_general_ci NULL DEFAULT '0' COMMENT '状态（0正常 1停用）',
  `create_by` varchar(64) CHARACTER SET utf8mb4 COLLATE utf8mb4_general_ci NULL DEFAULT '' COMMENT '创建者',
  `create_time` datetime NULL DEFAULT NULL COMMENT '创建时间',
  `update_by` varchar(64) CHARACTER SET utf8mb4 COLLATE utf8mb4_general_ci NULL DEFAULT '' COMMENT '更新者',
  `update_time` datetime NULL DEFAULT NULL COMMENT '更新时间',
  `remark` varchar(500) CHARACTER SET utf8mb4 COLLATE utf8mb4_general_ci NULL DEFAULT NULL COMMENT '备注',
  PRIMARY KEY (`dict_id`) USING BTREE,
  UNIQUE INDEX `dict_type`(`dict_type`) USING BTREE
) ENGINE = InnoDB AUTO_INCREMENT = 101 CHARACTER SET = utf8mb4 COLLATE = utf8mb4_general_ci COMMENT = '字典类型表' ROW_FORMAT = DYNAMIC;

-- ----------------------------
-- Records of sys_dict_type
-- ----------------------------
INSERT INTO `sys_dict_type` VALUES (1, '用户性别', 'sys_user_sex', '0', 'admin', '2023-06-07 14:58:45', '', NULL, '用户性别列表');
INSERT INTO `sys_dict_type` VALUES (2, '菜单状态', 'sys_show_hide', '0', 'admin', '2023-06-07 14:58:45', '', NULL, '菜单状态列表');
INSERT INTO `sys_dict_type` VALUES (3, '系统开关', 'sys_normal_disable', '0', 'admin', '2023-06-07 14:58:45', '', NULL, '系统开关列表');
INSERT INTO `sys_dict_type` VALUES (4, '任务状态', 'sys_job_status', '0', 'admin', '2023-06-07 14:58:45', '', NULL, '任务状态列表');
INSERT INTO `sys_dict_type` VALUES (5, '任务分组', 'sys_job_group', '0', 'admin', '2023-06-07 14:58:45', '', NULL, '任务分组列表');
INSERT INTO `sys_dict_type` VALUES (6, '系统是否', 'sys_yes_no', '0', 'admin', '2023-06-07 14:58:45', '', NULL, '系统是否列表');
INSERT INTO `sys_dict_type` VALUES (7, '通知类型', 'sys_notice_type', '0', 'admin', '2023-06-07 14:58:45', '', NULL, '通知类型列表');
INSERT INTO `sys_dict_type` VALUES (8, '通知状态', 'sys_notice_status', '0', 'admin', '2023-06-07 14:58:45', '', NULL, '通知状态列表');
INSERT INTO `sys_dict_type` VALUES (9, '操作类型', 'sys_oper_type', '0', 'admin', '2023-06-07 14:58:45', '', NULL, '操作类型列表');
INSERT INTO `sys_dict_type` VALUES (10, '系统状态', 'sys_common_status', '0', 'admin', '2023-06-07 14:58:45', '', NULL, '登录状态列表');
INSERT INTO `sys_dict_type` VALUES (100, '是否领用', 'is_use', '0', 'admin', '2023-06-07 15:55:55', '', NULL, NULL);

-- ----------------------------
-- Table structure for sys_job
-- ----------------------------
DROP TABLE IF EXISTS `sys_job`;
CREATE TABLE `sys_job`  (
  `job_id` bigint(20) NOT NULL AUTO_INCREMENT COMMENT '任务ID',
  `job_name` varchar(64) CHARACTER SET utf8mb4 COLLATE utf8mb4_general_ci NOT NULL DEFAULT '' COMMENT '任务名称',
  `job_group` varchar(64) CHARACTER SET utf8mb4 COLLATE utf8mb4_general_ci NOT NULL DEFAULT 'DEFAULT' COMMENT '任务组名',
  `invoke_target` varchar(500) CHARACTER SET utf8mb4 COLLATE utf8mb4_general_ci NOT NULL COMMENT '调用目标字符串',
  `cron_expression` varchar(255) CHARACTER SET utf8mb4 COLLATE utf8mb4_general_ci NULL DEFAULT '' COMMENT 'cron执行表达式',
  `misfire_policy` varchar(20) CHARACTER SET utf8mb4 COLLATE utf8mb4_general_ci NULL DEFAULT '3' COMMENT '计划执行错误策略（1立即执行 2执行一次 3放弃执行）',
  `concurrent` char(1) CHARACTER SET utf8mb4 COLLATE utf8mb4_general_ci NULL DEFAULT '1' COMMENT '是否并发执行（0允许 1禁止）',
  `status` char(1) CHARACTER SET utf8mb4 COLLATE utf8mb4_general_ci NULL DEFAULT '0' COMMENT '状态（0正常 1暂停）',
  `create_by` varchar(64) CHARACTER SET utf8mb4 COLLATE utf8mb4_general_ci NULL DEFAULT '' COMMENT '创建者',
  `create_time` datetime NULL DEFAULT NULL COMMENT '创建时间',
  `update_by` varchar(64) CHARACTER SET utf8mb4 COLLATE utf8mb4_general_ci NULL DEFAULT '' COMMENT '更新者',
  `update_time` datetime NULL DEFAULT NULL COMMENT '更新时间',
  `remark` varchar(500) CHARACTER SET utf8mb4 COLLATE utf8mb4_general_ci NULL DEFAULT '' COMMENT '备注信息',
  PRIMARY KEY (`job_id`, `job_name`, `job_group`) USING BTREE
) ENGINE = InnoDB AUTO_INCREMENT = 4 CHARACTER SET = utf8mb4 COLLATE = utf8mb4_general_ci COMMENT = '定时任务调度表' ROW_FORMAT = DYNAMIC;

-- ----------------------------
-- Records of sys_job
-- ----------------------------
INSERT INTO `sys_job` VALUES (1, '系统默认（无参）', 'DEFAULT', 'ryTask.ryNoParams', '0/10 * * * * ?', '3', '1', '1', 'admin', '2023-06-07 14:58:46', '', NULL, '');
INSERT INTO `sys_job` VALUES (2, '系统默认（有参）', 'DEFAULT', 'ryTask.ryParams(\'ry\')', '0/15 * * * * ?', '3', '1', '1', 'admin', '2023-06-07 14:58:46', '', NULL, '');
INSERT INTO `sys_job` VALUES (3, '系统默认（多参）', 'DEFAULT', 'ryTask.ryMultipleParams(\'ry\', true, 2000L, 316.50D, 100)', '0/20 * * * * ?', '3', '1', '1', 'admin', '2023-06-07 14:58:46', '', NULL, '');

-- ----------------------------
-- Table structure for sys_job_log
-- ----------------------------
DROP TABLE IF EXISTS `sys_job_log`;
CREATE TABLE `sys_job_log`  (
  `job_log_id` bigint(20) NOT NULL AUTO_INCREMENT COMMENT '任务日志ID',
  `job_name` varchar(64) CHARACTER SET utf8mb4 COLLATE utf8mb4_general_ci NOT NULL COMMENT '任务名称',
  `job_group` varchar(64) CHARACTER SET utf8mb4 COLLATE utf8mb4_general_ci NOT NULL COMMENT '任务组名',
  `invoke_target` varchar(500) CHARACTER SET utf8mb4 COLLATE utf8mb4_general_ci NOT NULL COMMENT '调用目标字符串',
  `job_message` varchar(500) CHARACTER SET utf8mb4 COLLATE utf8mb4_general_ci NULL DEFAULT NULL COMMENT '日志信息',
  `status` char(1) CHARACTER SET utf8mb4 COLLATE utf8mb4_general_ci NULL DEFAULT '0' COMMENT '执行状态（0正常 1失败）',
  `exception_info` varchar(2000) CHARACTER SET utf8mb4 COLLATE utf8mb4_general_ci NULL DEFAULT '' COMMENT '异常信息',
  `create_time` datetime NULL DEFAULT NULL COMMENT '创建时间',
  PRIMARY KEY (`job_log_id`) USING BTREE
) ENGINE = InnoDB AUTO_INCREMENT = 1 CHARACTER SET = utf8mb4 COLLATE = utf8mb4_general_ci COMMENT = '定时任务调度日志表' ROW_FORMAT = DYNAMIC;

-- ----------------------------
-- Records of sys_job_log
-- ----------------------------

-- ----------------------------
-- Table structure for sys_logininfor
-- ----------------------------
DROP TABLE IF EXISTS `sys_logininfor`;
CREATE TABLE `sys_logininfor`  (
  `info_id` bigint(20) NOT NULL AUTO_INCREMENT COMMENT '访问ID',
  `user_name` varchar(50) CHARACTER SET utf8mb4 COLLATE utf8mb4_general_ci NULL DEFAULT '' COMMENT '用户账号',
  `ipaddr` varchar(128) CHARACTER SET utf8mb4 COLLATE utf8mb4_general_ci NULL DEFAULT '' COMMENT '登录IP地址',
  `login_location` varchar(255) CHARACTER SET utf8mb4 COLLATE utf8mb4_general_ci NULL DEFAULT '' COMMENT '登录地点',
  `browser` varchar(50) CHARACTER SET utf8mb4 COLLATE utf8mb4_general_ci NULL DEFAULT '' COMMENT '浏览器类型',
  `os` varchar(50) CHARACTER SET utf8mb4 COLLATE utf8mb4_general_ci NULL DEFAULT '' COMMENT '操作系统',
  `status` char(1) CHARACTER SET utf8mb4 COLLATE utf8mb4_general_ci NULL DEFAULT '0' COMMENT '登录状态（0成功 1失败）',
  `msg` varchar(255) CHARACTER SET utf8mb4 COLLATE utf8mb4_general_ci NULL DEFAULT '' COMMENT '提示消息',
  `login_time` datetime NULL DEFAULT NULL COMMENT '访问时间',
  PRIMARY KEY (`info_id`) USING BTREE,
  INDEX `idx_sys_logininfor_s`(`status`) USING BTREE,
  INDEX `idx_sys_logininfor_lt`(`login_time`) USING BTREE
) ENGINE = InnoDB AUTO_INCREMENT = 226 CHARACTER SET = utf8mb4 COLLATE = utf8mb4_general_ci COMMENT = '系统访问记录' ROW_FORMAT = DYNAMIC;

-- ----------------------------
-- Records of sys_logininfor
-- ----------------------------
INSERT INTO `sys_logininfor` VALUES (100, 'admin', '127.0.0.1', '内网IP', 'Chrome 11', 'Windows 10', '0', '登录成功', '2023-06-07 15:13:21');
INSERT INTO `sys_logininfor` VALUES (101, 'admin', '127.0.0.1', '内网IP', 'Chrome 11', 'Windows 10', '0', '退出成功', '2023-06-07 15:31:59');
INSERT INTO `sys_logininfor` VALUES (102, 'admin', '127.0.0.1', '内网IP', 'Chrome 11', 'Windows 10', '0', '登录成功', '2023-06-07 15:32:17');
INSERT INTO `sys_logininfor` VALUES (103, 'admin', '127.0.0.1', '内网IP', 'Chrome 11', 'Windows 10', '0', '退出成功', '2023-06-07 15:37:19');
INSERT INTO `sys_logininfor` VALUES (104, 'admin', '127.0.0.1', '内网IP', 'Chrome 11', 'Windows 10', '0', '登录成功', '2023-06-07 15:37:22');
INSERT INTO `sys_logininfor` VALUES (105, 'admin', '127.0.0.1', '内网IP', 'Chrome 11', 'Windows 10', '0', '登录成功', '2023-06-07 16:37:48');
INSERT INTO `sys_logininfor` VALUES (106, 'admin', '127.0.0.1', '内网IP', 'Chrome 11', 'Windows 10', '1', '验证码已失效', '2023-06-07 18:23:44');
INSERT INTO `sys_logininfor` VALUES (107, 'admin', '127.0.0.1', '内网IP', 'Chrome 11', 'Windows 10', '0', '登录成功', '2023-06-07 18:23:47');
INSERT INTO `sys_logininfor` VALUES (108, 'admin', '127.0.0.1', '内网IP', 'Chrome 11', 'Windows 10', '0', '登录成功', '2023-06-07 19:03:51');
INSERT INTO `sys_logininfor` VALUES (109, 'admin', '127.0.0.1', '内网IP', 'Chrome 11', 'Windows 10', '0', '登录成功', '2023-06-07 19:34:47');
INSERT INTO `sys_logininfor` VALUES (110, 'admin', '127.0.0.1', '内网IP', 'Chrome 11', 'Windows 10', '0', '退出成功', '2023-06-07 19:35:25');
INSERT INTO `sys_logininfor` VALUES (111, 'admin', '127.0.0.1', '内网IP', 'Chrome 11', 'Windows 10', '0', '登录成功', '2023-06-07 19:35:33');
INSERT INTO `sys_logininfor` VALUES (112, 'admin', '127.0.0.1', '内网IP', 'Chrome 11', 'Windows 10', '0', '登录成功', '2023-06-07 20:31:35');
INSERT INTO `sys_logininfor` VALUES (113, 'admin', '219.141.106.102', 'XX XX', 'Chrome 11', 'Windows 10', '0', '登录成功', '2023-06-07 21:25:47');
INSERT INTO `sys_logininfor` VALUES (114, 'admin', '103.238.35.131', 'XX XX', 'Chrome 10', 'Windows 7', '1', '验证码错误', '2023-06-07 21:29:56');
INSERT INTO `sys_logininfor` VALUES (115, 'admin', '103.238.35.3', 'XX XX', 'Chrome 10', 'Windows 7', '0', '登录成功', '2023-06-07 21:30:07');
INSERT INTO `sys_logininfor` VALUES (116, 'admin', '127.0.0.1', '内网IP', 'Chrome 11', 'Windows 10', '0', '登录成功', '2023-06-08 18:01:31');
INSERT INTO `sys_logininfor` VALUES (117, 'admin', '127.0.0.1', '内网IP', 'Chrome 11', 'Windows 10', '0', '退出成功', '2023-06-08 19:01:47');
INSERT INTO `sys_logininfor` VALUES (118, 'test1', '127.0.0.1', '内网IP', 'Chrome 11', 'Windows 10', '0', '登录成功', '2023-06-08 19:01:51');
INSERT INTO `sys_logininfor` VALUES (119, 'test1', '127.0.0.1', '内网IP', 'Chrome 11', 'Windows 10', '0', '退出成功', '2023-06-08 19:01:59');
INSERT INTO `sys_logininfor` VALUES (120, 'admin', '127.0.0.1', '内网IP', 'Chrome 11', 'Windows 10', '0', '登录成功', '2023-06-08 19:02:03');
INSERT INTO `sys_logininfor` VALUES (121, 'admin', '127.0.0.1', '内网IP', 'Chrome 11', 'Windows 10', '0', '退出成功', '2023-06-08 19:02:22');
INSERT INTO `sys_logininfor` VALUES (122, 'test1', '127.0.0.1', '内网IP', 'Chrome 11', 'Windows 10', '1', '密码输入错误1次', '2023-06-08 19:02:27');
INSERT INTO `sys_logininfor` VALUES (123, 'test1', '127.0.0.1', '内网IP', 'Chrome 11', 'Windows 10', '1', '用户不存在/密码错误', '2023-06-08 19:02:27');
INSERT INTO `sys_logininfor` VALUES (124, 'test1', '127.0.0.1', '内网IP', 'Chrome 11', 'Windows 10', '0', '登录成功', '2023-06-08 19:02:31');
INSERT INTO `sys_logininfor` VALUES (125, 'test1', '127.0.0.1', '内网IP', 'Chrome 11', 'Windows 10', '0', '退出成功', '2023-06-08 19:04:19');
INSERT INTO `sys_logininfor` VALUES (126, 'admin', '127.0.0.1', '内网IP', 'Chrome 11', 'Windows 10', '0', '登录成功', '2023-06-08 19:04:24');
INSERT INTO `sys_logininfor` VALUES (127, 'admin', '127.0.0.1', '内网IP', 'Chrome 11', 'Windows 10', '0', '退出成功', '2023-06-08 19:04:32');
INSERT INTO `sys_logininfor` VALUES (128, 'test1', '127.0.0.1', '内网IP', 'Chrome 11', 'Windows 10', '0', '登录成功', '2023-06-08 19:04:37');
INSERT INTO `sys_logininfor` VALUES (129, 'test1', '127.0.0.1', '内网IP', 'Chrome 11', 'Windows 10', '0', '退出成功', '2023-06-08 19:44:32');
INSERT INTO `sys_logininfor` VALUES (130, 'admin', '127.0.0.1', '内网IP', 'Chrome 11', 'Windows 10', '0', '登录成功', '2023-06-08 19:44:36');
INSERT INTO `sys_logininfor` VALUES (131, 'admin', '127.0.0.1', '内网IP', 'Chrome 11', 'Windows 10', '0', '退出成功', '2023-06-08 19:46:22');
INSERT INTO `sys_logininfor` VALUES (132, 'test1', '127.0.0.1', '内网IP', 'Chrome 11', 'Windows 10', '0', '登录成功', '2023-06-08 19:46:28');
INSERT INTO `sys_logininfor` VALUES (133, 'test1', '127.0.0.1', '内网IP', 'Chrome 11', 'Windows 10', '0', '退出成功', '2023-06-08 20:52:56');
INSERT INTO `sys_logininfor` VALUES (134, 'admin', '127.0.0.1', '内网IP', 'Chrome 11', 'Windows 10', '0', '登录成功', '2023-06-08 20:53:01');
INSERT INTO `sys_logininfor` VALUES (135, 'admin', '127.0.0.1', '内网IP', 'Chrome 11', 'Windows 10', '0', '退出成功', '2023-06-08 20:55:07');
INSERT INTO `sys_logininfor` VALUES (136, 'test1', '127.0.0.1', '内网IP', 'Chrome 11', 'Windows 10', '0', '登录成功', '2023-06-08 20:55:13');
INSERT INTO `sys_logininfor` VALUES (137, 'test1', '127.0.0.1', '内网IP', 'Chrome 11', 'Windows 10', '0', '登录成功', '2023-06-12 09:54:17');
INSERT INTO `sys_logininfor` VALUES (138, 'admin', '127.0.0.1', '内网IP', 'Chrome 11', 'Windows 10', '0', '登录成功', '2023-06-12 10:12:35');
INSERT INTO `sys_logininfor` VALUES (139, 'admin', '127.0.0.1', '内网IP', 'Chrome 11', 'Windows 10', '0', '登录成功', '2023-06-12 10:18:55');
INSERT INTO `sys_logininfor` VALUES (140, 'test1', '127.0.0.1', '内网IP', 'Chrome 11', 'Windows 10', '0', '登录成功', '2023-06-14 14:56:31');
INSERT INTO `sys_logininfor` VALUES (141, 'test1', '127.0.0.1', '内网IP', 'Chrome 11', 'Windows 10', '1', '用户不存在/密码错误', '2023-06-14 16:20:53');
INSERT INTO `sys_logininfor` VALUES (142, 'test1', '127.0.0.1', '内网IP', 'Chrome 11', 'Windows 10', '1', '密码输入错误1次', '2023-06-14 16:20:53');
INSERT INTO `sys_logininfor` VALUES (143, 'test1', '127.0.0.1', '内网IP', 'Chrome 11', 'Windows 10', '0', '登录成功', '2023-06-14 16:20:59');
INSERT INTO `sys_logininfor` VALUES (144, 'test1', '127.0.0.1', '内网IP', 'Chrome 11', 'Windows 10', '0', '退出成功', '2023-06-14 16:32:39');
INSERT INTO `sys_logininfor` VALUES (145, 'admin', '127.0.0.1', '内网IP', 'Chrome 11', 'Windows 10', '1', '验证码错误', '2023-06-14 16:32:45');
INSERT INTO `sys_logininfor` VALUES (146, 'admin', '127.0.0.1', '内网IP', 'Chrome 11', 'Windows 10', '1', '验证码错误', '2023-06-14 16:32:47');
INSERT INTO `sys_logininfor` VALUES (147, 'admin', '127.0.0.1', '内网IP', 'Chrome 11', 'Windows 10', '0', '登录成功', '2023-06-14 16:32:49');
INSERT INTO `sys_logininfor` VALUES (148, 'admin', '127.0.0.1', '内网IP', 'Chrome 11', 'Windows 10', '0', '退出成功', '2023-06-14 17:03:35');
INSERT INTO `sys_logininfor` VALUES (149, 'test1', '127.0.0.1', '内网IP', 'Chrome 11', 'Windows 10', '0', '登录成功', '2023-06-14 17:03:41');
INSERT INTO `sys_logininfor` VALUES (150, 'admin', '219.141.106.102', 'XX XX', 'Chrome 11', 'Windows 10', '0', '登录成功', '2023-06-14 20:45:18');
INSERT INTO `sys_logininfor` VALUES (151, 'admin', '219.141.106.102', 'XX XX', 'Chrome 11', 'Windows 10', '0', '退出成功', '2023-06-14 20:48:20');
INSERT INTO `sys_logininfor` VALUES (152, 'admin', '219.141.106.102', 'XX XX', 'Chrome 11', 'Windows 10', '0', '登录成功', '2023-06-14 20:48:56');
INSERT INTO `sys_logininfor` VALUES (153, 'admin', '219.141.106.102', 'XX XX', 'Chrome 11', 'Windows 10', '0', '退出成功', '2023-06-14 20:55:07');
INSERT INTO `sys_logininfor` VALUES (154, 'admin', '219.141.106.102', 'XX XX', 'Chrome 11', 'Windows 10', '0', '登录成功', '2023-06-14 20:55:11');
INSERT INTO `sys_logininfor` VALUES (155, 'admin', '43.247.209.216', 'XX XX', 'Chrome 10', 'Windows 10', '0', '登录成功', '2023-06-14 21:01:26');
INSERT INTO `sys_logininfor` VALUES (156, 'admin', '219.141.106.102', 'XX XX', 'Chrome 11', 'Windows 10', '0', '登录成功', '2023-06-14 21:02:46');
INSERT INTO `sys_logininfor` VALUES (157, 'admin', '219.141.106.102', 'XX XX', 'Chrome 11', 'Windows 10', '0', '登录成功', '2023-06-14 21:05:22');
INSERT INTO `sys_logininfor` VALUES (158, 'admin', '43.247.209.216', 'XX XX', 'Chrome 10', 'Windows 10', '0', '退出成功', '2023-06-14 21:08:05');
INSERT INTO `sys_logininfor` VALUES (159, '小伟', '43.247.209.216', 'XX XX', 'Chrome 10', 'Windows 10', '0', '登录成功', '2023-06-14 21:08:16');
INSERT INTO `sys_logininfor` VALUES (160, '小伟', '43.247.209.216', 'XX XX', 'Chrome 10', 'Windows 10', '0', '退出成功', '2023-06-14 21:11:00');
INSERT INTO `sys_logininfor` VALUES (161, 'admin', '43.247.209.216', 'XX XX', 'Chrome 10', 'Windows 10', '0', '登录成功', '2023-06-14 21:11:13');
INSERT INTO `sys_logininfor` VALUES (162, 'admin', '43.247.209.216', 'XX XX', 'Chrome 10', 'Windows 10', '0', '退出成功', '2023-06-14 21:34:56');
INSERT INTO `sys_logininfor` VALUES (163, '小伟', '43.247.209.216', 'XX XX', 'Chrome 10', 'Windows 10', '0', '登录成功', '2023-06-14 21:35:01');
INSERT INTO `sys_logininfor` VALUES (164, 'admin', '43.247.209.216', 'XX XX', 'Chrome 11', 'Windows 10', '0', '登录成功', '2023-06-14 21:50:22');
INSERT INTO `sys_logininfor` VALUES (165, 'admin', '43.247.209.216', 'XX XX', 'Chrome 10', 'Windows 10', '0', '登录成功', '2023-06-14 22:25:08');
INSERT INTO `sys_logininfor` VALUES (166, 'admin', '43.247.209.216', 'XX XX', 'Chrome 10', 'Windows 10', '0', '退出成功', '2023-06-14 22:25:32');
INSERT INTO `sys_logininfor` VALUES (167, '小伟', '43.247.209.216', 'XX XX', 'Chrome 10', 'Windows 10', '0', '登录成功', '2023-06-14 22:25:40');
INSERT INTO `sys_logininfor` VALUES (168, '小伟', '43.247.209.216', 'XX XX', 'Chrome 10', 'Windows 10', '0', '退出成功', '2023-06-14 22:38:51');
INSERT INTO `sys_logininfor` VALUES (169, '小伟', '43.247.209.216', 'XX XX', 'Chrome 10', 'Windows 10', '0', '登录成功', '2023-06-14 22:39:00');
INSERT INTO `sys_logininfor` VALUES (170, '小伟', '43.247.209.216', 'XX XX', 'Chrome 10', 'Windows 10', '0', '退出成功', '2023-06-14 22:48:58');
INSERT INTO `sys_logininfor` VALUES (171, 'admin', '43.247.209.216', 'XX XX', 'Chrome 10', 'Windows 10', '0', '登录成功', '2023-06-14 22:49:09');
INSERT INTO `sys_logininfor` VALUES (172, 'admin', '43.247.209.216', 'XX XX', 'Chrome 10', 'Windows 10', '0', '退出成功', '2023-06-14 22:54:49');
INSERT INTO `sys_logininfor` VALUES (173, 'admin', '43.247.209.216', 'XX XX', 'Chrome 10', 'Windows 10', '0', '登录成功', '2023-06-14 23:01:09');
INSERT INTO `sys_logininfor` VALUES (174, 'admin', '43.247.209.216', 'XX XX', 'Chrome 10', 'Windows 10', '0', '退出成功', '2023-06-14 23:33:45');
INSERT INTO `sys_logininfor` VALUES (175, '黄柯', '43.247.209.216', 'XX XX', 'Chrome 10', 'Windows 10', '0', '登录成功', '2023-06-14 23:34:04');
INSERT INTO `sys_logininfor` VALUES (176, '黄柯', '43.247.209.216', 'XX XX', 'Chrome 10', 'Windows 10', '0', '退出成功', '2023-06-14 23:39:03');
INSERT INTO `sys_logininfor` VALUES (177, 'admin', '43.247.209.216', 'XX XX', 'Chrome 10', 'Windows 10', '0', '登录成功', '2023-06-14 23:39:10');
INSERT INTO `sys_logininfor` VALUES (178, 'admin', '43.247.209.216', 'XX XX', 'Chrome 10', 'Windows 10', '0', '退出成功', '2023-06-14 23:48:09');
INSERT INTO `sys_logininfor` VALUES (179, '黄柯', '43.247.209.216', 'XX XX', 'Chrome 10', 'Windows 10', '0', '登录成功', '2023-06-14 23:48:27');
INSERT INTO `sys_logininfor` VALUES (180, '黄柯', '43.247.209.216', 'XX XX', 'Chrome 10', 'Windows 10', '0', '退出成功', '2023-06-14 23:50:29');
INSERT INTO `sys_logininfor` VALUES (181, '胡永顺', '43.247.209.216', 'XX XX', 'Chrome 10', 'Windows 10', '0', '登录成功', '2023-06-14 23:50:40');
INSERT INTO `sys_logininfor` VALUES (182, '胡永顺', '43.247.209.216', 'XX XX', 'Chrome 10', 'Windows 10', '0', '退出成功', '2023-06-14 23:50:52');
INSERT INTO `sys_logininfor` VALUES (183, '胡永超', '43.247.209.216', 'XX XX', 'Chrome 10', 'Windows 10', '0', '登录成功', '2023-06-14 23:51:02');
INSERT INTO `sys_logininfor` VALUES (184, '胡永超', '43.247.209.216', 'XX XX', 'Chrome 10', 'Windows 10', '0', '退出成功', '2023-06-14 23:53:19');
INSERT INTO `sys_logininfor` VALUES (185, 'admin', '43.247.209.216', 'XX XX', 'Chrome 10', 'Windows 10', '1', '密码输入错误1次', '2023-06-14 23:53:30');
INSERT INTO `sys_logininfor` VALUES (186, 'admin', '43.247.209.216', 'XX XX', 'Chrome 10', 'Windows 10', '1', '用户不存在/密码错误', '2023-06-14 23:53:30');
INSERT INTO `sys_logininfor` VALUES (187, 'admin', '43.247.209.216', 'XX XX', 'Chrome 10', 'Windows 10', '0', '登录成功', '2023-06-14 23:53:34');
INSERT INTO `sys_logininfor` VALUES (188, 'admin', '43.247.209.216', 'XX XX', 'Chrome 10', 'Windows 10', '0', '退出成功', '2023-06-15 00:04:11');
INSERT INTO `sys_logininfor` VALUES (189, '黄柯', '43.247.209.216', 'XX XX', 'Chrome 10', 'Windows 10', '0', '登录成功', '2023-06-15 00:04:17');
INSERT INTO `sys_logininfor` VALUES (190, '黄柯', '127.0.0.1', '内网IP', 'Chrome 11', 'Windows 10', '0', '登录成功', '2023-06-15 09:11:08');
INSERT INTO `sys_logininfor` VALUES (191, 'admin', '127.0.0.1', '内网IP', 'Chrome 11', 'Windows 10', '0', '登录成功', '2023-06-15 10:00:36');
INSERT INTO `sys_logininfor` VALUES (192, 'admin', '127.0.0.1', '内网IP', 'Chrome 11', 'Windows 10', '0', '登录成功', '2023-06-15 10:00:56');
INSERT INTO `sys_logininfor` VALUES (193, 'admin', '127.0.0.1', '内网IP', 'Chrome 11', 'Windows 10', '0', '退出成功', '2023-06-15 10:00:59');
INSERT INTO `sys_logininfor` VALUES (194, '黄柯', '127.0.0.1', '内网IP', 'Chrome 11', 'Windows 10', '0', '登录成功', '2023-06-15 10:01:05');
INSERT INTO `sys_logininfor` VALUES (195, 'admin', '127.0.0.1', '内网IP', 'Chrome 11', 'Windows 10', '0', '登录成功', '2023-06-15 14:44:25');
INSERT INTO `sys_logininfor` VALUES (196, 'test', '127.0.0.1', '内网IP', 'Chrome 11', 'Windows 10', '0', '登录成功', '2023-06-15 15:05:16');
INSERT INTO `sys_logininfor` VALUES (197, 'test', '127.0.0.1', '内网IP', 'Chrome 11', 'Windows 10', '0', '退出成功', '2023-06-15 15:10:32');
INSERT INTO `sys_logininfor` VALUES (198, 'test2', '127.0.0.1', '内网IP', 'Chrome 11', 'Windows 10', '0', '登录成功', '2023-06-15 15:10:36');
INSERT INTO `sys_logininfor` VALUES (199, 'test2', '127.0.0.1', '内网IP', 'Chrome 11', 'Windows 10', '0', '退出成功', '2023-06-15 15:10:51');
INSERT INTO `sys_logininfor` VALUES (200, 'test3', '127.0.0.1', '内网IP', 'Chrome 11', 'Windows 10', '0', '登录成功', '2023-06-15 15:10:57');
INSERT INTO `sys_logininfor` VALUES (201, 'test3', '127.0.0.1', '内网IP', 'Chrome 11', 'Windows 10', '0', '退出成功', '2023-06-15 15:13:54');
INSERT INTO `sys_logininfor` VALUES (202, 'test1', '127.0.0.1', '内网IP', 'Chrome 11', 'Windows 10', '0', '登录成功', '2023-06-15 15:14:00');
INSERT INTO `sys_logininfor` VALUES (203, 'test1', '127.0.0.1', '内网IP', 'Chrome 11', 'Windows 10', '0', '退出成功', '2023-06-15 15:20:00');
INSERT INTO `sys_logininfor` VALUES (204, 'test1', '127.0.0.1', '内网IP', 'Chrome 11', 'Windows 10', '0', '登录成功', '2023-06-15 15:20:04');
INSERT INTO `sys_logininfor` VALUES (205, 'test1', '127.0.0.1', '内网IP', 'Chrome 11', 'Windows 10', '0', '退出成功', '2023-06-15 15:20:21');
INSERT INTO `sys_logininfor` VALUES (206, 'test', '127.0.0.1', '内网IP', 'Chrome 11', 'Windows 10', '0', '登录成功', '2023-06-15 15:20:25');
INSERT INTO `sys_logininfor` VALUES (207, 'test', '127.0.0.1', '内网IP', 'Chrome 11', 'Windows 10', '0', '退出成功', '2023-06-15 15:20:36');
INSERT INTO `sys_logininfor` VALUES (208, 'test2', '127.0.0.1', '内网IP', 'Chrome 11', 'Windows 10', '0', '登录成功', '2023-06-15 15:20:40');
INSERT INTO `sys_logininfor` VALUES (209, 'test2', '127.0.0.1', '内网IP', 'Chrome 11', 'Windows 10', '0', '退出成功', '2023-06-15 15:20:58');
INSERT INTO `sys_logininfor` VALUES (210, 'test3', '127.0.0.1', '内网IP', 'Chrome 11', 'Windows 10', '0', '登录成功', '2023-06-15 15:21:04');
INSERT INTO `sys_logininfor` VALUES (211, 'test3', '127.0.0.1', '内网IP', 'Chrome 11', 'Windows 10', '0', '退出成功', '2023-06-15 15:21:16');
INSERT INTO `sys_logininfor` VALUES (212, 'demo', '127.0.0.1', '内网IP', 'Chrome 11', 'Windows 10', '0', '登录成功', '2023-06-15 15:21:19');
INSERT INTO `sys_logininfor` VALUES (213, 'demo', '127.0.0.1', '内网IP', 'Chrome 11', 'Windows 10', '0', '退出成功', '2023-06-15 15:25:33');
INSERT INTO `sys_logininfor` VALUES (214, 'test', '127.0.0.1', '内网IP', 'Chrome 11', 'Windows 10', '1', '密码输入错误1次', '2023-06-15 15:25:37');
INSERT INTO `sys_logininfor` VALUES (215, 'test', '127.0.0.1', '内网IP', 'Chrome 11', 'Windows 10', '1', '用户不存在/密码错误', '2023-06-15 15:25:37');
INSERT INTO `sys_logininfor` VALUES (216, 'test', '127.0.0.1', '内网IP', 'Chrome 11', 'Windows 10', '0', '登录成功', '2023-06-15 15:25:40');
INSERT INTO `sys_logininfor` VALUES (217, 'test', '127.0.0.1', '内网IP', 'Chrome 11', 'Windows 10', '0', '退出成功', '2023-06-15 15:33:52');
INSERT INTO `sys_logininfor` VALUES (218, 'test1', '127.0.0.1', '内网IP', 'Chrome 11', 'Windows 10', '0', '登录成功', '2023-06-15 15:33:56');
INSERT INTO `sys_logininfor` VALUES (219, 'test1', '127.0.0.1', '内网IP', 'Chrome 11', 'Windows 10', '0', '退出成功', '2023-06-15 15:34:07');
INSERT INTO `sys_logininfor` VALUES (220, 'test2', '127.0.0.1', '内网IP', 'Chrome 11', 'Windows 10', '0', '登录成功', '2023-06-15 15:34:11');
INSERT INTO `sys_logininfor` VALUES (221, 'test2', '127.0.0.1', '内网IP', 'Chrome 11', 'Windows 10', '0', '退出成功', '2023-06-15 15:34:21');
INSERT INTO `sys_logininfor` VALUES (222, 'test3', '127.0.0.1', '内网IP', 'Chrome 11', 'Windows 10', '0', '登录成功', '2023-06-15 15:34:25');
INSERT INTO `sys_logininfor` VALUES (223, 'test3', '127.0.0.1', '内网IP', 'Chrome 11', 'Windows 10', '0', '退出成功', '2023-06-15 15:34:47');
INSERT INTO `sys_logininfor` VALUES (224, 'demo', '127.0.0.1', '内网IP', 'Chrome 11', 'Windows 10', '0', '登录成功', '2023-06-15 15:34:50');
INSERT INTO `sys_logininfor` VALUES (225, 'admin', '127.0.0.1', '内网IP', 'Chrome 11', 'Windows 10', '0', '登录成功', '2023-06-20 14:59:59');

-- ----------------------------
-- Table structure for sys_menu
-- ----------------------------
DROP TABLE IF EXISTS `sys_menu`;
CREATE TABLE `sys_menu`  (
  `menu_id` bigint(20) NOT NULL AUTO_INCREMENT COMMENT '菜单ID',
  `menu_name` varchar(50) CHARACTER SET utf8mb4 COLLATE utf8mb4_general_ci NOT NULL COMMENT '菜单名称',
  `parent_id` bigint(20) NULL DEFAULT 0 COMMENT '父菜单ID',
  `order_num` int(4) NULL DEFAULT 0 COMMENT '显示顺序',
  `path` varchar(200) CHARACTER SET utf8mb4 COLLATE utf8mb4_general_ci NULL DEFAULT '' COMMENT '路由地址',
  `component` varchar(255) CHARACTER SET utf8mb4 COLLATE utf8mb4_general_ci NULL DEFAULT NULL COMMENT '组件路径',
  `query` varchar(255) CHARACTER SET utf8mb4 COLLATE utf8mb4_general_ci NULL DEFAULT NULL COMMENT '路由参数',
  `is_frame` int(1) NULL DEFAULT 1 COMMENT '是否为外链（0是 1否）',
  `is_cache` int(1) NULL DEFAULT 0 COMMENT '是否缓存（0缓存 1不缓存）',
  `menu_type` char(1) CHARACTER SET utf8mb4 COLLATE utf8mb4_general_ci NULL DEFAULT '' COMMENT '菜单类型（M目录 C菜单 F按钮）',
  `visible` char(1) CHARACTER SET utf8mb4 COLLATE utf8mb4_general_ci NULL DEFAULT '0' COMMENT '菜单状态（0显示 1隐藏）',
  `status` char(1) CHARACTER SET utf8mb4 COLLATE utf8mb4_general_ci NULL DEFAULT '0' COMMENT '菜单状态（0正常 1停用）',
  `perms` varchar(100) CHARACTER SET utf8mb4 COLLATE utf8mb4_general_ci NULL DEFAULT NULL COMMENT '权限标识',
  `icon` varchar(100) CHARACTER SET utf8mb4 COLLATE utf8mb4_general_ci NULL DEFAULT '#' COMMENT '菜单图标',
  `create_by` varchar(64) CHARACTER SET utf8mb4 COLLATE utf8mb4_general_ci NULL DEFAULT '' COMMENT '创建者',
  `create_time` datetime NULL DEFAULT NULL COMMENT '创建时间',
  `update_by` varchar(64) CHARACTER SET utf8mb4 COLLATE utf8mb4_general_ci NULL DEFAULT '' COMMENT '更新者',
  `update_time` datetime NULL DEFAULT NULL COMMENT '更新时间',
  `remark` varchar(500) CHARACTER SET utf8mb4 COLLATE utf8mb4_general_ci NULL DEFAULT '' COMMENT '备注',
  PRIMARY KEY (`menu_id`) USING BTREE
) ENGINE = InnoDB AUTO_INCREMENT = 2032 CHARACTER SET = utf8mb4 COLLATE = utf8mb4_general_ci COMMENT = '菜单权限表' ROW_FORMAT = DYNAMIC;

-- ----------------------------
-- Records of sys_menu
-- ----------------------------
INSERT INTO `sys_menu` VALUES (1, '系统管理', 0, 101, 'system', NULL, '', 1, 0, 'M', '0', '0', '', 'system', 'admin', '2023-06-07 14:58:45', 'admin', '2023-06-07 16:32:17', '系统管理目录');
INSERT INTO `sys_menu` VALUES (2, '系统监控', 0, 102, 'monitor', NULL, '', 1, 0, 'M', '0', '0', '', 'monitor', 'admin', '2023-06-07 14:58:45', 'admin', '2023-06-07 16:32:25', '系统监控目录');
INSERT INTO `sys_menu` VALUES (3, '系统工具', 0, 103, 'tool', NULL, '', 1, 0, 'M', '0', '0', '', 'tool', 'admin', '2023-06-07 14:58:45', 'admin', '2023-06-07 16:32:29', '系统工具目录');
INSERT INTO `sys_menu` VALUES (100, '用户管理', 1, 1, 'user', 'system/user/index', '', 1, 0, 'C', '0', '0', 'system:user:list', 'user', 'admin', '2023-06-07 14:58:45', '', NULL, '用户管理菜单');
INSERT INTO `sys_menu` VALUES (101, '角色管理', 1, 2, 'role', 'system/role/index', '', 1, 0, 'C', '0', '0', 'system:role:list', 'peoples', 'admin', '2023-06-07 14:58:45', '', NULL, '角色管理菜单');
INSERT INTO `sys_menu` VALUES (102, '菜单管理', 1, 3, 'menu', 'system/menu/index', '', 1, 0, 'C', '0', '0', 'system:menu:list', 'tree-table', 'admin', '2023-06-07 14:58:45', '', NULL, '菜单管理菜单');
INSERT INTO `sys_menu` VALUES (103, '部门管理', 1, 4, 'dept', 'system/dept/index', '', 1, 0, 'C', '0', '0', 'system:dept:list', 'tree', 'admin', '2023-06-07 14:58:45', '', NULL, '部门管理菜单');
INSERT INTO `sys_menu` VALUES (104, '岗位管理', 1, 5, 'post', 'system/post/index', '', 1, 0, 'C', '0', '0', 'system:post:list', 'post', 'admin', '2023-06-07 14:58:45', '', NULL, '岗位管理菜单');
INSERT INTO `sys_menu` VALUES (105, '字典管理', 1, 6, 'dict', 'system/dict/index', '', 1, 0, 'C', '0', '0', 'system:dict:list', 'dict', 'admin', '2023-06-07 14:58:45', '', NULL, '字典管理菜单');
INSERT INTO `sys_menu` VALUES (106, '参数设置', 1, 7, 'config', 'system/config/index', '', 1, 0, 'C', '0', '0', 'system:config:list', 'edit', 'admin', '2023-06-07 14:58:45', '', NULL, '参数设置菜单');
INSERT INTO `sys_menu` VALUES (107, '通知公告', 1, 8, 'notice', 'system/notice/index', '', 1, 0, 'C', '0', '0', 'system:notice:list', 'message', 'admin', '2023-06-07 14:58:45', '', NULL, '通知公告菜单');
INSERT INTO `sys_menu` VALUES (108, '日志管理', 1, 9, 'log', '', '', 1, 0, 'M', '0', '0', '', 'log', 'admin', '2023-06-07 14:58:45', '', NULL, '日志管理菜单');
INSERT INTO `sys_menu` VALUES (109, '在线用户', 2, 1, 'online', 'monitor/online/index', '', 1, 0, 'C', '0', '0', 'monitor:online:list', 'online', 'admin', '2023-06-07 14:58:45', '', NULL, '在线用户菜单');
INSERT INTO `sys_menu` VALUES (110, '定时任务', 2, 2, 'job', 'monitor/job/index', '', 1, 0, 'C', '0', '0', 'monitor:job:list', 'job', 'admin', '2023-06-07 14:58:45', '', NULL, '定时任务菜单');
INSERT INTO `sys_menu` VALUES (111, '数据监控', 2, 3, 'druid', 'monitor/druid/index', '', 1, 0, 'C', '0', '0', 'monitor:druid:list', 'druid', 'admin', '2023-06-07 14:58:45', '', NULL, '数据监控菜单');
INSERT INTO `sys_menu` VALUES (112, '服务监控', 2, 4, 'server', 'monitor/server/index', '', 1, 0, 'C', '0', '0', 'monitor:server:list', 'server', 'admin', '2023-06-07 14:58:45', '', NULL, '服务监控菜单');
INSERT INTO `sys_menu` VALUES (113, '缓存监控', 2, 5, 'cache', 'monitor/cache/index', '', 1, 0, 'C', '0', '0', 'monitor:cache:list', 'redis', 'admin', '2023-06-07 14:58:45', '', NULL, '缓存监控菜单');
INSERT INTO `sys_menu` VALUES (114, '缓存列表', 2, 6, 'cacheList', 'monitor/cache/list', '', 1, 0, 'C', '0', '0', 'monitor:cache:list', 'redis-list', 'admin', '2023-06-07 14:58:45', '', NULL, '缓存列表菜单');
INSERT INTO `sys_menu` VALUES (115, '表单构建', 3, 1, 'build', 'tool/build/index', '', 1, 0, 'C', '0', '0', 'tool:build:list', 'build', 'admin', '2023-06-07 14:58:45', '', NULL, '表单构建菜单');
INSERT INTO `sys_menu` VALUES (116, '代码生成', 3, 2, 'gen', 'tool/gen/index', '', 1, 0, 'C', '0', '0', 'tool:gen:list', 'code', 'admin', '2023-06-07 14:58:45', '', NULL, '代码生成菜单');
INSERT INTO `sys_menu` VALUES (117, '系统接口', 3, 3, 'swagger', 'tool/swagger/index', '', 1, 0, 'C', '0', '0', 'tool:swagger:list', 'swagger', 'admin', '2023-06-07 14:58:45', '', NULL, '系统接口菜单');
INSERT INTO `sys_menu` VALUES (500, '操作日志', 108, 1, 'operlog', 'monitor/operlog/index', '', 1, 0, 'C', '0', '0', 'monitor:operlog:list', 'form', 'admin', '2023-06-07 14:58:45', '', NULL, '操作日志菜单');
INSERT INTO `sys_menu` VALUES (501, '登录日志', 108, 2, 'logininfor', 'monitor/logininfor/index', '', 1, 0, 'C', '0', '0', 'monitor:logininfor:list', 'logininfor', 'admin', '2023-06-07 14:58:45', '', NULL, '登录日志菜单');
INSERT INTO `sys_menu` VALUES (1000, '用户查询', 100, 1, '', '', '', 1, 0, 'F', '0', '0', 'system:user:query', '#', 'admin', '2023-06-07 14:58:45', '', NULL, '');
INSERT INTO `sys_menu` VALUES (1001, '用户新增', 100, 2, '', '', '', 1, 0, 'F', '0', '0', 'system:user:add', '#', 'admin', '2023-06-07 14:58:45', '', NULL, '');
INSERT INTO `sys_menu` VALUES (1002, '用户修改', 100, 3, '', '', '', 1, 0, 'F', '0', '0', 'system:user:edit', '#', 'admin', '2023-06-07 14:58:45', '', NULL, '');
INSERT INTO `sys_menu` VALUES (1003, '用户删除', 100, 4, '', '', '', 1, 0, 'F', '0', '0', 'system:user:remove', '#', 'admin', '2023-06-07 14:58:45', '', NULL, '');
INSERT INTO `sys_menu` VALUES (1004, '用户导出', 100, 5, '', '', '', 1, 0, 'F', '0', '0', 'system:user:export', '#', 'admin', '2023-06-07 14:58:45', '', NULL, '');
INSERT INTO `sys_menu` VALUES (1005, '用户导入', 100, 6, '', '', '', 1, 0, 'F', '0', '0', 'system:user:import', '#', 'admin', '2023-06-07 14:58:45', '', NULL, '');
INSERT INTO `sys_menu` VALUES (1006, '重置密码', 100, 7, '', '', '', 1, 0, 'F', '0', '0', 'system:user:resetPwd', '#', 'admin', '2023-06-07 14:58:45', '', NULL, '');
INSERT INTO `sys_menu` VALUES (1007, '角色查询', 101, 1, '', '', '', 1, 0, 'F', '0', '0', 'system:role:query', '#', 'admin', '2023-06-07 14:58:45', '', NULL, '');
INSERT INTO `sys_menu` VALUES (1008, '角色新增', 101, 2, '', '', '', 1, 0, 'F', '0', '0', 'system:role:add', '#', 'admin', '2023-06-07 14:58:45', '', NULL, '');
INSERT INTO `sys_menu` VALUES (1009, '角色修改', 101, 3, '', '', '', 1, 0, 'F', '0', '0', 'system:role:edit', '#', 'admin', '2023-06-07 14:58:45', '', NULL, '');
INSERT INTO `sys_menu` VALUES (1010, '角色删除', 101, 4, '', '', '', 1, 0, 'F', '0', '0', 'system:role:remove', '#', 'admin', '2023-06-07 14:58:45', '', NULL, '');
INSERT INTO `sys_menu` VALUES (1011, '角色导出', 101, 5, '', '', '', 1, 0, 'F', '0', '0', 'system:role:export', '#', 'admin', '2023-06-07 14:58:45', '', NULL, '');
INSERT INTO `sys_menu` VALUES (1012, '菜单查询', 102, 1, '', '', '', 1, 0, 'F', '0', '0', 'system:menu:query', '#', 'admin', '2023-06-07 14:58:45', '', NULL, '');
INSERT INTO `sys_menu` VALUES (1013, '菜单新增', 102, 2, '', '', '', 1, 0, 'F', '0', '0', 'system:menu:add', '#', 'admin', '2023-06-07 14:58:45', '', NULL, '');
INSERT INTO `sys_menu` VALUES (1014, '菜单修改', 102, 3, '', '', '', 1, 0, 'F', '0', '0', 'system:menu:edit', '#', 'admin', '2023-06-07 14:58:45', '', NULL, '');
INSERT INTO `sys_menu` VALUES (1015, '菜单删除', 102, 4, '', '', '', 1, 0, 'F', '0', '0', 'system:menu:remove', '#', 'admin', '2023-06-07 14:58:45', '', NULL, '');
INSERT INTO `sys_menu` VALUES (1016, '部门查询', 103, 1, '', '', '', 1, 0, 'F', '0', '0', 'system:dept:query', '#', 'admin', '2023-06-07 14:58:45', '', NULL, '');
INSERT INTO `sys_menu` VALUES (1017, '部门新增', 103, 2, '', '', '', 1, 0, 'F', '0', '0', 'system:dept:add', '#', 'admin', '2023-06-07 14:58:45', '', NULL, '');
INSERT INTO `sys_menu` VALUES (1018, '部门修改', 103, 3, '', '', '', 1, 0, 'F', '0', '0', 'system:dept:edit', '#', 'admin', '2023-06-07 14:58:45', '', NULL, '');
INSERT INTO `sys_menu` VALUES (1019, '部门删除', 103, 4, '', '', '', 1, 0, 'F', '0', '0', 'system:dept:remove', '#', 'admin', '2023-06-07 14:58:45', '', NULL, '');
INSERT INTO `sys_menu` VALUES (1020, '岗位查询', 104, 1, '', '', '', 1, 0, 'F', '0', '0', 'system:post:query', '#', 'admin', '2023-06-07 14:58:45', '', NULL, '');
INSERT INTO `sys_menu` VALUES (1021, '岗位新增', 104, 2, '', '', '', 1, 0, 'F', '0', '0', 'system:post:add', '#', 'admin', '2023-06-07 14:58:45', '', NULL, '');
INSERT INTO `sys_menu` VALUES (1022, '岗位修改', 104, 3, '', '', '', 1, 0, 'F', '0', '0', 'system:post:edit', '#', 'admin', '2023-06-07 14:58:45', '', NULL, '');
INSERT INTO `sys_menu` VALUES (1023, '岗位删除', 104, 4, '', '', '', 1, 0, 'F', '0', '0', 'system:post:remove', '#', 'admin', '2023-06-07 14:58:45', '', NULL, '');
INSERT INTO `sys_menu` VALUES (1024, '岗位导出', 104, 5, '', '', '', 1, 0, 'F', '0', '0', 'system:post:export', '#', 'admin', '2023-06-07 14:58:45', '', NULL, '');
INSERT INTO `sys_menu` VALUES (1025, '字典查询', 105, 1, '#', '', '', 1, 0, 'F', '0', '0', 'system:dict:query', '#', 'admin', '2023-06-07 14:58:45', '', NULL, '');
INSERT INTO `sys_menu` VALUES (1026, '字典新增', 105, 2, '#', '', '', 1, 0, 'F', '0', '0', 'system:dict:add', '#', 'admin', '2023-06-07 14:58:45', '', NULL, '');
INSERT INTO `sys_menu` VALUES (1027, '字典修改', 105, 3, '#', '', '', 1, 0, 'F', '0', '0', 'system:dict:edit', '#', 'admin', '2023-06-07 14:58:45', '', NULL, '');
INSERT INTO `sys_menu` VALUES (1028, '字典删除', 105, 4, '#', '', '', 1, 0, 'F', '0', '0', 'system:dict:remove', '#', 'admin', '2023-06-07 14:58:45', '', NULL, '');
INSERT INTO `sys_menu` VALUES (1029, '字典导出', 105, 5, '#', '', '', 1, 0, 'F', '0', '0', 'system:dict:export', '#', 'admin', '2023-06-07 14:58:45', '', NULL, '');
INSERT INTO `sys_menu` VALUES (1030, '参数查询', 106, 1, '#', '', '', 1, 0, 'F', '0', '0', 'system:config:query', '#', 'admin', '2023-06-07 14:58:45', '', NULL, '');
INSERT INTO `sys_menu` VALUES (1031, '参数新增', 106, 2, '#', '', '', 1, 0, 'F', '0', '0', 'system:config:add', '#', 'admin', '2023-06-07 14:58:45', '', NULL, '');
INSERT INTO `sys_menu` VALUES (1032, '参数修改', 106, 3, '#', '', '', 1, 0, 'F', '0', '0', 'system:config:edit', '#', 'admin', '2023-06-07 14:58:45', '', NULL, '');
INSERT INTO `sys_menu` VALUES (1033, '参数删除', 106, 4, '#', '', '', 1, 0, 'F', '0', '0', 'system:config:remove', '#', 'admin', '2023-06-07 14:58:45', '', NULL, '');
INSERT INTO `sys_menu` VALUES (1034, '参数导出', 106, 5, '#', '', '', 1, 0, 'F', '0', '0', 'system:config:export', '#', 'admin', '2023-06-07 14:58:45', '', NULL, '');
INSERT INTO `sys_menu` VALUES (1035, '公告查询', 107, 1, '#', '', '', 1, 0, 'F', '0', '0', 'system:notice:query', '#', 'admin', '2023-06-07 14:58:45', '', NULL, '');
INSERT INTO `sys_menu` VALUES (1036, '公告新增', 107, 2, '#', '', '', 1, 0, 'F', '0', '0', 'system:notice:add', '#', 'admin', '2023-06-07 14:58:45', '', NULL, '');
INSERT INTO `sys_menu` VALUES (1037, '公告修改', 107, 3, '#', '', '', 1, 0, 'F', '0', '0', 'system:notice:edit', '#', 'admin', '2023-06-07 14:58:45', '', NULL, '');
INSERT INTO `sys_menu` VALUES (1038, '公告删除', 107, 4, '#', '', '', 1, 0, 'F', '0', '0', 'system:notice:remove', '#', 'admin', '2023-06-07 14:58:45', '', NULL, '');
INSERT INTO `sys_menu` VALUES (1039, '操作查询', 500, 1, '#', '', '', 1, 0, 'F', '0', '0', 'monitor:operlog:query', '#', 'admin', '2023-06-07 14:58:45', '', NULL, '');
INSERT INTO `sys_menu` VALUES (1040, '操作删除', 500, 2, '#', '', '', 1, 0, 'F', '0', '0', 'monitor:operlog:remove', '#', 'admin', '2023-06-07 14:58:45', '', NULL, '');
INSERT INTO `sys_menu` VALUES (1041, '日志导出', 500, 3, '#', '', '', 1, 0, 'F', '0', '0', 'monitor:operlog:export', '#', 'admin', '2023-06-07 14:58:45', '', NULL, '');
INSERT INTO `sys_menu` VALUES (1042, '登录查询', 501, 1, '#', '', '', 1, 0, 'F', '0', '0', 'monitor:logininfor:query', '#', 'admin', '2023-06-07 14:58:45', '', NULL, '');
INSERT INTO `sys_menu` VALUES (1043, '登录删除', 501, 2, '#', '', '', 1, 0, 'F', '0', '0', 'monitor:logininfor:remove', '#', 'admin', '2023-06-07 14:58:45', '', NULL, '');
INSERT INTO `sys_menu` VALUES (1044, '日志导出', 501, 3, '#', '', '', 1, 0, 'F', '0', '0', 'monitor:logininfor:export', '#', 'admin', '2023-06-07 14:58:45', '', NULL, '');
INSERT INTO `sys_menu` VALUES (1045, '账户解锁', 501, 4, '#', '', '', 1, 0, 'F', '0', '0', 'monitor:logininfor:unlock', '#', 'admin', '2023-06-07 14:58:45', '', NULL, '');
INSERT INTO `sys_menu` VALUES (1046, '在线查询', 109, 1, '#', '', '', 1, 0, 'F', '0', '0', 'monitor:online:query', '#', 'admin', '2023-06-07 14:58:45', '', NULL, '');
INSERT INTO `sys_menu` VALUES (1047, '批量强退', 109, 2, '#', '', '', 1, 0, 'F', '0', '0', 'monitor:online:batchLogout', '#', 'admin', '2023-06-07 14:58:45', '', NULL, '');
INSERT INTO `sys_menu` VALUES (1048, '单条强退', 109, 3, '#', '', '', 1, 0, 'F', '0', '0', 'monitor:online:forceLogout', '#', 'admin', '2023-06-07 14:58:45', '', NULL, '');
INSERT INTO `sys_menu` VALUES (1049, '任务查询', 110, 1, '#', '', '', 1, 0, 'F', '0', '0', 'monitor:job:query', '#', 'admin', '2023-06-07 14:58:45', '', NULL, '');
INSERT INTO `sys_menu` VALUES (1050, '任务新增', 110, 2, '#', '', '', 1, 0, 'F', '0', '0', 'monitor:job:add', '#', 'admin', '2023-06-07 14:58:45', '', NULL, '');
INSERT INTO `sys_menu` VALUES (1051, '任务修改', 110, 3, '#', '', '', 1, 0, 'F', '0', '0', 'monitor:job:edit', '#', 'admin', '2023-06-07 14:58:45', '', NULL, '');
INSERT INTO `sys_menu` VALUES (1052, '任务删除', 110, 4, '#', '', '', 1, 0, 'F', '0', '0', 'monitor:job:remove', '#', 'admin', '2023-06-07 14:58:45', '', NULL, '');
INSERT INTO `sys_menu` VALUES (1053, '状态修改', 110, 5, '#', '', '', 1, 0, 'F', '0', '0', 'monitor:job:changeStatus', '#', 'admin', '2023-06-07 14:58:45', '', NULL, '');
INSERT INTO `sys_menu` VALUES (1054, '任务导出', 110, 6, '#', '', '', 1, 0, 'F', '0', '0', 'monitor:job:export', '#', 'admin', '2023-06-07 14:58:45', '', NULL, '');
INSERT INTO `sys_menu` VALUES (1055, '生成查询', 116, 1, '#', '', '', 1, 0, 'F', '0', '0', 'tool:gen:query', '#', 'admin', '2023-06-07 14:58:45', '', NULL, '');
INSERT INTO `sys_menu` VALUES (1056, '生成修改', 116, 2, '#', '', '', 1, 0, 'F', '0', '0', 'tool:gen:edit', '#', 'admin', '2023-06-07 14:58:45', '', NULL, '');
INSERT INTO `sys_menu` VALUES (1057, '生成删除', 116, 3, '#', '', '', 1, 0, 'F', '0', '0', 'tool:gen:remove', '#', 'admin', '2023-06-07 14:58:45', '', NULL, '');
INSERT INTO `sys_menu` VALUES (1058, '导入代码', 116, 4, '#', '', '', 1, 0, 'F', '0', '0', 'tool:gen:import', '#', 'admin', '2023-06-07 14:58:45', '', NULL, '');
INSERT INTO `sys_menu` VALUES (1059, '预览代码', 116, 5, '#', '', '', 1, 0, 'F', '0', '0', 'tool:gen:preview', '#', 'admin', '2023-06-07 14:58:45', '', NULL, '');
INSERT INTO `sys_menu` VALUES (1060, '生成代码', 116, 6, '#', '', '', 1, 0, 'F', '0', '0', 'tool:gen:code', '#', 'admin', '2023-06-07 14:58:45', '', NULL, '');
INSERT INTO `sys_menu` VALUES (2006, '资源池', 0, 1, 'business', NULL, NULL, 1, 0, 'M', '0', '0', '', 'shopping', 'admin', '2023-06-07 16:38:31', 'admin', '2023-06-07 16:40:32', '');
INSERT INTO `sys_menu` VALUES (2007, '人才资源', 2006, 1, 'customer', 'business/customer/index', NULL, 1, 0, 'C', '0', '0', 'business:customer:list', 'peoples', 'admin', '2023-06-07 16:38:45', 'admin', '2023-06-07 21:36:15', '客户资源菜单');
INSERT INTO `sys_menu` VALUES (2008, '客户资源查询', 2007, 1, '#', '', NULL, 1, 0, 'F', '0', '0', 'business:customer:query', '#', 'admin', '2023-06-07 16:38:46', '', NULL, '');
INSERT INTO `sys_menu` VALUES (2009, '客户资源新增', 2007, 2, '#', '', NULL, 1, 0, 'F', '0', '0', 'business:customer:add', '#', 'admin', '2023-06-07 16:38:46', '', NULL, '');
INSERT INTO `sys_menu` VALUES (2010, '客户资源修改', 2007, 3, '#', '', NULL, 1, 0, 'F', '0', '0', 'business:customer:edit', '#', 'admin', '2023-06-07 16:38:46', '', NULL, '');
INSERT INTO `sys_menu` VALUES (2011, '客户资源删除', 2007, 4, '#', '', NULL, 1, 0, 'F', '0', '0', 'business:customer:remove', '#', 'admin', '2023-06-07 16:38:46', '', NULL, '');
INSERT INTO `sys_menu` VALUES (2012, '客户资源导出', 2007, 5, '#', '', NULL, 1, 0, 'F', '0', '0', 'business:customer:export', '#', 'admin', '2023-06-07 16:38:46', '', NULL, '');
INSERT INTO `sys_menu` VALUES (2013, '企业资源', 2006, 2, 'translate', 'business/translate/index', NULL, 1, 0, 'C', '0', '0', 'business:translate:list', 'redis-list', 'admin', '2023-06-07 18:58:52', 'admin', '2023-06-07 19:04:14', '企业资源菜单');
INSERT INTO `sys_menu` VALUES (2014, '企业资源查询', 2013, 1, '#', '', NULL, 1, 0, 'F', '0', '0', 'business:translate:query', '#', 'admin', '2023-06-07 18:58:52', '', NULL, '');
INSERT INTO `sys_menu` VALUES (2015, '企业资源新增', 2013, 2, '#', '', NULL, 1, 0, 'F', '0', '0', 'business:translate:add', '#', 'admin', '2023-06-07 18:58:53', '', NULL, '');
INSERT INTO `sys_menu` VALUES (2016, '企业资源修改', 2013, 3, '#', '', NULL, 1, 0, 'F', '0', '0', 'business:translate:edit', '#', 'admin', '2023-06-07 18:58:53', '', NULL, '');
INSERT INTO `sys_menu` VALUES (2017, '企业资源删除', 2013, 4, '#', '', NULL, 1, 0, 'F', '0', '0', 'business:translate:remove', '#', 'admin', '2023-06-07 18:58:53', '', NULL, '');
INSERT INTO `sys_menu` VALUES (2018, '企业资源导出', 2013, 5, '#', '', NULL, 1, 0, 'F', '0', '0', 'business:translate:export', '#', 'admin', '2023-06-07 18:58:53', '', NULL, '');
INSERT INTO `sys_menu` VALUES (2019, '客户通讯录', 2025, 1, 'book', 'business/book/index', NULL, 1, 0, 'C', '0', '0', 'business:book:list', 'phone', 'admin', '2023-06-07 19:34:38', 'admin', '2023-06-07 19:37:51', '客户通讯录菜单');
INSERT INTO `sys_menu` VALUES (2020, '客户通讯录查询', 2019, 1, '#', '', NULL, 1, 0, 'F', '0', '0', 'business:book:query', '#', 'admin', '2023-06-07 19:34:38', '', NULL, '');
INSERT INTO `sys_menu` VALUES (2021, '客户通讯录新增', 2019, 2, '#', '', NULL, 1, 0, 'F', '0', '0', 'business:book:add', '#', 'admin', '2023-06-07 19:34:38', '', NULL, '');
INSERT INTO `sys_menu` VALUES (2022, '客户通讯录修改', 2019, 3, '#', '', NULL, 1, 0, 'F', '0', '0', 'business:book:edit', '#', 'admin', '2023-06-07 19:34:38', '', NULL, '');
INSERT INTO `sys_menu` VALUES (2023, '客户通讯录删除', 2019, 4, '#', '', NULL, 1, 0, 'F', '0', '0', 'business:book:remove', '#', 'admin', '2023-06-07 19:34:38', '', NULL, '');
INSERT INTO `sys_menu` VALUES (2024, '客户通讯录导出', 2019, 5, '#', '', NULL, 1, 0, 'F', '0', '0', 'business:book:export', '#', 'admin', '2023-06-07 19:34:38', '', NULL, '');
INSERT INTO `sys_menu` VALUES (2025, '通讯录', 0, 2, 'book', NULL, NULL, 1, 0, 'M', '0', '0', NULL, 'phone', 'admin', '2023-06-07 19:37:28', '', NULL, '');
INSERT INTO `sys_menu` VALUES (2026, '企业通讯录', 2025, 1, 'translateBook', 'business/translateBook/index', NULL, 1, 0, 'C', '0', '0', 'business:translateBook:list', 'phone', 'admin', '2023-06-07 20:31:56', 'admin', '2023-06-07 20:32:16', '企业通讯录菜单');
INSERT INTO `sys_menu` VALUES (2027, '企业通讯录查询', 2026, 1, '#', '', NULL, 1, 0, 'F', '0', '0', 'business:translateBook:query', '#', 'admin', '2023-06-07 20:31:56', '', NULL, '');
INSERT INTO `sys_menu` VALUES (2028, '企业通讯录新增', 2026, 2, '#', '', NULL, 1, 0, 'F', '0', '0', 'business:translateBook:add', '#', 'admin', '2023-06-07 20:31:56', '', NULL, '');
INSERT INTO `sys_menu` VALUES (2029, '企业通讯录修改', 2026, 3, '#', '', NULL, 1, 0, 'F', '0', '0', 'business:translateBook:edit', '#', 'admin', '2023-06-07 20:31:56', '', NULL, '');
INSERT INTO `sys_menu` VALUES (2030, '企业通讯录删除', 2026, 4, '#', '', NULL, 1, 0, 'F', '0', '0', 'business:translateBook:remove', '#', 'admin', '2023-06-07 20:31:56', '', NULL, '');
INSERT INTO `sys_menu` VALUES (2031, '企业通讯录导出', 2026, 5, '#', '', NULL, 1, 0, 'F', '0', '0', 'business:translateBook:export', '#', 'admin', '2023-06-07 20:31:56', '', NULL, '');

-- ----------------------------
-- Table structure for sys_notice
-- ----------------------------
DROP TABLE IF EXISTS `sys_notice`;
CREATE TABLE `sys_notice`  (
  `notice_id` int(4) NOT NULL AUTO_INCREMENT COMMENT '公告ID',
  `notice_title` varchar(50) CHARACTER SET utf8mb4 COLLATE utf8mb4_general_ci NOT NULL COMMENT '公告标题',
  `notice_type` char(1) CHARACTER SET utf8mb4 COLLATE utf8mb4_general_ci NOT NULL COMMENT '公告类型（1通知 2公告）',
  `notice_content` longblob NULL COMMENT '公告内容',
  `status` char(1) CHARACTER SET utf8mb4 COLLATE utf8mb4_general_ci NULL DEFAULT '0' COMMENT '公告状态（0正常 1关闭）',
  `create_by` varchar(64) CHARACTER SET utf8mb4 COLLATE utf8mb4_general_ci NULL DEFAULT '' COMMENT '创建者',
  `create_time` datetime NULL DEFAULT NULL COMMENT '创建时间',
  `update_by` varchar(64) CHARACTER SET utf8mb4 COLLATE utf8mb4_general_ci NULL DEFAULT '' COMMENT '更新者',
  `update_time` datetime NULL DEFAULT NULL COMMENT '更新时间',
  `remark` varchar(255) CHARACTER SET utf8mb4 COLLATE utf8mb4_general_ci NULL DEFAULT NULL COMMENT '备注',
  PRIMARY KEY (`notice_id`) USING BTREE
) ENGINE = InnoDB AUTO_INCREMENT = 1 CHARACTER SET = utf8mb4 COLLATE = utf8mb4_general_ci COMMENT = '通知公告表' ROW_FORMAT = DYNAMIC;

-- ----------------------------
-- Records of sys_notice
-- ----------------------------

-- ----------------------------
-- Table structure for sys_oper_log
-- ----------------------------
DROP TABLE IF EXISTS `sys_oper_log`;
CREATE TABLE `sys_oper_log`  (
  `oper_id` bigint(20) NOT NULL AUTO_INCREMENT COMMENT '日志主键',
  `title` varchar(50) CHARACTER SET utf8mb4 COLLATE utf8mb4_general_ci NULL DEFAULT '' COMMENT '模块标题',
  `business_type` int(2) NULL DEFAULT 0 COMMENT '业务类型（0其它 1新增 2修改 3删除）',
  `method` varchar(100) CHARACTER SET utf8mb4 COLLATE utf8mb4_general_ci NULL DEFAULT '' COMMENT '方法名称',
  `request_method` varchar(10) CHARACTER SET utf8mb4 COLLATE utf8mb4_general_ci NULL DEFAULT '' COMMENT '请求方式',
  `operator_type` int(1) NULL DEFAULT 0 COMMENT '操作类别（0其它 1后台用户 2手机端用户）',
  `oper_name` varchar(50) CHARACTER SET utf8mb4 COLLATE utf8mb4_general_ci NULL DEFAULT '' COMMENT '操作人员',
  `dept_name` varchar(50) CHARACTER SET utf8mb4 COLLATE utf8mb4_general_ci NULL DEFAULT '' COMMENT '部门名称',
  `oper_url` varchar(255) CHARACTER SET utf8mb4 COLLATE utf8mb4_general_ci NULL DEFAULT '' COMMENT '请求URL',
  `oper_ip` varchar(128) CHARACTER SET utf8mb4 COLLATE utf8mb4_general_ci NULL DEFAULT '' COMMENT '主机地址',
  `oper_location` varchar(255) CHARACTER SET utf8mb4 COLLATE utf8mb4_general_ci NULL DEFAULT '' COMMENT '操作地点',
  `oper_param` varchar(2000) CHARACTER SET utf8mb4 COLLATE utf8mb4_general_ci NULL DEFAULT '' COMMENT '请求参数',
  `json_result` varchar(2000) CHARACTER SET utf8mb4 COLLATE utf8mb4_general_ci NULL DEFAULT '' COMMENT '返回参数',
  `status` int(1) NULL DEFAULT 0 COMMENT '操作状态（0正常 1异常）',
  `error_msg` varchar(2000) CHARACTER SET utf8mb4 COLLATE utf8mb4_general_ci NULL DEFAULT '' COMMENT '错误消息',
  `oper_time` datetime NULL DEFAULT NULL COMMENT '操作时间',
  `cost_time` bigint(20) NULL DEFAULT 0 COMMENT '消耗时间',
  PRIMARY KEY (`oper_id`) USING BTREE,
  INDEX `idx_sys_oper_log_bt`(`business_type`) USING BTREE,
  INDEX `idx_sys_oper_log_s`(`status`) USING BTREE,
  INDEX `idx_sys_oper_log_ot`(`oper_time`) USING BTREE
) ENGINE = InnoDB AUTO_INCREMENT = 538 CHARACTER SET = utf8mb4 COLLATE = utf8mb4_general_ci COMMENT = '操作日志记录' ROW_FORMAT = DYNAMIC;

-- ----------------------------
-- Records of sys_oper_log
-- ----------------------------
INSERT INTO `sys_oper_log` VALUES (100, '部门管理', 3, 'com.resourcepool.project.system.controller.SysDeptController.remove()', 'DELETE', 1, 'admin', NULL, '/system/dept/109', '127.0.0.1', '内网IP', '{}', '{\"msg\":\"操作成功\",\"code\":200}', 0, NULL, '2023-06-07 15:37:39', 18);
INSERT INTO `sys_oper_log` VALUES (101, '部门管理', 3, 'com.resourcepool.project.system.controller.SysDeptController.remove()', 'DELETE', 1, 'admin', NULL, '/system/dept/108', '127.0.0.1', '内网IP', '{}', '{\"msg\":\"操作成功\",\"code\":200}', 0, NULL, '2023-06-07 15:37:40', 26);
INSERT INTO `sys_oper_log` VALUES (102, '部门管理', 3, 'com.resourcepool.project.system.controller.SysDeptController.remove()', 'DELETE', 1, 'admin', NULL, '/system/dept/102', '127.0.0.1', '内网IP', '{}', '{\"msg\":\"操作成功\",\"code\":200}', 0, NULL, '2023-06-07 15:37:41', 28);
INSERT INTO `sys_oper_log` VALUES (103, '部门管理', 3, 'com.resourcepool.project.system.controller.SysDeptController.remove()', 'DELETE', 1, 'admin', NULL, '/system/dept/107', '127.0.0.1', '内网IP', '{}', '{\"msg\":\"操作成功\",\"code\":200}', 0, NULL, '2023-06-07 15:37:43', 12);
INSERT INTO `sys_oper_log` VALUES (104, '部门管理', 3, 'com.resourcepool.project.system.controller.SysDeptController.remove()', 'DELETE', 1, 'admin', NULL, '/system/dept/106', '127.0.0.1', '内网IP', '{}', '{\"msg\":\"操作成功\",\"code\":200}', 0, NULL, '2023-06-07 15:37:45', 23);
INSERT INTO `sys_oper_log` VALUES (105, '部门管理', 3, 'com.resourcepool.project.system.controller.SysDeptController.remove()', 'DELETE', 1, 'admin', NULL, '/system/dept/105', '127.0.0.1', '内网IP', '{}', '{\"msg\":\"操作成功\",\"code\":200}', 0, NULL, '2023-06-07 15:37:46', 13);
INSERT INTO `sys_oper_log` VALUES (106, '部门管理', 3, 'com.resourcepool.project.system.controller.SysDeptController.remove()', 'DELETE', 1, 'admin', NULL, '/system/dept/104', '127.0.0.1', '内网IP', '{}', '{\"msg\":\"操作成功\",\"code\":200}', 0, NULL, '2023-06-07 15:37:48', 24);
INSERT INTO `sys_oper_log` VALUES (107, '部门管理', 2, 'com.resourcepool.project.system.controller.SysDeptController.edit()', 'PUT', 1, 'admin', NULL, '/system/dept', '127.0.0.1', '内网IP', '{\"ancestors\":\"0\",\"children\":[],\"deptId\":100,\"deptName\":\"ResourcePool\",\"email\":\"\",\"leader\":\"超级管理员\",\"orderNum\":0,\"params\":{},\"parentId\":0,\"phone\":\"15888888888\",\"status\":\"0\",\"updateBy\":\"admin\"}', '{\"msg\":\"操作成功\",\"code\":200}', 0, NULL, '2023-06-07 15:38:08', 14);
INSERT INTO `sys_oper_log` VALUES (108, '角色管理', 3, 'com.resourcepool.project.system.controller.SysRoleController.remove()', 'DELETE', 1, 'admin', NULL, '/system/role/2', '127.0.0.1', '内网IP', '{}', NULL, 1, '普通角色已分配,不能删除', '2023-06-07 15:38:21', 15);
INSERT INTO `sys_oper_log` VALUES (109, '部门管理', 3, 'com.resourcepool.project.system.controller.SysDeptController.remove()', 'DELETE', 1, 'admin', NULL, '/system/dept/103', '127.0.0.1', '内网IP', '{}', '{\"msg\":\"部门存在用户,不允许删除\",\"code\":601}', 0, NULL, '2023-06-07 15:38:57', 4);
INSERT INTO `sys_oper_log` VALUES (110, '部门管理', 1, 'com.resourcepool.project.system.controller.SysDeptController.add()', 'POST', 1, 'admin', NULL, '/system/dept', '127.0.0.1', '内网IP', '{\"ancestors\":\"0,100\",\"children\":[],\"createBy\":\"admin\",\"deptName\":\"销售部\",\"orderNum\":1,\"params\":{},\"parentId\":100,\"status\":\"0\"}', '{\"msg\":\"操作成功\",\"code\":200}', 0, NULL, '2023-06-07 15:40:34', 15);
INSERT INTO `sys_oper_log` VALUES (111, '部门管理', 1, 'com.resourcepool.project.system.controller.SysDeptController.add()', 'POST', 1, 'admin', NULL, '/system/dept', '127.0.0.1', '内网IP', '{\"ancestors\":\"0,100\",\"children\":[],\"createBy\":\"admin\",\"deptName\":\"研发部\",\"orderNum\":0,\"params\":{},\"parentId\":100,\"status\":\"0\"}', '{\"msg\":\"操作成功\",\"code\":200}', 0, NULL, '2023-06-07 15:41:57', 23);
INSERT INTO `sys_oper_log` VALUES (112, '部门管理', 1, 'com.resourcepool.project.system.controller.SysDeptController.add()', 'POST', 1, 'admin', NULL, '/system/dept', '127.0.0.1', '内网IP', '{\"ancestors\":\"0,100\",\"children\":[],\"createBy\":\"admin\",\"deptName\":\"人事部\",\"orderNum\":0,\"params\":{},\"parentId\":100,\"status\":\"0\"}', '{\"msg\":\"操作成功\",\"code\":200}', 0, NULL, '2023-06-07 15:42:05', 25);
INSERT INTO `sys_oper_log` VALUES (113, '通知公告', 3, 'com.resourcepool.project.system.controller.SysNoticeController.remove()', 'DELETE', 1, 'admin', NULL, '/system/notice/1', '127.0.0.1', '内网IP', '{}', '{\"msg\":\"操作成功\",\"code\":200}', 0, NULL, '2023-06-07 15:42:38', 23);
INSERT INTO `sys_oper_log` VALUES (114, '通知公告', 3, 'com.resourcepool.project.system.controller.SysNoticeController.remove()', 'DELETE', 1, 'admin', NULL, '/system/notice/2', '127.0.0.1', '内网IP', '{}', '{\"msg\":\"操作成功\",\"code\":200}', 0, NULL, '2023-06-07 15:42:39', 9);
INSERT INTO `sys_oper_log` VALUES (115, '岗位管理', 3, 'com.resourcepool.project.system.controller.SysPostController.remove()', 'DELETE', 1, 'admin', NULL, '/system/post/4', '127.0.0.1', '内网IP', '{}', '{\"msg\":\"操作成功\",\"code\":200}', 0, NULL, '2023-06-07 15:43:00', 14);
INSERT INTO `sys_oper_log` VALUES (116, '岗位管理', 3, 'com.resourcepool.project.system.controller.SysPostController.remove()', 'DELETE', 1, 'admin', NULL, '/system/post/3', '127.0.0.1', '内网IP', '{}', '{\"msg\":\"操作成功\",\"code\":200}', 0, NULL, '2023-06-07 15:43:01', 11);
INSERT INTO `sys_oper_log` VALUES (117, '岗位管理', 3, 'com.resourcepool.project.system.controller.SysPostController.remove()', 'DELETE', 1, 'admin', NULL, '/system/post/2', '127.0.0.1', '内网IP', '{}', NULL, 1, '项目经理已分配,不能删除', '2023-06-07 15:43:03', 5);
INSERT INTO `sys_oper_log` VALUES (118, '岗位管理', 3, 'com.resourcepool.project.system.controller.SysPostController.remove()', 'DELETE', 1, 'admin', NULL, '/system/post/1', '127.0.0.1', '内网IP', '{}', NULL, 1, '董事长已分配,不能删除', '2023-06-07 15:43:06', 4);
INSERT INTO `sys_oper_log` VALUES (119, '岗位管理', 3, 'com.resourcepool.project.system.controller.SysPostController.remove()', 'DELETE', 1, 'admin', NULL, '/system/post/1', '127.0.0.1', '内网IP', '{}', '{\"msg\":\"操作成功\",\"code\":200}', 0, NULL, '2023-06-07 15:43:27', 23);
INSERT INTO `sys_oper_log` VALUES (120, '岗位管理', 3, 'com.resourcepool.project.system.controller.SysPostController.remove()', 'DELETE', 1, 'admin', NULL, '/system/post/2', '127.0.0.1', '内网IP', '{}', '{\"msg\":\"操作成功\",\"code\":200}', 0, NULL, '2023-06-07 15:43:29', 25);
INSERT INTO `sys_oper_log` VALUES (121, '代码生成', 6, 'com.resourcepool.project.tool.gen.controller.GenController.importTableSave()', 'POST', 1, 'admin', NULL, '/tool/gen/importTable', '127.0.0.1', '内网IP', '{\"tables\":\"t_follow,t_book,t_customer\"}', '{\"msg\":\"操作成功\",\"code\":200}', 0, NULL, '2023-06-07 15:52:39', 94);
INSERT INTO `sys_oper_log` VALUES (122, '字典类型', 1, 'com.resourcepool.project.system.controller.SysDictTypeController.add()', 'POST', 1, 'admin', NULL, '/system/dict/type', '127.0.0.1', '内网IP', '{\"createBy\":\"admin\",\"dictName\":\"是否领用\",\"dictType\":\"is_use\",\"params\":{},\"status\":\"0\"}', '{\"msg\":\"操作成功\",\"code\":200}', 0, NULL, '2023-06-07 15:55:55', 40);
INSERT INTO `sys_oper_log` VALUES (123, '字典数据', 1, 'com.resourcepool.project.system.controller.SysDictDataController.add()', 'POST', 1, 'admin', NULL, '/system/dict/data', '127.0.0.1', '内网IP', '{\"createBy\":\"admin\",\"default\":false,\"dictLabel\":\"未领用\",\"dictSort\":0,\"dictType\":\"is_use\",\"dictValue\":\"0\",\"listClass\":\"success\",\"params\":{},\"status\":\"0\"}', '{\"msg\":\"操作成功\",\"code\":200}', 0, NULL, '2023-06-07 15:56:26', 82);
INSERT INTO `sys_oper_log` VALUES (124, '字典数据', 1, 'com.resourcepool.project.system.controller.SysDictDataController.add()', 'POST', 1, 'admin', NULL, '/system/dict/data', '127.0.0.1', '内网IP', '{\"createBy\":\"admin\",\"default\":false,\"dictLabel\":\"已领用\",\"dictSort\":0,\"dictType\":\"is_use\",\"dictValue\":\"1\",\"listClass\":\"danger\",\"params\":{},\"status\":\"0\"}', '{\"msg\":\"操作成功\",\"code\":200}', 0, NULL, '2023-06-07 15:56:41', 10);
INSERT INTO `sys_oper_log` VALUES (125, '代码生成', 2, 'com.resourcepool.project.tool.gen.controller.GenController.editSave()', 'PUT', 1, 'admin', NULL, '/tool/gen', '127.0.0.1', '内网IP', '{\"businessName\":\"customer\",\"className\":\"TCustomer\",\"columns\":[{\"capJavaField\":\"CustomerId\",\"columnComment\":\"主键\",\"columnId\":6,\"columnName\":\"customer_id\",\"columnType\":\"int(11)\",\"createBy\":\"admin\",\"createTime\":\"2023-06-07 15:52:39\",\"dictType\":\"\",\"edit\":false,\"htmlType\":\"input\",\"increment\":true,\"insert\":true,\"isIncrement\":\"1\",\"isInsert\":\"1\",\"isPk\":\"1\",\"javaField\":\"customerId\",\"javaType\":\"Long\",\"list\":false,\"params\":{},\"pk\":true,\"query\":false,\"queryType\":\"EQ\",\"required\":false,\"sort\":1,\"superColumn\":false,\"tableId\":2,\"updateBy\":\"\",\"usableColumn\":false},{\"capJavaField\":\"CustomerName\",\"columnComment\":\"姓名\",\"columnId\":7,\"columnName\":\"customer_name\",\"columnType\":\"varchar(255)\",\"createBy\":\"admin\",\"createTime\":\"2023-06-07 15:52:39\",\"dictType\":\"\",\"edit\":true,\"htmlType\":\"input\",\"increment\":false,\"insert\":true,\"isEdit\":\"1\",\"isIncrement\":\"0\",\"isInsert\":\"1\",\"isList\":\"1\",\"isPk\":\"0\",\"isQuery\":\"1\",\"javaField\":\"customerName\",\"javaType\":\"String\",\"list\":true,\"params\":{},\"pk\":false,\"query\":true,\"queryType\":\"LIKE\",\"required\":false,\"sort\":2,\"superColumn\":false,\"tableId\":2,\"updateBy\":\"\",\"usableColumn\":false},{\"capJavaField\":\"CustomerPhone\",\"columnComment\":\"手机号\",\"columnId\":8,\"columnName\":\"customer_phone\",\"columnType\":\"varchar(255)\",\"createBy\":\"admin\",\"createTime\":\"2023-06-07 15:52:39\",\"dictType\":\"\",\"edit\":true,\"htmlType\":\"input\",\"increment\":false,\"insert\":true,\"isEdit\":\"1\",\"isIncrement\":\"0\",\"isInsert\":\"1\",\"isList\":\"1\",\"isPk\":\"0\",\"isQuery\":\"1\",\"javaField\":\"customerPhone\",\"javaType\":\"String\",\"list\":true,\"params\":{},\"pk\":false,\"query\":true,\"queryType\":\"EQ\",\"required\":false,\"sort\":3,\"superColumn\":false,\"tableId\":2,\"updateBy\":\"\",\"usableColumn\":false},{\"capJavaField\":\"CustomerIdCard\",\"columnComment\":\"身份证号\",\"columnId\":9,\"columnName\":\"customer_id_card\",\"columnType\":\"varchar(255)\",\"createBy\":\"admin\",\"createTime\":\"2023-06-07 15:52:39\",\"dictType\":\"\",\"edit\":true,\"htmlType\":\"input\",\"increment\":false,\"insert\":true,\"isEdit\":\"1\",\"isIncrement\":\"0\",\"isInsert\":\"1\",\"isList\":\"1\",\"isPk\":\"0\",\"isQuery\":\"1\",\"javaField\"', '{\"msg\":\"操作成功\",\"code\":200}', 0, NULL, '2023-06-07 15:57:25', 58);
INSERT INTO `sys_oper_log` VALUES (126, '代码生成', 8, 'com.resourcepool.project.tool.gen.controller.GenController.batchGenCode()', 'GET', 1, 'admin', NULL, '/tool/gen/batchGenCode', '127.0.0.1', '内网IP', '{\"tables\":\"t_customer\"}', NULL, 0, NULL, '2023-06-07 15:57:39', 73);
INSERT INTO `sys_oper_log` VALUES (127, '代码生成', 3, 'com.resourcepool.project.tool.gen.controller.GenController.remove()', 'DELETE', 1, 'admin', NULL, '/tool/gen/1,2,3', '127.0.0.1', '内网IP', '{}', '{\"msg\":\"操作成功\",\"code\":200}', 0, NULL, '2023-06-07 16:05:27', 38);
INSERT INTO `sys_oper_log` VALUES (128, '代码生成', 6, 'com.resourcepool.project.tool.gen.controller.GenController.importTableSave()', 'POST', 1, 'admin', NULL, '/tool/gen/importTable', '127.0.0.1', '内网IP', '{\"tables\":\"t_customer,t_follow,t_book\"}', '{\"msg\":\"操作成功\",\"code\":200}', 0, NULL, '2023-06-07 16:05:31', 98);
INSERT INTO `sys_oper_log` VALUES (129, '代码生成', 2, 'com.resourcepool.project.tool.gen.controller.GenController.editSave()', 'PUT', 1, 'admin', NULL, '/tool/gen', '127.0.0.1', '内网IP', '{\"businessName\":\"customer\",\"className\":\"TCustomer\",\"columns\":[{\"capJavaField\":\"CustomerId\",\"columnComment\":\"主键\",\"columnId\":23,\"columnName\":\"customer_id\",\"columnType\":\"int(11)\",\"createBy\":\"admin\",\"createTime\":\"2023-06-07 16:05:31\",\"dictType\":\"\",\"edit\":false,\"htmlType\":\"input\",\"increment\":true,\"insert\":true,\"isIncrement\":\"1\",\"isInsert\":\"1\",\"isPk\":\"1\",\"javaField\":\"customerId\",\"javaType\":\"Long\",\"list\":false,\"params\":{},\"pk\":true,\"query\":false,\"queryType\":\"EQ\",\"required\":false,\"sort\":1,\"superColumn\":false,\"tableId\":5,\"updateBy\":\"\",\"usableColumn\":false},{\"capJavaField\":\"CustomerName\",\"columnComment\":\"姓名\",\"columnId\":24,\"columnName\":\"customer_name\",\"columnType\":\"varchar(255)\",\"createBy\":\"admin\",\"createTime\":\"2023-06-07 16:05:31\",\"dictType\":\"\",\"edit\":true,\"htmlType\":\"input\",\"increment\":false,\"insert\":true,\"isEdit\":\"1\",\"isIncrement\":\"0\",\"isInsert\":\"1\",\"isList\":\"1\",\"isPk\":\"0\",\"isQuery\":\"1\",\"javaField\":\"customerName\",\"javaType\":\"String\",\"list\":true,\"params\":{},\"pk\":false,\"query\":true,\"queryType\":\"LIKE\",\"required\":false,\"sort\":2,\"superColumn\":false,\"tableId\":5,\"updateBy\":\"\",\"usableColumn\":false},{\"capJavaField\":\"CustomerPhone\",\"columnComment\":\"手机号\",\"columnId\":25,\"columnName\":\"customer_phone\",\"columnType\":\"varchar(255)\",\"createBy\":\"admin\",\"createTime\":\"2023-06-07 16:05:31\",\"dictType\":\"\",\"edit\":true,\"htmlType\":\"input\",\"increment\":false,\"insert\":true,\"isEdit\":\"1\",\"isIncrement\":\"0\",\"isInsert\":\"1\",\"isList\":\"1\",\"isPk\":\"0\",\"isQuery\":\"1\",\"javaField\":\"customerPhone\",\"javaType\":\"String\",\"list\":true,\"params\":{},\"pk\":false,\"query\":true,\"queryType\":\"EQ\",\"required\":false,\"sort\":3,\"superColumn\":false,\"tableId\":5,\"updateBy\":\"\",\"usableColumn\":false},{\"capJavaField\":\"CustomerIdCard\",\"columnComment\":\"身份证号\",\"columnId\":26,\"columnName\":\"customer_id_card\",\"columnType\":\"varchar(255)\",\"createBy\":\"admin\",\"createTime\":\"2023-06-07 16:05:31\",\"dictType\":\"\",\"edit\":true,\"htmlType\":\"input\",\"increment\":false,\"insert\":true,\"isEdit\":\"1\",\"isIncrement\":\"0\",\"isInsert\":\"1\",\"isList\":\"1\",\"isPk\":\"0\",\"isQuery\":\"1\",\"javaFi', '{\"msg\":\"操作成功\",\"code\":200}', 0, NULL, '2023-06-07 16:05:42', 49);
INSERT INTO `sys_oper_log` VALUES (130, '代码生成', 8, 'com.resourcepool.project.tool.gen.controller.GenController.batchGenCode()', 'GET', 1, 'admin', NULL, '/tool/gen/batchGenCode', '127.0.0.1', '内网IP', '{\"tables\":\"t_customer\"}', NULL, 0, NULL, '2023-06-07 16:05:45', 138);
INSERT INTO `sys_oper_log` VALUES (131, '菜单管理', 2, 'com.resourcepool.project.system.controller.SysMenuController.edit()', 'PUT', 1, 'admin', NULL, '/system/menu', '127.0.0.1', '内网IP', '{\"children\":[],\"component\":\"business/customer/index\",\"createTime\":\"2023-06-07 16:08:05\",\"icon\":\"#\",\"isCache\":\"0\",\"isFrame\":\"1\",\"menuId\":2000,\"menuName\":\"资源池\",\"menuType\":\"C\",\"orderNum\":1,\"params\":{},\"parentId\":0,\"path\":\"customer\",\"perms\":\"business:customer:list\",\"status\":\"0\",\"updateBy\":\"admin\",\"visible\":\"0\"}', '{\"msg\":\"操作成功\",\"code\":200}', 0, NULL, '2023-06-07 16:08:24', 39);
INSERT INTO `sys_oper_log` VALUES (132, '菜单管理', 2, 'com.resourcepool.project.system.controller.SysMenuController.edit()', 'PUT', 1, 'admin', NULL, '/system/menu', '127.0.0.1', '内网IP', '{\"children\":[],\"component\":\"business/customer/index\",\"createTime\":\"2023-06-07 16:08:05\",\"icon\":\"#\",\"isCache\":\"0\",\"isFrame\":\"1\",\"menuId\":2000,\"menuName\":\"资源池\",\"menuType\":\"M\",\"orderNum\":1,\"params\":{},\"parentId\":0,\"path\":\"customer\",\"perms\":\"business:customer:list\",\"status\":\"0\",\"updateBy\":\"admin\",\"visible\":\"0\"}', '{\"msg\":\"操作成功\",\"code\":200}', 0, NULL, '2023-06-07 16:09:09', 24);
INSERT INTO `sys_oper_log` VALUES (133, '菜单管理', 2, 'com.resourcepool.project.system.controller.SysMenuController.edit()', 'PUT', 1, 'admin', NULL, '/system/menu', '127.0.0.1', '内网IP', '{\"children\":[],\"createTime\":\"2023-06-07 14:58:45\",\"icon\":\"system\",\"isCache\":\"0\",\"isFrame\":\"1\",\"menuId\":1,\"menuName\":\"系统管理\",\"menuType\":\"M\",\"orderNum\":101,\"params\":{},\"parentId\":0,\"path\":\"system\",\"perms\":\"\",\"query\":\"\",\"status\":\"0\",\"updateBy\":\"admin\",\"visible\":\"0\"}', '{\"msg\":\"操作成功\",\"code\":200}', 0, NULL, '2023-06-07 16:32:17', 23);
INSERT INTO `sys_oper_log` VALUES (134, '菜单管理', 2, 'com.resourcepool.project.system.controller.SysMenuController.edit()', 'PUT', 1, 'admin', NULL, '/system/menu', '127.0.0.1', '内网IP', '{\"children\":[],\"createTime\":\"2023-06-07 14:58:45\",\"icon\":\"monitor\",\"isCache\":\"0\",\"isFrame\":\"1\",\"menuId\":2,\"menuName\":\"系统监控\",\"menuType\":\"M\",\"orderNum\":102,\"params\":{},\"parentId\":0,\"path\":\"monitor\",\"perms\":\"\",\"query\":\"\",\"status\":\"0\",\"updateBy\":\"admin\",\"visible\":\"0\"}', '{\"msg\":\"操作成功\",\"code\":200}', 0, NULL, '2023-06-07 16:32:25', 24);
INSERT INTO `sys_oper_log` VALUES (135, '菜单管理', 2, 'com.resourcepool.project.system.controller.SysMenuController.edit()', 'PUT', 1, 'admin', NULL, '/system/menu', '127.0.0.1', '内网IP', '{\"children\":[],\"createTime\":\"2023-06-07 14:58:45\",\"icon\":\"tool\",\"isCache\":\"0\",\"isFrame\":\"1\",\"menuId\":3,\"menuName\":\"系统工具\",\"menuType\":\"M\",\"orderNum\":103,\"params\":{},\"parentId\":0,\"path\":\"tool\",\"perms\":\"\",\"query\":\"\",\"status\":\"0\",\"updateBy\":\"admin\",\"visible\":\"0\"}', '{\"msg\":\"操作成功\",\"code\":200}', 0, NULL, '2023-06-07 16:32:29', 23);
INSERT INTO `sys_oper_log` VALUES (136, '代码生成', 3, 'com.resourcepool.project.tool.gen.controller.GenController.remove()', 'DELETE', 1, 'admin', NULL, '/tool/gen/4,5,6', '127.0.0.1', '内网IP', '{}', '{\"msg\":\"操作成功\",\"code\":200}', 0, NULL, '2023-06-07 16:33:27', 39);
INSERT INTO `sys_oper_log` VALUES (137, '代码生成', 6, 'com.resourcepool.project.tool.gen.controller.GenController.importTableSave()', 'POST', 1, 'admin', NULL, '/tool/gen/importTable', '127.0.0.1', '内网IP', '{\"tables\":\"t_customer\"}', '{\"msg\":\"操作成功\",\"code\":200}', 0, NULL, '2023-06-07 16:33:30', 68);
INSERT INTO `sys_oper_log` VALUES (138, '代码生成', 3, 'com.resourcepool.project.tool.gen.controller.GenController.remove()', 'DELETE', 1, 'admin', NULL, '/tool/gen/7', '127.0.0.1', '内网IP', '{}', '{\"msg\":\"操作成功\",\"code\":200}', 0, NULL, '2023-06-07 16:33:54', 31);
INSERT INTO `sys_oper_log` VALUES (139, '代码生成', 6, 'com.resourcepool.project.tool.gen.controller.GenController.importTableSave()', 'POST', 1, 'admin', NULL, '/tool/gen/importTable', '127.0.0.1', '内网IP', '{\"tables\":\"t_customer\"}', '{\"msg\":\"操作成功\",\"code\":200}', 0, NULL, '2023-06-07 16:34:03', 53);
INSERT INTO `sys_oper_log` VALUES (140, '代码生成', 2, 'com.resourcepool.project.tool.gen.controller.GenController.editSave()', 'PUT', 1, 'admin', NULL, '/tool/gen', '127.0.0.1', '内网IP', '{\"businessName\":\"customer\",\"className\":\"TCustomer\",\"columns\":[{\"capJavaField\":\"CustomerId\",\"columnComment\":\"主键\",\"columnId\":46,\"columnName\":\"customer_id\",\"columnType\":\"int(11)\",\"createBy\":\"admin\",\"createTime\":\"2023-06-07 16:34:03\",\"dictType\":\"\",\"edit\":false,\"htmlType\":\"input\",\"increment\":true,\"insert\":true,\"isIncrement\":\"1\",\"isInsert\":\"1\",\"isPk\":\"1\",\"javaField\":\"customerId\",\"javaType\":\"Long\",\"list\":false,\"params\":{},\"pk\":true,\"query\":false,\"queryType\":\"EQ\",\"required\":false,\"sort\":1,\"superColumn\":false,\"tableId\":8,\"updateBy\":\"\",\"usableColumn\":false},{\"capJavaField\":\"CustomerName\",\"columnComment\":\"客户名称\",\"columnId\":47,\"columnName\":\"customer_name\",\"columnType\":\"varchar(255)\",\"createBy\":\"admin\",\"createTime\":\"2023-06-07 16:34:03\",\"dictType\":\"\",\"edit\":true,\"htmlType\":\"input\",\"increment\":false,\"insert\":true,\"isEdit\":\"1\",\"isIncrement\":\"0\",\"isInsert\":\"1\",\"isList\":\"1\",\"isPk\":\"0\",\"isQuery\":\"1\",\"javaField\":\"customerName\",\"javaType\":\"String\",\"list\":true,\"params\":{},\"pk\":false,\"query\":true,\"queryType\":\"LIKE\",\"required\":false,\"sort\":2,\"superColumn\":false,\"tableId\":8,\"updateBy\":\"\",\"usableColumn\":false},{\"capJavaField\":\"CustomerPhone\",\"columnComment\":\"联系电话\",\"columnId\":48,\"columnName\":\"customer_phone\",\"columnType\":\"varchar(255)\",\"createBy\":\"admin\",\"createTime\":\"2023-06-07 16:34:03\",\"dictType\":\"\",\"edit\":true,\"htmlType\":\"input\",\"increment\":false,\"insert\":true,\"isEdit\":\"1\",\"isIncrement\":\"0\",\"isInsert\":\"1\",\"isList\":\"1\",\"isPk\":\"0\",\"isQuery\":\"1\",\"javaField\":\"customerPhone\",\"javaType\":\"String\",\"list\":true,\"params\":{},\"pk\":false,\"query\":true,\"queryType\":\"EQ\",\"required\":false,\"sort\":3,\"superColumn\":false,\"tableId\":8,\"updateBy\":\"\",\"usableColumn\":false},{\"capJavaField\":\"IsUse\",\"columnComment\":\"是否领取 0未领取 1已领取\",\"columnId\":49,\"columnName\":\"is_use\",\"columnType\":\"tinyint(1)\",\"createBy\":\"admin\",\"createTime\":\"2023-06-07 16:34:03\",\"dictType\":\"is_use\",\"edit\":true,\"htmlType\":\"select\",\"increment\":false,\"insert\":true,\"isEdit\":\"1\",\"isIncrement\":\"0\",\"isInsert\":\"1\",\"isList\":\"1\",\"isPk\":\"0\",\"isQuery\":\"1\",\"javaFie', '{\"msg\":\"操作成功\",\"code\":200}', 0, NULL, '2023-06-07 16:34:22', 48);
INSERT INTO `sys_oper_log` VALUES (141, '代码生成', 8, 'com.resourcepool.project.tool.gen.controller.GenController.batchGenCode()', 'GET', 1, 'admin', NULL, '/tool/gen/batchGenCode', '127.0.0.1', '内网IP', '{\"tables\":\"t_customer\"}', NULL, 0, NULL, '2023-06-07 16:34:26', 174);
INSERT INTO `sys_oper_log` VALUES (142, '菜单管理', 1, 'com.resourcepool.project.system.controller.SysMenuController.add()', 'POST', 1, 'admin', NULL, '/system/menu', '127.0.0.1', '内网IP', '{\"children\":[],\"createBy\":\"admin\",\"icon\":\"shopping\",\"isCache\":\"0\",\"isFrame\":\"1\",\"menuName\":\"资源池\",\"menuType\":\"M\",\"orderNum\":1,\"params\":{},\"parentId\":0,\"path\":\"resource\",\"status\":\"0\",\"visible\":\"0\"}', '{\"msg\":\"操作成功\",\"code\":200}', 0, NULL, '2023-06-07 16:38:31', 42);
INSERT INTO `sys_oper_log` VALUES (143, '菜单管理', 2, 'com.resourcepool.project.system.controller.SysMenuController.edit()', 'PUT', 1, 'admin', NULL, '/system/menu', '127.0.0.1', '内网IP', '{\"children\":[],\"component\":\"business/customer/index\",\"createTime\":\"2023-06-07 16:38:45\",\"icon\":\"#\",\"isCache\":\"0\",\"isFrame\":\"1\",\"menuId\":2007,\"menuName\":\"客户资源\",\"menuType\":\"C\",\"orderNum\":1,\"params\":{},\"parentId\":2006,\"path\":\"customer\",\"perms\":\"business:customer:list\",\"status\":\"0\",\"updateBy\":\"admin\",\"visible\":\"0\"}', '{\"msg\":\"操作成功\",\"code\":200}', 0, NULL, '2023-06-07 16:39:08', 26);
INSERT INTO `sys_oper_log` VALUES (144, '菜单管理', 2, 'com.resourcepool.project.system.controller.SysMenuController.edit()', 'PUT', 1, 'admin', NULL, '/system/menu', '127.0.0.1', '内网IP', '{\"children\":[],\"createTime\":\"2023-06-07 16:38:31\",\"icon\":\"shopping\",\"isCache\":\"0\",\"isFrame\":\"1\",\"menuId\":2006,\"menuName\":\"资源池\",\"menuType\":\"M\",\"orderNum\":1,\"params\":{},\"parentId\":0,\"path\":\"business\",\"perms\":\"\",\"status\":\"0\",\"updateBy\":\"admin\",\"visible\":\"0\"}', '{\"msg\":\"操作成功\",\"code\":200}', 0, NULL, '2023-06-07 16:40:32', 11);
INSERT INTO `sys_oper_log` VALUES (145, '代码生成', 8, 'com.resourcepool.project.tool.gen.controller.GenController.batchGenCode()', 'GET', 1, 'admin', NULL, '/tool/gen/batchGenCode', '127.0.0.1', '内网IP', '{\"tables\":\"t_customer\"}', NULL, 0, NULL, '2023-06-07 16:47:13', 166);
INSERT INTO `sys_oper_log` VALUES (146, '客户资源', 1, 'com.resourcepool.project.business.controller.TCustomerController.add()', 'POST', 1, 'admin', NULL, '/business/customer', '127.0.0.1', '内网IP', '{\"addr\":\"贵州-安顺\",\"certificateSpeciality\":\"机电工程\",\"certificateType\":\"二级建造师\",\"createTime\":\"2023-06-07 16:58:21\",\"customerId\":1,\"customerName\":\"任遵强\",\"customerPhone\":\"18209872612\",\"params\":{},\"remark\":\"转注\"}', '{\"msg\":\"操作成功\",\"code\":200}', 0, NULL, '2023-06-07 16:58:21', 88);
INSERT INTO `sys_oper_log` VALUES (147, '菜单管理', 2, 'com.resourcepool.project.system.controller.SysMenuController.edit()', 'PUT', 1, 'admin', NULL, '/system/menu', '127.0.0.1', '内网IP', '{\"children\":[],\"component\":\"business/customer/index\",\"createTime\":\"2023-06-07 16:38:45\",\"icon\":\"peoples\",\"isCache\":\"0\",\"isFrame\":\"1\",\"menuId\":2007,\"menuName\":\"客户资源\",\"menuType\":\"C\",\"orderNum\":1,\"params\":{},\"parentId\":2006,\"path\":\"customer\",\"perms\":\"business:customer:list\",\"status\":\"0\",\"updateBy\":\"admin\",\"visible\":\"0\"}', '{\"msg\":\"操作成功\",\"code\":200}', 0, NULL, '2023-06-07 17:06:20', 43);
INSERT INTO `sys_oper_log` VALUES (148, '客户资源', 1, 'com.resourcepool.project.business.controller.TCustomerController.add()', 'POST', 1, 'admin', NULL, '/business/customer', '127.0.0.1', '内网IP', '{\"addr\":\"987\",\"certificateSpeciality\":\"126\",\"certificateType\":\"123\",\"customerName\":\"任遵强\",\"customerPhone\":\"18209872612\",\"params\":{},\"remark\":\"654\"}', NULL, 1, 'nested exception is org.apache.ibatis.type.TypeException: Could not set parameters for mapping: ParameterMapping{property=\'customerName\', mode=IN, javaType=class java.lang.Long, jdbcType=null, numericScale=null, resultMapId=\'null\', jdbcTypeName=\'null\', expression=\'null\'}. Cause: org.apache.ibatis.type.TypeException: Error setting non null for parameter #1 with JdbcType null . Try setting a different JdbcType for this parameter or a different configuration property. Cause: java.lang.ClassCastException: java.lang.String cannot be cast to java.lang.Long', '2023-06-07 17:18:19', 11);
INSERT INTO `sys_oper_log` VALUES (149, '客户资源', 1, 'com.resourcepool.project.business.controller.TCustomerController.add()', 'POST', 1, 'admin', NULL, '/business/customer', '127.0.0.1', '内网IP', '{\"addr\":\"987\",\"certificateSpeciality\":\"126\",\"certificateType\":\"123\",\"customerName\":\"任遵强\",\"customerPhone\":\"18209872612\",\"params\":{},\"remark\":\"654\"}', '{\"msg\":\"添加失败，客户任遵强已存在\",\"code\":500}', 0, NULL, '2023-06-07 17:18:45', 16);
INSERT INTO `sys_oper_log` VALUES (150, '客户资源', 1, 'com.resourcepool.project.business.controller.TCustomerController.add()', 'POST', 1, 'admin', NULL, '/business/customer', '127.0.0.1', '内网IP', '{\"addr\":\"987\",\"certificateSpeciality\":\"126\",\"certificateType\":\"123\",\"customerName\":\"任遵强\",\"customerPhone\":\"18209872612\",\"params\":{},\"remark\":\"654\"}', '{\"msg\":\"添加失败，客户任遵强已存在\",\"code\":500}', 0, NULL, '2023-06-07 17:18:47', 3);
INSERT INTO `sys_oper_log` VALUES (151, '用户管理', 6, 'com.resourcepool.project.system.controller.SysUserController.importData()', 'POST', 1, 'admin', NULL, '/system/user/importData', '127.0.0.1', '内网IP', '{\"updateSupport\":\"0\"}', NULL, 1, '', '2023-06-07 17:20:43', 92);
INSERT INTO `sys_oper_log` VALUES (152, '客户资源', 6, 'com.resourcepool.project.business.controller.TCustomerController.importData()', 'POST', 1, 'admin', NULL, '/business/customer/importData', '127.0.0.1', '内网IP', '{\"updateSupport\":\"0\"}', NULL, 1, '很抱歉，导入失败！共 1 条数据格式不正确，错误如下：<br/>1、客户 任遵强 已存在', '2023-06-07 17:21:11', 25);
INSERT INTO `sys_oper_log` VALUES (153, '客户资源', 6, 'com.resourcepool.project.business.controller.TCustomerController.importData()', 'POST', 1, 'admin', NULL, '/business/customer/importData', '127.0.0.1', '内网IP', '{\"updateSupport\":\"0\"}', '{\"msg\":\"恭喜您，数据已全部导入成功！共 1 条，数据如下：<br/>1、客户 任遵强 导入成功\",\"code\":200}', 0, NULL, '2023-06-07 17:21:24', 42);
INSERT INTO `sys_oper_log` VALUES (154, '客户资源', 1, 'com.resourcepool.project.business.controller.TCustomerController.add()', 'POST', 1, 'admin', NULL, '/business/customer', '127.0.0.1', '内网IP', '{\"addr\":\"621\",\"certificateSpeciality\":\"654\",\"certificateType\":\"123\",\"createBy\":\"admin\",\"createTime\":\"2023-06-07 17:23:25\",\"customerId\":3,\"customerName\":\"任遵强\",\"customerPhone\":\"18209872612\",\"params\":{},\"remark\":\"798\"}', '{\"msg\":\"操作成功\",\"code\":200}', 0, NULL, '2023-06-07 17:23:25', 38);
INSERT INTO `sys_oper_log` VALUES (155, '代码生成', 6, 'com.resourcepool.project.tool.gen.controller.GenController.importTableSave()', 'POST', 1, 'admin', NULL, '/tool/gen/importTable', '127.0.0.1', '内网IP', '{\"tables\":\"t_translate\"}', '{\"msg\":\"操作成功\",\"code\":200}', 0, NULL, '2023-06-07 18:53:47', 173);
INSERT INTO `sys_oper_log` VALUES (156, '代码生成', 2, 'com.resourcepool.project.tool.gen.controller.GenController.editSave()', 'PUT', 1, 'admin', NULL, '/tool/gen', '127.0.0.1', '内网IP', '{\"businessName\":\"translate\",\"className\":\"TTranslate\",\"columns\":[{\"capJavaField\":\"TranslateId\",\"columnComment\":\"主键\",\"columnId\":57,\"columnName\":\"translate_id\",\"columnType\":\"int(11)\",\"createBy\":\"admin\",\"createTime\":\"2023-06-07 18:53:47\",\"dictType\":\"\",\"edit\":false,\"htmlType\":\"input\",\"increment\":true,\"insert\":true,\"isIncrement\":\"1\",\"isInsert\":\"1\",\"isPk\":\"1\",\"javaField\":\"translateId\",\"javaType\":\"Long\",\"list\":false,\"params\":{},\"pk\":true,\"query\":false,\"queryType\":\"EQ\",\"required\":false,\"sort\":1,\"superColumn\":false,\"tableId\":9,\"updateBy\":\"\",\"usableColumn\":false},{\"capJavaField\":\"TranslateName\",\"columnComment\":\"企业名称\",\"columnId\":58,\"columnName\":\"translate_name\",\"columnType\":\"varchar(255)\",\"createBy\":\"admin\",\"createTime\":\"2023-06-07 18:53:47\",\"dictType\":\"\",\"edit\":true,\"htmlType\":\"input\",\"increment\":false,\"insert\":true,\"isEdit\":\"1\",\"isIncrement\":\"0\",\"isInsert\":\"1\",\"isList\":\"1\",\"isPk\":\"0\",\"isQuery\":\"1\",\"javaField\":\"translateName\",\"javaType\":\"String\",\"list\":true,\"params\":{},\"pk\":false,\"query\":true,\"queryType\":\"LIKE\",\"required\":false,\"sort\":2,\"superColumn\":false,\"tableId\":9,\"updateBy\":\"\",\"usableColumn\":false},{\"capJavaField\":\"Contacts\",\"columnComment\":\"联系人\",\"columnId\":59,\"columnName\":\"contacts\",\"columnType\":\"varchar(255)\",\"createBy\":\"admin\",\"createTime\":\"2023-06-07 18:53:47\",\"dictType\":\"\",\"edit\":true,\"htmlType\":\"input\",\"increment\":false,\"insert\":true,\"isEdit\":\"1\",\"isIncrement\":\"0\",\"isInsert\":\"1\",\"isList\":\"1\",\"isPk\":\"0\",\"isQuery\":\"1\",\"javaField\":\"contacts\",\"javaType\":\"String\",\"list\":true,\"params\":{},\"pk\":false,\"query\":true,\"queryType\":\"EQ\",\"required\":false,\"sort\":3,\"superColumn\":false,\"tableId\":9,\"updateBy\":\"\",\"usableColumn\":false},{\"capJavaField\":\"Phone\",\"columnComment\":\"联系电话\",\"columnId\":60,\"columnName\":\"phone\",\"columnType\":\"varchar(255)\",\"createBy\":\"admin\",\"createTime\":\"2023-06-07 18:53:47\",\"dictType\":\"\",\"edit\":true,\"htmlType\":\"input\",\"increment\":false,\"insert\":true,\"isEdit\":\"1\",\"isIncrement\":\"0\",\"isInsert\":\"1\",\"isList\":\"1\",\"isPk\":\"0\",\"isQuery\":\"1\",\"javaField\":\"phone\",\"javaType\":\"S', '{\"msg\":\"操作成功\",\"code\":200}', 0, NULL, '2023-06-07 18:54:05', 39);
INSERT INTO `sys_oper_log` VALUES (157, '代码生成', 8, 'com.resourcepool.project.tool.gen.controller.GenController.batchGenCode()', 'GET', 1, 'admin', NULL, '/tool/gen/batchGenCode', '127.0.0.1', '内网IP', '{\"tables\":\"t_translate\"}', NULL, 0, NULL, '2023-06-07 18:54:28', 298);
INSERT INTO `sys_oper_log` VALUES (158, '代码生成', 3, 'com.resourcepool.project.tool.gen.controller.GenController.remove()', 'DELETE', 1, 'admin', NULL, '/tool/gen/9', '127.0.0.1', '内网IP', '{}', '{\"msg\":\"操作成功\",\"code\":200}', 0, NULL, '2023-06-07 18:57:13', 19);
INSERT INTO `sys_oper_log` VALUES (159, '代码生成', 6, 'com.resourcepool.project.tool.gen.controller.GenController.importTableSave()', 'POST', 1, 'admin', NULL, '/tool/gen/importTable', '127.0.0.1', '内网IP', '{\"tables\":\"t_translate\"}', '{\"msg\":\"操作成功\",\"code\":200}', 0, NULL, '2023-06-07 18:57:16', 52);
INSERT INTO `sys_oper_log` VALUES (160, '代码生成', 2, 'com.resourcepool.project.tool.gen.controller.GenController.editSave()', 'PUT', 1, 'admin', NULL, '/tool/gen', '127.0.0.1', '内网IP', '{\"businessName\":\"translate\",\"className\":\"TTranslate\",\"columns\":[{\"capJavaField\":\"TranslateId\",\"columnComment\":\"主键\",\"columnId\":67,\"columnName\":\"translate_id\",\"columnType\":\"int(11)\",\"createBy\":\"admin\",\"createTime\":\"2023-06-07 18:57:16\",\"dictType\":\"\",\"edit\":false,\"htmlType\":\"input\",\"increment\":true,\"insert\":true,\"isIncrement\":\"1\",\"isInsert\":\"1\",\"isPk\":\"1\",\"javaField\":\"translateId\",\"javaType\":\"Long\",\"list\":false,\"params\":{},\"pk\":true,\"query\":false,\"queryType\":\"EQ\",\"required\":false,\"sort\":1,\"superColumn\":false,\"tableId\":10,\"updateBy\":\"\",\"usableColumn\":false},{\"capJavaField\":\"TranslateName\",\"columnComment\":\"企业名称\",\"columnId\":68,\"columnName\":\"translate_name\",\"columnType\":\"varchar(255)\",\"createBy\":\"admin\",\"createTime\":\"2023-06-07 18:57:16\",\"dictType\":\"\",\"edit\":true,\"htmlType\":\"input\",\"increment\":false,\"insert\":true,\"isEdit\":\"1\",\"isIncrement\":\"0\",\"isInsert\":\"1\",\"isList\":\"1\",\"isPk\":\"0\",\"isQuery\":\"1\",\"javaField\":\"translateName\",\"javaType\":\"String\",\"list\":true,\"params\":{},\"pk\":false,\"query\":true,\"queryType\":\"LIKE\",\"required\":false,\"sort\":2,\"superColumn\":false,\"tableId\":10,\"updateBy\":\"\",\"usableColumn\":false},{\"capJavaField\":\"Contacts\",\"columnComment\":\"联系人\",\"columnId\":69,\"columnName\":\"contacts\",\"columnType\":\"varchar(255)\",\"createBy\":\"admin\",\"createTime\":\"2023-06-07 18:57:16\",\"dictType\":\"\",\"edit\":true,\"htmlType\":\"input\",\"increment\":false,\"insert\":true,\"isEdit\":\"1\",\"isIncrement\":\"0\",\"isInsert\":\"1\",\"isList\":\"1\",\"isPk\":\"0\",\"isQuery\":\"1\",\"javaField\":\"contacts\",\"javaType\":\"String\",\"list\":true,\"params\":{},\"pk\":false,\"query\":true,\"queryType\":\"EQ\",\"required\":false,\"sort\":3,\"superColumn\":false,\"tableId\":10,\"updateBy\":\"\",\"usableColumn\":false},{\"capJavaField\":\"Phone\",\"columnComment\":\"联系电话\",\"columnId\":70,\"columnName\":\"phone\",\"columnType\":\"varchar(255)\",\"createBy\":\"admin\",\"createTime\":\"2023-06-07 18:57:16\",\"dictType\":\"\",\"edit\":true,\"htmlType\":\"input\",\"increment\":false,\"insert\":true,\"isEdit\":\"1\",\"isIncrement\":\"0\",\"isInsert\":\"1\",\"isList\":\"1\",\"isPk\":\"0\",\"isQuery\":\"1\",\"javaField\":\"phone\",\"javaType\"', '{\"msg\":\"操作成功\",\"code\":200}', 0, NULL, '2023-06-07 18:57:42', 35);
INSERT INTO `sys_oper_log` VALUES (161, '代码生成', 8, 'com.resourcepool.project.tool.gen.controller.GenController.batchGenCode()', 'GET', 1, 'admin', NULL, '/tool/gen/batchGenCode', '127.0.0.1', '内网IP', '{\"tables\":\"t_translate\"}', NULL, 0, NULL, '2023-06-07 18:57:44', 72);
INSERT INTO `sys_oper_log` VALUES (162, '菜单管理', 2, 'com.resourcepool.project.system.controller.SysMenuController.edit()', 'PUT', 1, 'admin', NULL, '/system/menu', '127.0.0.1', '内网IP', '{\"children\":[],\"component\":\"business/translate/index\",\"createTime\":\"2023-06-07 18:58:52\",\"icon\":\"redis-list\",\"isCache\":\"0\",\"isFrame\":\"1\",\"menuId\":2013,\"menuName\":\"企业资源\",\"menuType\":\"C\",\"orderNum\":2,\"params\":{},\"parentId\":2006,\"path\":\"translate\",\"perms\":\"business:translate:list\",\"status\":\"0\",\"updateBy\":\"admin\",\"visible\":\"0\"}', '{\"msg\":\"操作成功\",\"code\":200}', 0, NULL, '2023-06-07 19:04:14', 35);
INSERT INTO `sys_oper_log` VALUES (163, '企业资源', 1, 'com.resourcepool.project.business.controller.TTranslateController.add()', 'POST', 1, 'admin', NULL, '/business/translate', '127.0.0.1', '内网IP', '{\"addr\":\"132\",\"contacts\":\"任遵强\",\"createTime\":\"2023-06-07 19:05:37\",\"customerDemand\":\"654\",\"params\":{},\"phone\":\"18209872612\",\"sources\":\"789\",\"translateId\":1,\"translateName\":\"阿里\"}', '{\"msg\":\"操作成功\",\"code\":200}', 0, NULL, '2023-06-07 19:05:37', 35);
INSERT INTO `sys_oper_log` VALUES (164, '企业资源', 1, 'com.resourcepool.project.business.controller.TTranslateController.add()', 'POST', 1, 'admin', NULL, '/business/translate', '127.0.0.1', '内网IP', '{\"addr\":\"12345678\",\"contacts\":\"任遵强\",\"customerDemand\":\"123\",\"params\":{},\"phone\":\"18209872612\",\"sources\":\"456\",\"translateName\":\"阿里\"}', '{\"msg\":\"添加失败，资源阿里已存在\",\"code\":500}', 0, NULL, '2023-06-07 19:18:52', 10);
INSERT INTO `sys_oper_log` VALUES (165, '企业资源', 1, 'com.resourcepool.project.business.controller.TTranslateController.add()', 'POST', 1, 'admin', NULL, '/business/translate', '127.0.0.1', '内网IP', '{\"addr\":\"12345678\",\"contacts\":\"任遵强1\",\"customerDemand\":\"123\",\"params\":{},\"phone\":\"18209872612\",\"sources\":\"456\",\"translateName\":\"阿里\"}', '{\"msg\":\"添加失败，资源阿里已存在\",\"code\":500}', 0, NULL, '2023-06-07 19:18:55', 4);
INSERT INTO `sys_oper_log` VALUES (166, '企业资源', 1, 'com.resourcepool.project.business.controller.TTranslateController.add()', 'POST', 1, 'admin', NULL, '/business/translate', '127.0.0.1', '内网IP', '{\"addr\":\"12345678\",\"contacts\":\"任遵强1\",\"createBy\":\"admin\",\"createTime\":\"2023-06-07 19:18:57\",\"customerDemand\":\"123\",\"params\":{},\"phone\":\"18209872613\",\"sources\":\"456\",\"translateId\":2,\"translateName\":\"阿里\"}', '{\"msg\":\"操作成功\",\"code\":200}', 0, NULL, '2023-06-07 19:18:57', 34);
INSERT INTO `sys_oper_log` VALUES (167, '企业资源', 6, 'com.resourcepool.project.business.controller.TTranslateController.importData()', 'POST', 1, 'admin', NULL, '/business/translate/importData', '127.0.0.1', '内网IP', '{\"updateSupport\":\"0\"}', NULL, 1, '很抱歉，导入失败！共 1 条数据格式不正确，错误如下：<br/>1、企业 阿里 已存在', '2023-06-07 19:20:04', 80);
INSERT INTO `sys_oper_log` VALUES (168, '企业资源', 5, 'com.resourcepool.project.business.controller.TTranslateController.export()', 'POST', 1, 'admin', NULL, '/business/translate/export', '127.0.0.1', '内网IP', '{\"pageSize\":\"10\",\"pageNum\":\"1\"}', NULL, 0, NULL, '2023-06-07 19:20:11', 24);
INSERT INTO `sys_oper_log` VALUES (169, '企业资源', 6, 'com.resourcepool.project.business.controller.TTranslateController.importData()', 'POST', 1, 'admin', NULL, '/business/translate/importData', '127.0.0.1', '内网IP', '{\"updateSupport\":\"0\"}', '{\"msg\":\"恭喜您，数据已全部导入成功！共 1 条，数据如下：<br/>1、企业 阿里 导入成功\",\"code\":200}', 0, NULL, '2023-06-07 19:20:14', 43);
INSERT INTO `sys_oper_log` VALUES (170, '企业资源', 5, 'com.resourcepool.project.business.controller.TTranslateController.export()', 'POST', 1, 'admin', NULL, '/business/translate/export', '127.0.0.1', '内网IP', '{\"pageSize\":\"10\",\"pageNum\":\"1\"}', NULL, 0, NULL, '2023-06-07 19:20:19', 20);
INSERT INTO `sys_oper_log` VALUES (171, '企业资源', 6, 'com.resourcepool.project.business.controller.TTranslateController.importData()', 'POST', 1, 'admin', NULL, '/business/translate/importData', '127.0.0.1', '内网IP', '{\"updateSupport\":\"0\"}', NULL, 1, '很抱歉，导入失败！共 1 条数据格式不正确，错误如下：<br/>1、企业 阿里 已存在', '2023-06-07 19:20:22', 13);
INSERT INTO `sys_oper_log` VALUES (172, '企业资源', 6, 'com.resourcepool.project.business.controller.TTranslateController.importData()', 'POST', 1, 'admin', NULL, '/business/translate/importData', '127.0.0.1', '内网IP', '{\"updateSupport\":\"0\"}', NULL, 1, '很抱歉，导入失败！共 2 条数据格式不正确，错误如下：<br/>1、企业 阿里 已存在<br/>2、企业 阿里 已存在', '2023-06-07 19:20:30', 13);
INSERT INTO `sys_oper_log` VALUES (173, '企业资源', 6, 'com.resourcepool.project.business.controller.TTranslateController.importData()', 'POST', 1, 'admin', NULL, '/business/translate/importData', '127.0.0.1', '内网IP', '{\"updateSupport\":\"0\"}', '{\"msg\":\"恭喜您，数据已全部导入成功！共 1 条，数据如下：<br/>1、企业 阿里1 导入成功\",\"code\":200}', 0, NULL, '2023-06-07 19:20:35', 21);
INSERT INTO `sys_oper_log` VALUES (174, '代码生成', 6, 'com.resourcepool.project.tool.gen.controller.GenController.importTableSave()', 'POST', 1, 'admin', NULL, '/tool/gen/importTable', '127.0.0.1', '内网IP', '{\"tables\":\"t_customer_book\"}', '{\"msg\":\"操作成功\",\"code\":200}', 0, NULL, '2023-06-07 19:30:18', 59);
INSERT INTO `sys_oper_log` VALUES (175, '代码生成', 2, 'com.resourcepool.project.tool.gen.controller.GenController.editSave()', 'PUT', 1, 'admin', NULL, '/tool/gen', '127.0.0.1', '内网IP', '{\"businessName\":\"book\",\"className\":\"TCustomerBook\",\"columns\":[{\"capJavaField\":\"BookId\",\"columnComment\":\"主键\",\"columnId\":78,\"columnName\":\"book_id\",\"columnType\":\"int(11)\",\"createBy\":\"admin\",\"createTime\":\"2023-06-07 19:30:18\",\"dictType\":\"\",\"edit\":false,\"htmlType\":\"input\",\"increment\":true,\"insert\":true,\"isIncrement\":\"1\",\"isInsert\":\"1\",\"isPk\":\"1\",\"javaField\":\"bookId\",\"javaType\":\"Long\",\"list\":false,\"params\":{},\"pk\":true,\"query\":false,\"queryType\":\"EQ\",\"required\":false,\"sort\":1,\"superColumn\":false,\"tableId\":11,\"updateBy\":\"\",\"usableColumn\":false},{\"capJavaField\":\"CustomerId\",\"columnComment\":\"客户id\",\"columnId\":79,\"columnName\":\"customer_id\",\"columnType\":\"int(11)\",\"createBy\":\"admin\",\"createTime\":\"2023-06-07 19:30:18\",\"dictType\":\"\",\"edit\":true,\"htmlType\":\"input\",\"increment\":false,\"insert\":true,\"isEdit\":\"1\",\"isIncrement\":\"0\",\"isInsert\":\"1\",\"isList\":\"1\",\"isPk\":\"0\",\"isQuery\":\"1\",\"javaField\":\"customerId\",\"javaType\":\"Long\",\"list\":true,\"params\":{},\"pk\":false,\"query\":true,\"queryType\":\"EQ\",\"required\":false,\"sort\":2,\"superColumn\":false,\"tableId\":11,\"updateBy\":\"\",\"usableColumn\":false},{\"capJavaField\":\"UserId\",\"columnComment\":\"用户id\",\"columnId\":80,\"columnName\":\"user_id\",\"columnType\":\"int(11)\",\"createBy\":\"admin\",\"createTime\":\"2023-06-07 19:30:18\",\"dictType\":\"\",\"edit\":true,\"htmlType\":\"input\",\"increment\":false,\"insert\":true,\"isEdit\":\"1\",\"isIncrement\":\"0\",\"isInsert\":\"1\",\"isList\":\"1\",\"isPk\":\"0\",\"isQuery\":\"1\",\"javaField\":\"userId\",\"javaType\":\"Long\",\"list\":true,\"params\":{},\"pk\":false,\"query\":true,\"queryType\":\"EQ\",\"required\":false,\"sort\":3,\"superColumn\":false,\"tableId\":11,\"updateBy\":\"\",\"usableColumn\":false},{\"capJavaField\":\"CreateTime\",\"columnComment\":\"领用时间\",\"columnId\":81,\"columnName\":\"create_time\",\"columnType\":\"datetime\",\"createBy\":\"admin\",\"createTime\":\"2023-06-07 19:30:18\",\"dictType\":\"\",\"edit\":false,\"htmlType\":\"datetime\",\"increment\":false,\"insert\":true,\"isIncrement\":\"0\",\"isInsert\":\"1\",\"isPk\":\"0\",\"javaField\":\"createTime\",\"javaType\":\"Date\",\"list\":false,\"params\":{},\"pk\":false,\"query\":false,\"queryType\":', '{\"msg\":\"操作成功\",\"code\":200}', 0, NULL, '2023-06-07 19:30:48', 36);
INSERT INTO `sys_oper_log` VALUES (176, '代码生成', 8, 'com.resourcepool.project.tool.gen.controller.GenController.batchGenCode()', 'GET', 1, 'admin', NULL, '/tool/gen/batchGenCode', '127.0.0.1', '内网IP', '{\"tables\":\"t_customer_book\"}', NULL, 0, NULL, '2023-06-07 19:33:25', 138);
INSERT INTO `sys_oper_log` VALUES (177, '菜单管理', 1, 'com.resourcepool.project.system.controller.SysMenuController.add()', 'POST', 1, 'admin', NULL, '/system/menu', '127.0.0.1', '内网IP', '{\"children\":[],\"createBy\":\"admin\",\"icon\":\"phone\",\"isCache\":\"0\",\"isFrame\":\"1\",\"menuName\":\"通讯录\",\"menuType\":\"M\",\"orderNum\":2,\"params\":{},\"parentId\":0,\"path\":\"book\",\"status\":\"0\",\"visible\":\"0\"}', '{\"msg\":\"操作成功\",\"code\":200}', 0, NULL, '2023-06-07 19:37:28', 21);
INSERT INTO `sys_oper_log` VALUES (178, '菜单管理', 2, 'com.resourcepool.project.system.controller.SysMenuController.edit()', 'PUT', 1, 'admin', NULL, '/system/menu', '127.0.0.1', '内网IP', '{\"children\":[],\"component\":\"business/book/index\",\"createTime\":\"2023-06-07 19:34:38\",\"icon\":\"#\",\"isCache\":\"0\",\"isFrame\":\"1\",\"menuId\":2019,\"menuName\":\"客户通讯录\",\"menuType\":\"C\",\"orderNum\":1,\"params\":{},\"parentId\":2025,\"path\":\"book\",\"perms\":\"business:book:list\",\"status\":\"0\",\"updateBy\":\"admin\",\"visible\":\"0\"}', '{\"msg\":\"操作成功\",\"code\":200}', 0, NULL, '2023-06-07 19:37:37', 26);
INSERT INTO `sys_oper_log` VALUES (179, '菜单管理', 2, 'com.resourcepool.project.system.controller.SysMenuController.edit()', 'PUT', 1, 'admin', NULL, '/system/menu', '127.0.0.1', '内网IP', '{\"children\":[],\"component\":\"business/book/index\",\"createTime\":\"2023-06-07 19:34:38\",\"icon\":\"phone\",\"isCache\":\"0\",\"isFrame\":\"1\",\"menuId\":2019,\"menuName\":\"客户通讯录\",\"menuType\":\"C\",\"orderNum\":1,\"params\":{},\"parentId\":2025,\"path\":\"book\",\"perms\":\"business:book:list\",\"status\":\"0\",\"updateBy\":\"admin\",\"visible\":\"0\"}', '{\"msg\":\"操作成功\",\"code\":200}', 0, NULL, '2023-06-07 19:37:51', 26);
INSERT INTO `sys_oper_log` VALUES (180, '客户资源', 2, 'com.resourcepool.project.business.controller.TCustomerController.getBook()', 'POST', 1, 'admin', NULL, '/business/customer/getBook', '127.0.0.1', '内网IP', '{\"addr\":\"*87\",\"certificateSpeciality\":\"654\",\"certificateType\":\"123\",\"createBy\":\"admin\",\"createTime\":\"2023-06-07 17:21:24\",\"customerId\":2,\"customerName\":\"任遵强\",\"customerPhone\":\"18209872613\",\"isDel\":0,\"isUse\":1,\"params\":{},\"pass\":\"****\",\"remark\":\"789\"}', '{\"msg\":\"操作成功\",\"code\":200}', 0, NULL, '2023-06-07 19:50:40', 48);
INSERT INTO `sys_oper_log` VALUES (181, '客户资源', 2, 'com.resourcepool.project.business.controller.TCustomerController.getBook()', 'POST', 1, 'admin', NULL, '/business/customer/getBook', '127.0.0.1', '内网IP', '{\"addr\":\"*87\",\"certificateSpeciality\":\"654\",\"certificateType\":\"123\",\"createBy\":\"admin\",\"createTime\":\"2023-06-07 17:21:24\",\"customerId\":2,\"customerName\":\"任遵强\",\"customerPhone\":\"18209872613\",\"isDel\":0,\"isUse\":1,\"params\":{},\"pass\":\"****\",\"remark\":\"789\"}', '{\"msg\":\"操作成功\",\"code\":200}', 0, NULL, '2023-06-07 19:51:36', 36);
INSERT INTO `sys_oper_log` VALUES (182, '客户资源', 2, 'com.resourcepool.project.business.controller.TCustomerController.getBook()', 'POST', 1, 'admin', NULL, '/business/customer/getBook', '127.0.0.1', '内网IP', '{\"addr\":\"*87\",\"certificateSpeciality\":\"654\",\"certificateType\":\"123\",\"createBy\":\"admin\",\"createTime\":\"2023-06-07 17:21:24\",\"customerId\":2,\"customerName\":\"任遵强\",\"customerPhone\":\"18209872613\",\"isDel\":0,\"isUse\":1,\"params\":{},\"pass\":\"****\",\"remark\":\"789\"}', '{\"msg\":\"操作成功\",\"code\":200}', 0, NULL, '2023-06-07 20:00:25', 49);
INSERT INTO `sys_oper_log` VALUES (183, '客户通讯录', 2, 'com.resourcepool.project.business.controller.TCustomerBookController.edit()', 'PUT', 1, 'admin', NULL, '/business/book', '127.0.0.1', '内网IP', '{\"bookId\":3,\"endTime\":\"2023-06-22\",\"params\":{},\"pass\":\"****\"}', '{\"msg\":\"操作成功\",\"code\":200}', 0, NULL, '2023-06-07 20:11:11', 7);
INSERT INTO `sys_oper_log` VALUES (184, '客户通讯录', 2, 'com.resourcepool.project.business.controller.TCustomerBookController.edit()', 'PUT', 1, 'admin', NULL, '/business/book', '127.0.0.1', '内网IP', '{\"bookId\":3,\"endTime\":\"2023-06-30\",\"params\":{},\"pass\":\"****\"}', '{\"msg\":\"操作成功\",\"code\":200}', 0, NULL, '2023-06-07 20:11:26', 25);
INSERT INTO `sys_oper_log` VALUES (185, '客户通讯录', 2, 'com.resourcepool.project.business.controller.TCustomerBookController.edit()', 'PUT', 1, 'admin', NULL, '/business/book', '127.0.0.1', '内网IP', '{\"bookId\":3,\"endTime\":\"2023-06-14\",\"params\":{},\"pass\":\"****\"}', '{\"msg\":\"操作成功\",\"code\":200}', 0, NULL, '2023-06-07 20:13:04', 8);
INSERT INTO `sys_oper_log` VALUES (186, '代码生成', 6, 'com.resourcepool.project.tool.gen.controller.GenController.importTableSave()', 'POST', 1, 'admin', NULL, '/tool/gen/importTable', '127.0.0.1', '内网IP', '{\"tables\":\"t_translate_book\"}', '{\"msg\":\"操作成功\",\"code\":200}', 0, NULL, '2023-06-07 20:24:47', 93);
INSERT INTO `sys_oper_log` VALUES (187, '代码生成', 2, 'com.resourcepool.project.tool.gen.controller.GenController.editSave()', 'PUT', 1, 'admin', NULL, '/tool/gen', '127.0.0.1', '内网IP', '{\"businessName\":\"translateBook\",\"className\":\"TTranslateBook\",\"columns\":[{\"capJavaField\":\"TranslateBookId\",\"columnComment\":\"主键\",\"columnId\":84,\"columnName\":\"translate_book_id\",\"columnType\":\"int(11)\",\"createBy\":\"admin\",\"createTime\":\"2023-06-07 20:24:47\",\"dictType\":\"\",\"edit\":false,\"htmlType\":\"input\",\"increment\":true,\"insert\":true,\"isIncrement\":\"1\",\"isInsert\":\"1\",\"isPk\":\"1\",\"javaField\":\"translateBookId\",\"javaType\":\"Long\",\"list\":false,\"params\":{},\"pk\":true,\"query\":false,\"queryType\":\"EQ\",\"required\":false,\"sort\":1,\"superColumn\":false,\"tableId\":12,\"updateBy\":\"\",\"usableColumn\":false},{\"capJavaField\":\"TranslateId\",\"columnComment\":\"企业id\",\"columnId\":85,\"columnName\":\"translate_id\",\"columnType\":\"int(11)\",\"createBy\":\"admin\",\"createTime\":\"2023-06-07 20:24:47\",\"dictType\":\"\",\"edit\":true,\"htmlType\":\"input\",\"increment\":false,\"insert\":true,\"isEdit\":\"1\",\"isIncrement\":\"0\",\"isInsert\":\"1\",\"isList\":\"1\",\"isPk\":\"0\",\"isQuery\":\"1\",\"isRequired\":\"1\",\"javaField\":\"translateId\",\"javaType\":\"Long\",\"list\":true,\"params\":{},\"pk\":false,\"query\":true,\"queryType\":\"EQ\",\"required\":true,\"sort\":2,\"superColumn\":false,\"tableId\":12,\"updateBy\":\"\",\"usableColumn\":false},{\"capJavaField\":\"TranslateName\",\"columnComment\":\"企业名称\",\"columnId\":86,\"columnName\":\"translate_name\",\"columnType\":\"varchar(255)\",\"createBy\":\"admin\",\"createTime\":\"2023-06-07 20:24:47\",\"dictType\":\"\",\"edit\":true,\"htmlType\":\"input\",\"increment\":false,\"insert\":true,\"isEdit\":\"1\",\"isIncrement\":\"0\",\"isInsert\":\"1\",\"isList\":\"1\",\"isPk\":\"0\",\"isQuery\":\"1\",\"javaField\":\"translateName\",\"javaType\":\"String\",\"list\":true,\"params\":{},\"pk\":false,\"query\":true,\"queryType\":\"LIKE\",\"required\":false,\"sort\":3,\"superColumn\":false,\"tableId\":12,\"updateBy\":\"\",\"usableColumn\":false},{\"capJavaField\":\"Contacts\",\"columnComment\":\"联系人\",\"columnId\":87,\"columnName\":\"contacts\",\"columnType\":\"varchar(255)\",\"createBy\":\"admin\",\"createTime\":\"2023-06-07 20:24:47\",\"dictType\":\"\",\"edit\":true,\"htmlType\":\"input\",\"increment\":false,\"insert\":true,\"isEdit\":\"1\",\"isIncrement\":\"0\",\"isInsert\":\"1\",\"isList\":\"1\",\"isPk\":\"0', '{\"msg\":\"操作成功\",\"code\":200}', 0, NULL, '2023-06-07 20:25:14', 39);
INSERT INTO `sys_oper_log` VALUES (188, '代码生成', 8, 'com.resourcepool.project.tool.gen.controller.GenController.batchGenCode()', 'GET', 1, 'admin', NULL, '/tool/gen/batchGenCode', '127.0.0.1', '内网IP', '{\"tables\":\"t_translate_book\"}', NULL, 0, NULL, '2023-06-07 20:25:18', 156);
INSERT INTO `sys_oper_log` VALUES (189, '企业资源', 2, 'com.resourcepool.project.business.controller.TTranslateController.getBook()', 'POST', 1, 'admin', NULL, '/business/translate/getBook', '127.0.0.1', '内网IP', '{\"addr\":\"132\",\"contacts\":\"任遵强\",\"createTime\":\"2023-06-07 19:05:37\",\"customerDemand\":\"654\",\"isDel\":0,\"isUse\":1,\"params\":{},\"pass\":\"****\",\"phone\":\"18209872612\",\"sources\":\"789\",\"translateId\":1,\"translateName\":\"阿里\"}', '{\"msg\":\"操作成功\",\"code\":200}', 0, NULL, '2023-06-07 20:31:40', 29);
INSERT INTO `sys_oper_log` VALUES (190, '企业资源', 2, 'com.resourcepool.project.business.controller.TTranslateController.getBook()', 'POST', 1, 'admin', NULL, '/business/translate/getBook', '127.0.0.1', '内网IP', '{\"addr\":\"12345678\",\"contacts\":\"任遵强1\",\"createBy\":\"admin\",\"createTime\":\"2023-06-07 19:18:57\",\"customerDemand\":\"123\",\"isDel\":0,\"isUse\":1,\"params\":{},\"pass\":\"****\",\"phone\":\"18209872613\",\"sources\":\"456\",\"translateId\":2,\"translateName\":\"阿里\"}', '{\"msg\":\"操作成功\",\"code\":200}', 0, NULL, '2023-06-07 20:31:41', 36);
INSERT INTO `sys_oper_log` VALUES (191, '菜单管理', 2, 'com.resourcepool.project.system.controller.SysMenuController.edit()', 'PUT', 1, 'admin', NULL, '/system/menu', '127.0.0.1', '内网IP', '{\"children\":[],\"component\":\"business/translateBook/index\",\"createTime\":\"2023-06-07 20:31:56\",\"icon\":\"phone\",\"isCache\":\"0\",\"isFrame\":\"1\",\"menuId\":2026,\"menuName\":\"企业通讯录\",\"menuType\":\"C\",\"orderNum\":1,\"params\":{},\"parentId\":2025,\"path\":\"translateBook\",\"perms\":\"business:translateBook:list\",\"status\":\"0\",\"updateBy\":\"admin\",\"visible\":\"0\"}', '{\"msg\":\"操作成功\",\"code\":200}', 0, NULL, '2023-06-07 20:32:16', 21);
INSERT INTO `sys_oper_log` VALUES (192, '企业资源', 2, 'com.resourcepool.project.business.controller.TTranslateController.getBook()', 'POST', 1, 'admin', NULL, '/business/translate/getBook', '127.0.0.1', '内网IP', '{\"addr\":\"132\",\"contacts\":\"任遵强\",\"createTime\":\"2023-06-07 19:05:37\",\"customerDemand\":\"654\",\"isDel\":0,\"isUse\":1,\"params\":{},\"pass\":\"****\",\"phone\":\"18209872612\",\"sources\":\"789\",\"translateId\":1,\"translateName\":\"阿里\"}', '{\"msg\":\"操作成功\",\"code\":200}', 0, NULL, '2023-06-07 20:34:24', 43);
INSERT INTO `sys_oper_log` VALUES (193, '企业资源', 2, 'com.resourcepool.project.business.controller.TTranslateController.getBook()', 'POST', 1, 'admin', NULL, '/business/translate/getBook', '127.0.0.1', '内网IP', '{\"addr\":\"12345678\",\"contacts\":\"任遵强1\",\"createBy\":\"admin\",\"createTime\":\"2023-06-07 19:18:57\",\"customerDemand\":\"123\",\"isDel\":0,\"isUse\":1,\"params\":{},\"pass\":\"****\",\"phone\":\"18209872613\",\"sources\":\"456\",\"translateId\":2,\"translateName\":\"阿里\"}', '{\"msg\":\"操作成功\",\"code\":200}', 0, NULL, '2023-06-07 20:34:24', 36);
INSERT INTO `sys_oper_log` VALUES (194, '代码生成', 6, 'com.resourcepool.project.tool.gen.controller.GenController.importTableSave()', 'POST', 1, 'admin', NULL, '/tool/gen/importTable', '127.0.0.1', '内网IP', '{\"tables\":\"t_customer_connect\"}', '{\"msg\":\"操作成功\",\"code\":200}', 0, NULL, '2023-06-07 20:37:34', 65);
INSERT INTO `sys_oper_log` VALUES (195, '代码生成', 2, 'com.resourcepool.project.tool.gen.controller.GenController.editSave()', 'PUT', 1, 'admin', NULL, '/tool/gen', '127.0.0.1', '内网IP', '{\"businessName\":\"customerConnect\",\"className\":\"TCustomerConnect\",\"columns\":[{\"capJavaField\":\"CustomerConnectId\",\"columnComment\":\"主键\",\"columnId\":96,\"columnName\":\"customer_connect_id\",\"columnType\":\"int(11)\",\"createBy\":\"admin\",\"createTime\":\"2023-06-07 20:37:34\",\"dictType\":\"\",\"edit\":false,\"htmlType\":\"input\",\"increment\":true,\"insert\":true,\"isIncrement\":\"1\",\"isInsert\":\"1\",\"isPk\":\"1\",\"javaField\":\"customerConnectId\",\"javaType\":\"Long\",\"list\":false,\"params\":{},\"pk\":true,\"query\":false,\"queryType\":\"EQ\",\"required\":false,\"sort\":1,\"superColumn\":false,\"tableId\":13,\"updateBy\":\"\",\"usableColumn\":false},{\"capJavaField\":\"UserId\",\"columnComment\":\"录入用户id\",\"columnId\":97,\"columnName\":\"user_id\",\"columnType\":\"int(11)\",\"createBy\":\"admin\",\"createTime\":\"2023-06-07 20:37:34\",\"dictType\":\"\",\"edit\":true,\"htmlType\":\"input\",\"increment\":false,\"insert\":true,\"isEdit\":\"1\",\"isIncrement\":\"0\",\"isInsert\":\"1\",\"isList\":\"1\",\"isPk\":\"0\",\"isQuery\":\"1\",\"javaField\":\"userId\",\"javaType\":\"Long\",\"list\":true,\"params\":{},\"pk\":false,\"query\":true,\"queryType\":\"EQ\",\"required\":false,\"sort\":2,\"superColumn\":false,\"tableId\":13,\"updateBy\":\"\",\"usableColumn\":false},{\"capJavaField\":\"UserName\",\"columnComment\":\"录入用户\",\"columnId\":98,\"columnName\":\"user_name\",\"columnType\":\"varchar(255)\",\"createBy\":\"admin\",\"createTime\":\"2023-06-07 20:37:34\",\"dictType\":\"\",\"edit\":true,\"htmlType\":\"input\",\"increment\":false,\"insert\":true,\"isEdit\":\"1\",\"isIncrement\":\"0\",\"isInsert\":\"1\",\"isList\":\"1\",\"isPk\":\"0\",\"isQuery\":\"1\",\"javaField\":\"userName\",\"javaType\":\"String\",\"list\":true,\"params\":{},\"pk\":false,\"query\":true,\"queryType\":\"LIKE\",\"required\":false,\"sort\":3,\"superColumn\":false,\"tableId\":13,\"updateBy\":\"\",\"usableColumn\":false},{\"capJavaField\":\"CustomerId\",\"columnComment\":\"客户id\",\"columnId\":99,\"columnName\":\"customer_id\",\"columnType\":\"int(11)\",\"createBy\":\"admin\",\"createTime\":\"2023-06-07 20:37:34\",\"dictType\":\"\",\"edit\":true,\"htmlType\":\"input\",\"increment\":false,\"insert\":true,\"isEdit\":\"1\",\"isIncrement\":\"0\",\"isInsert\":\"1\",\"isList\":\"1\",\"isPk\":\"0\",\"isQuery\":\"1\",\"javaField\":\"cust', '{\"msg\":\"操作成功\",\"code\":200}', 0, NULL, '2023-06-07 20:37:53', 44);
INSERT INTO `sys_oper_log` VALUES (196, '代码生成', 8, 'com.resourcepool.project.tool.gen.controller.GenController.batchGenCode()', 'GET', 1, 'admin', NULL, '/tool/gen/batchGenCode', '127.0.0.1', '内网IP', '{\"tables\":\"t_customer_connect\"}', NULL, 0, NULL, '2023-06-07 20:37:55', 145);
INSERT INTO `sys_oper_log` VALUES (197, '客户沟通记录', 1, 'com.resourcepool.project.business.controller.TCustomerConnectController.add()', 'POST', 1, 'admin', NULL, '/business/customerConnect', '127.0.0.1', '内网IP', '{\"content\":\"123\",\"createTime\":\"2023-06-07 21:08:49\",\"customerConnectId\":1,\"customerId\":2,\"customerName\":\"超级管理员\",\"params\":{},\"userId\":1}', '{\"msg\":\"操作成功\",\"code\":200}', 0, NULL, '2023-06-07 21:08:49', 32);
INSERT INTO `sys_oper_log` VALUES (198, '客户沟通记录', 1, 'com.resourcepool.project.business.controller.TCustomerConnectController.add()', 'POST', 1, 'admin', NULL, '/business/customerConnect', '127.0.0.1', '内网IP', '{\"content\":\"测试一下\",\"createTime\":\"2023-06-07 21:09:36\",\"customerConnectId\":2,\"customerId\":2,\"customerName\":\"任遵强\",\"params\":{},\"userId\":1,\"userName\":\"超级管理员\"}', '{\"msg\":\"操作成功\",\"code\":200}', 0, NULL, '2023-06-07 21:09:36', 47);
INSERT INTO `sys_oper_log` VALUES (199, '客户沟通记录', 1, 'com.resourcepool.project.business.controller.TCustomerConnectController.add()', 'POST', 1, 'admin', NULL, '/business/customerConnect', '127.0.0.1', '内网IP', '{\"content\":\"ddasdsad\",\"createTime\":\"2023-06-07 21:09:42\",\"customerConnectId\":3,\"customerId\":2,\"customerName\":\"任遵强\",\"params\":{},\"userId\":1,\"userName\":\"超级管理员\"}', '{\"msg\":\"操作成功\",\"code\":200}', 0, NULL, '2023-06-07 21:09:42', 10);
INSERT INTO `sys_oper_log` VALUES (200, '客户资源', 2, 'com.resourcepool.project.business.controller.TCustomerController.getBook()', 'POST', 1, 'admin', NULL, '/business/customer/getBook', '103.238.35.3', 'XX XX', '{\"addr\":\"621\",\"certificateSpeciality\":\"654\",\"certificateType\":\"123\",\"createBy\":\"admin\",\"createTime\":\"2023-06-07 17:23:26\",\"customerId\":3,\"customerName\":\"任遵强\",\"customerPhone\":\"18209872612\",\"isDel\":0,\"isUse\":1,\"params\":{},\"pass\":\"****\",\"remark\":\"798\"}', '{\"msg\":\"操作成功\",\"code\":200}', 0, NULL, '2023-06-07 21:32:04', 19);
INSERT INTO `sys_oper_log` VALUES (201, '客户通讯录', 2, 'com.resourcepool.project.business.controller.TCustomerBookController.edit()', 'PUT', 1, 'admin', NULL, '/business/book', '103.238.35.3', 'XX XX', '{\"bookId\":3,\"endTime\":\"2023-06-08\",\"params\":{},\"pass\":\"****\"}', '{\"msg\":\"操作成功\",\"code\":200}', 0, NULL, '2023-06-07 21:33:34', 26);
INSERT INTO `sys_oper_log` VALUES (202, '菜单管理', 2, 'com.resourcepool.project.system.controller.SysMenuController.edit()', 'PUT', 1, 'admin', NULL, '/system/menu', '103.238.35.131', 'XX XX', '{\"children\":[],\"component\":\"business/customer/index\",\"createTime\":\"2023-06-07 16:38:45\",\"icon\":\"peoples\",\"isCache\":\"0\",\"isFrame\":\"1\",\"menuId\":2007,\"menuName\":\"人才资源\",\"menuType\":\"C\",\"orderNum\":1,\"params\":{},\"parentId\":2006,\"path\":\"customer\",\"perms\":\"business:customer:list\",\"status\":\"0\",\"updateBy\":\"admin\",\"visible\":\"0\"}', '{\"msg\":\"操作成功\",\"code\":200}', 0, NULL, '2023-06-07 21:36:15', 24);
INSERT INTO `sys_oper_log` VALUES (203, '客户资源', 1, 'com.resourcepool.project.business.controller.TCustomerController.add()', 'POST', 1, 'admin', NULL, '/business/customer', '127.0.0.1', '内网IP', '{\"addr\":\"4\",\"certificateSpeciality\":\"2\",\"certificateType\":\"1\",\"createBy\":\"admin\",\"createTime\":\"2023-06-08 18:17:35\",\"customerId\":4,\"customerName\":\"任遵强\",\"customerPhone\":\"18209872612\",\"params\":{},\"pass\":\"****\",\"remark\":\"3\"}', '{\"msg\":\"操作成功\",\"code\":200}', 0, NULL, '2023-06-08 18:17:35', 24);
INSERT INTO `sys_oper_log` VALUES (204, '客户资源', 3, 'com.resourcepool.project.business.controller.TCustomerController.remove()', 'DELETE', 1, 'admin', NULL, '/business/customer/4', '127.0.0.1', '内网IP', '{}', NULL, 1, '\r\n### Error updating database.  Cause: java.sql.SQLSyntaxErrorException: You have an error in your SQL syntax; check the manual that corresponds to your MySQL server version for the right syntax to use near \'set is_del = 1\n        where customer_id in\n         (  \n            4\n         \' at line 2\r\n### The error may exist in file [D:\\project\\huxiangwei\\ResourcePool\\ResourcePool-service\\target\\classes\\mybatis\\business\\TCustomerMapper.xml]\r\n### The error may involve com.resourcepool.project.business.mapper.TCustomerMapper.deleteTCustomerByCustomerIds-Inline\r\n### The error occurred while setting parameters\r\n### SQL: delete from t_customer         set is_del = 1         where customer_id in          (               ?          )\r\n### Cause: java.sql.SQLSyntaxErrorException: You have an error in your SQL syntax; check the manual that corresponds to your MySQL server version for the right syntax to use near \'set is_del = 1\n        where customer_id in\n         (  \n            4\n         \' at line 2\n; bad SQL grammar []; nested exception is java.sql.SQLSyntaxErrorException: You have an error in your SQL syntax; check the manual that corresponds to your MySQL server version for the right syntax to use near \'set is_del = 1\n        where customer_id in\n         (  \n            4\n         \' at line 2', '2023-06-08 18:17:38', 56);
INSERT INTO `sys_oper_log` VALUES (205, '客户资源', 3, 'com.resourcepool.project.business.controller.TCustomerController.remove()', 'DELETE', 1, 'admin', NULL, '/business/customer/4', '127.0.0.1', '内网IP', '{}', NULL, 1, '\r\n### Error updating database.  Cause: java.sql.SQLSyntaxErrorException: You have an error in your SQL syntax; check the manual that corresponds to your MySQL server version for the right syntax to use near \'from t_customer\n        set is_del = 1\n        where customer_id in\n         (  \' at line 1\r\n### The error may exist in file [D:\\project\\huxiangwei\\ResourcePool\\ResourcePool-service\\target\\classes\\mybatis\\business\\TCustomerMapper.xml]\r\n### The error may involve com.resourcepool.project.business.mapper.TCustomerMapper.deleteTCustomerByCustomerIds-Inline\r\n### The error occurred while setting parameters\r\n### SQL: update from t_customer         set is_del = 1         where customer_id in          (               ?          )\r\n### Cause: java.sql.SQLSyntaxErrorException: You have an error in your SQL syntax; check the manual that corresponds to your MySQL server version for the right syntax to use near \'from t_customer\n        set is_del = 1\n        where customer_id in\n         (  \' at line 1\n; bad SQL grammar []; nested exception is java.sql.SQLSyntaxErrorException: You have an error in your SQL syntax; check the manual that corresponds to your MySQL server version for the right syntax to use near \'from t_customer\n        set is_del = 1\n        where customer_id in\n         (  \' at line 1', '2023-06-08 18:18:20', 50);
INSERT INTO `sys_oper_log` VALUES (206, '客户资源', 3, 'com.resourcepool.project.business.controller.TCustomerController.remove()', 'DELETE', 1, 'admin', NULL, '/business/customer/4', '127.0.0.1', '内网IP', '{}', '{\"msg\":\"操作成功\",\"code\":200}', 0, NULL, '2023-06-08 18:18:47', 36);
INSERT INTO `sys_oper_log` VALUES (207, '客户资源', 1, 'com.resourcepool.project.business.controller.TCustomerController.add()', 'POST', 1, 'admin', NULL, '/business/customer', '127.0.0.1', '内网IP', '{\"addr\":\"3\",\"certificateSpeciality\":\"12\",\"certificateType\":\"1324567\",\"createBy\":\"admin\",\"createTime\":\"2023-06-08 18:19:08\",\"customerId\":5,\"customerName\":\"任遵强\",\"customerPhone\":\"18209872612\",\"params\":{},\"pass\":\"****\",\"remark\":\"4\",\"sources\":\"5\"}', '{\"msg\":\"操作成功\",\"code\":200}', 0, NULL, '2023-06-08 18:19:08', 34);
INSERT INTO `sys_oper_log` VALUES (208, '客户资源', 3, 'com.resourcepool.project.business.controller.TCustomerController.remove()', 'DELETE', 1, 'admin', NULL, '/business/customer/5', '127.0.0.1', '内网IP', '{}', '{\"msg\":\"操作成功\",\"code\":200}', 0, NULL, '2023-06-08 18:19:11', 8);
INSERT INTO `sys_oper_log` VALUES (209, '客户资源', 6, 'com.resourcepool.project.business.controller.TCustomerController.importData()', 'POST', 1, 'admin', NULL, '/business/customer/importData', '127.0.0.1', '内网IP', '{\"updateSupport\":\"0\"}', '{\"msg\":\"恭喜您，数据已全部导入成功！共 5 条，数据如下：<br/>1、客户 任遵强 导入成功<br/>2、客户 任遵强 导入成功<br/>3、客户 任遵强 导入成功<br/>4、客户 任遵强 导入成功<br/>5、客户 任遵强 导入成功\",\"code\":200}', 0, NULL, '2023-06-08 18:19:49', 148);
INSERT INTO `sys_oper_log` VALUES (210, '客户资源', 2, 'com.resourcepool.project.business.controller.TCustomerController.edit()', 'PUT', 1, 'admin', NULL, '/business/customer', '127.0.0.1', '内网IP', '{\"addr\":\"4\",\"certificateSpeciality\":\"2\",\"certificateType\":\"1\",\"createBy\":\"admin\",\"createTime\":\"2023-06-08 18:19:50\",\"customerId\":6,\"customerName\":\"任遵强\",\"customerPhone\":\"18209872612\",\"isDel\":0,\"isUse\":0,\"params\":{},\"pass\":\"****\",\"remark\":\"3\",\"sources\":\"555555\"}', '{\"msg\":\"操作成功\",\"code\":200}', 0, NULL, '2023-06-08 18:19:57', 22);
INSERT INTO `sys_oper_log` VALUES (211, '客户资源', 2, 'com.resourcepool.project.business.controller.TCustomerController.getBook()', 'POST', 1, 'admin', NULL, '/business/customer/getBook', '127.0.0.1', '内网IP', '{\"addr\":\"4\",\"certificateSpeciality\":\"2\",\"certificateType\":\"1\",\"createBy\":\"admin\",\"createTime\":\"2023-06-08 18:19:50\",\"customerId\":6,\"customerName\":\"任遵强\",\"customerPhone\":\"18209872612\",\"isDel\":0,\"isUse\":0,\"params\":{},\"pass\":\"****\",\"remark\":\"3\",\"sources\":\"555555\"}', '{\"msg\":\"操作成功\",\"code\":200}', 0, NULL, '2023-06-08 18:23:44', 63);
INSERT INTO `sys_oper_log` VALUES (212, '客户资源', 1, 'com.resourcepool.project.business.controller.TCustomerController.add()', 'POST', 1, 'admin', NULL, '/business/customer', '127.0.0.1', '内网IP', '{\"addr\":\"654\",\"certificateSpeciality\":\"654\",\"certificateType\":\"1236\",\"createBy\":\"admin\",\"createTime\":\"2023-06-08 18:24:03\",\"customerId\":11,\"customerName\":\"任遵强\",\"customerPhone\":\"18209872612\",\"params\":{},\"pass\":\"****\",\"remark\":\"789\",\"sources\":\"132\"}', '{\"msg\":\"操作成功\",\"code\":200}', 0, NULL, '2023-06-08 18:24:03', 27);
INSERT INTO `sys_oper_log` VALUES (213, '客户资源', 3, 'com.resourcepool.project.business.controller.TCustomerController.remove()', 'DELETE', 1, 'admin', NULL, '/business/customer/11', '127.0.0.1', '内网IP', '{}', '{\"msg\":\"操作成功\",\"code\":200}', 0, NULL, '2023-06-08 18:24:08', 22);
INSERT INTO `sys_oper_log` VALUES (214, '客户资源', 1, 'com.resourcepool.project.business.controller.TCustomerController.add()', 'POST', 1, 'admin', NULL, '/business/customer', '127.0.0.1', '内网IP', '{\"addr\":\"1\",\"certificateSpeciality\":\"1\",\"certificateType\":\"1\",\"createBy\":\"admin\",\"createTime\":\"2023-06-08 18:27:26\",\"customerId\":12,\"customerName\":\"任遵强\",\"customerPhone\":\"18209872612\",\"params\":{},\"pass\":\"****\",\"remark\":\"1\",\"sources\":\"1\"}', '{\"msg\":\"操作成功\",\"code\":200}', 0, NULL, '2023-06-08 18:27:26', 52);
INSERT INTO `sys_oper_log` VALUES (215, '客户资源', 3, 'com.resourcepool.project.business.controller.TCustomerController.remove()', 'DELETE', 1, 'admin', NULL, '/business/customer/12', '127.0.0.1', '内网IP', '{}', '{\"msg\":\"操作成功\",\"code\":200}', 0, NULL, '2023-06-08 18:27:30', 26);
INSERT INTO `sys_oper_log` VALUES (216, '客户资源', 1, 'com.resourcepool.project.business.controller.TCustomerController.add()', 'POST', 1, 'admin', NULL, '/business/customer', '127.0.0.1', '内网IP', '{\"addr\":\"1\",\"certificateSpeciality\":\"1\",\"certificateType\":\"1\",\"createBy\":\"admin\",\"createTime\":\"2023-06-08 18:27:48\",\"customerId\":13,\"customerName\":\"人族亲娘\",\"customerPhone\":\"18209872612\",\"params\":{},\"pass\":\"****\",\"remark\":\"1\",\"sources\":\"1\"}', '{\"msg\":\"操作成功\",\"code\":200}', 0, NULL, '2023-06-08 18:27:48', 29);
INSERT INTO `sys_oper_log` VALUES (217, '客户资源', 3, 'com.resourcepool.project.business.controller.TCustomerController.remove()', 'DELETE', 1, 'admin', NULL, '/business/customer/13', '127.0.0.1', '内网IP', '{}', '{\"msg\":\"操作成功\",\"code\":200}', 0, NULL, '2023-06-08 18:27:52', 44);
INSERT INTO `sys_oper_log` VALUES (218, '客户资源', 1, 'com.resourcepool.project.business.controller.TCustomerController.add()', 'POST', 1, 'admin', NULL, '/business/customer', '127.0.0.1', '内网IP', '{\"addr\":\"1\",\"certificateSpeciality\":\"1\",\"certificateType\":\"1\",\"customerName\":\"任遵强\",\"customerPhone\":\"18209872612\",\"params\":{},\"pass\":\"****\",\"remark\":\"1\",\"sources\":\"1\"}', NULL, 1, '', '2023-06-08 18:29:43', 17);
INSERT INTO `sys_oper_log` VALUES (219, '客户资源', 1, 'com.resourcepool.project.business.controller.TCustomerController.add()', 'POST', 1, 'admin', NULL, '/business/customer', '127.0.0.1', '内网IP', '{\"addr\":\"1\",\"certificateSpeciality\":\"1\",\"certificateType\":\"1\",\"customerName\":\"任遵强\",\"customerPhone\":\"18209872612\",\"params\":{},\"pass\":\"****\",\"remark\":\"1\",\"sources\":\"1\"}', NULL, 1, '', '2023-06-08 18:30:08', 10364);
INSERT INTO `sys_oper_log` VALUES (220, '客户资源', 2, 'com.resourcepool.project.business.controller.TCustomerController.getBook()', 'POST', 1, 'admin', NULL, '/business/customer/getBook', '127.0.0.1', '内网IP', '{\"addr\":\"4\",\"certificateSpeciality\":\"2\",\"certificateType\":\"1\",\"createBy\":\"admin\",\"createTime\":\"2023-06-08 18:19:50\",\"customerId\":6,\"customerName\":\"任遵强\",\"customerPhone\":\"18209872612\",\"isDel\":0,\"isUse\":0,\"params\":{},\"pass\":\"****\",\"remark\":\"3\",\"sources\":\"555555\"}', '{\"msg\":\"操作成功\",\"code\":200}', 0, NULL, '2023-06-08 18:31:03', 42);
INSERT INTO `sys_oper_log` VALUES (221, '客户资源', 2, 'com.resourcepool.project.business.controller.TCustomerController.getBook()', 'POST', 1, 'admin', NULL, '/business/customer/getBook', '127.0.0.1', '内网IP', '{\"addr\":\"4\",\"certificateSpeciality\":\"2\",\"certificateType\":\"1\",\"createBy\":\"admin\",\"createTime\":\"2023-06-08 18:19:50\",\"customerId\":6,\"customerName\":\"任遵强\",\"customerPhone\":\"18209872612\",\"isDel\":0,\"isUse\":0,\"params\":{},\"pass\":\"****\",\"remark\":\"3\",\"sources\":\"555555\"}', '{\"msg\":\"操作成功\",\"code\":200}', 0, NULL, '2023-06-08 18:35:18', 55);
INSERT INTO `sys_oper_log` VALUES (222, '客户资源', 1, 'com.resourcepool.project.business.controller.TCustomerController.add()', 'POST', 1, 'admin', NULL, '/business/customer', '127.0.0.1', '内网IP', '{\"addr\":\"1\",\"certificateSpeciality\":\"1\",\"certificateType\":\"1\",\"createBy\":\"admin\",\"createTime\":\"2023-06-08 18:35:42\",\"customerId\":14,\"customerName\":\"1\",\"customerPhone\":\"18209872612\",\"params\":{},\"pass\":\"****\",\"remark\":\"1\",\"sources\":\"1\"}', '{\"msg\":\"操作成功\",\"code\":200}', 0, NULL, '2023-06-08 18:35:42', 30);
INSERT INTO `sys_oper_log` VALUES (223, '客户资源', 3, 'com.resourcepool.project.business.controller.TCustomerController.remove()', 'DELETE', 1, 'admin', NULL, '/business/customer/14', '127.0.0.1', '内网IP', '{}', '{\"msg\":\"操作成功\",\"code\":200}', 0, NULL, '2023-06-08 18:35:46', 10);
INSERT INTO `sys_oper_log` VALUES (224, '客户资源', 1, 'com.resourcepool.project.business.controller.TCustomerController.add()', 'POST', 1, 'admin', NULL, '/business/customer', '127.0.0.1', '内网IP', '{\"addr\":\"1\",\"certificateSpeciality\":\"1\",\"certificateType\":\"11\",\"createBy\":\"admin\",\"createTime\":\"2023-06-08 18:36:12\",\"customerId\":15,\"customerName\":\"1\",\"customerPhone\":\"18209872612\",\"params\":{},\"pass\":\"****\",\"remark\":\"1\",\"sources\":\"1\"}', '{\"msg\":\"操作成功\",\"code\":200}', 0, NULL, '2023-06-08 18:36:13', 12787);
INSERT INTO `sys_oper_log` VALUES (225, '客户资源', 2, 'com.resourcepool.project.business.controller.TCustomerController.getBook()', 'POST', 1, 'admin', NULL, '/business/customer/getBook', '127.0.0.1', '内网IP', '{\"addr\":\"4\",\"certificateSpeciality\":\"2\",\"certificateType\":\"1\",\"createBy\":\"admin\",\"createTime\":\"2023-06-08 18:19:50\",\"customerId\":6,\"customerName\":\"任遵强\",\"customerPhone\":\"18209872612\",\"isDel\":0,\"isUse\":0,\"params\":{},\"pass\":\"****\",\"remark\":\"3\",\"sources\":\"555555\"}', '{\"msg\":\"操作成功\",\"code\":200}', 0, NULL, '2023-06-08 18:39:51', 47);
INSERT INTO `sys_oper_log` VALUES (226, '客户资源', 1, 'com.resourcepool.project.business.controller.TCustomerController.add()', 'POST', 1, 'admin', NULL, '/business/customer', '127.0.0.1', '内网IP', '{\"addr\":\"1\",\"certificateSpeciality\":\"1\",\"certificateType\":\"1\",\"customerName\":\"1\",\"customerPhone\":\"18209872612\",\"params\":{},\"pass\":\"****\",\"remark\":\"1\",\"sources\":\"1\"}', '{\"msg\":\"添加失败，客户1已存在\",\"code\":500}', 0, NULL, '2023-06-08 18:43:57', 15);
INSERT INTO `sys_oper_log` VALUES (227, '客户资源', 1, 'com.resourcepool.project.business.controller.TCustomerController.add()', 'POST', 1, 'admin', NULL, '/business/customer', '127.0.0.1', '内网IP', '{\"addr\":\"1\",\"certificateSpeciality\":\"1\",\"certificateType\":\"1\",\"customerName\":\"1\",\"customerPhone\":\"18209872612\",\"params\":{},\"pass\":\"****\",\"remark\":\"1\",\"sources\":\"1\"}', '{\"msg\":\"添加失败，客户1已存在\",\"code\":500}', 0, NULL, '2023-06-08 18:44:02', 3);
INSERT INTO `sys_oper_log` VALUES (228, '客户资源', 2, 'com.resourcepool.project.business.controller.TCustomerController.getBook()', 'POST', 1, 'admin', NULL, '/business/customer/getBook', '127.0.0.1', '内网IP', '{\"addr\":\"4\",\"certificateSpeciality\":\"2\",\"certificateType\":\"1\",\"createBy\":\"admin\",\"createTime\":\"2023-06-08 18:19:50\",\"customerId\":6,\"customerName\":\"任遵强\",\"customerPhone\":\"18209872612\",\"isDel\":0,\"isUse\":0,\"params\":{},\"pass\":\"****\",\"remark\":\"3\",\"sources\":\"555555\"}', '{\"msg\":\"操作成功\",\"code\":200}', 0, NULL, '2023-06-08 18:44:37', 38);
INSERT INTO `sys_oper_log` VALUES (229, '客户资源', 1, 'com.resourcepool.project.business.controller.TCustomerController.add()', 'POST', 1, 'admin', NULL, '/business/customer', '127.0.0.1', '内网IP', '{\"addr\":\"1\",\"certificateSpeciality\":\"1\",\"certificateType\":\"1\",\"customerName\":\"1\",\"customerPhone\":\"18209872612\",\"params\":{},\"pass\":\"****\",\"remark\":\"1\",\"sources\":\"1\"}', '{\"msg\":\"该客户电话:18209872612已被领取\",\"code\":500}', 0, NULL, '2023-06-08 18:44:45', 7);
INSERT INTO `sys_oper_log` VALUES (230, '企业资源', 2, 'com.resourcepool.project.business.controller.TTranslateController.getBook()', 'POST', 1, 'admin', NULL, '/business/translate/getBook', '127.0.0.1', '内网IP', '{\"addr\":\"132\",\"contacts\":\"任遵强\",\"createTime\":\"2023-06-07 19:05:37\",\"customerDemand\":\"654\",\"isDel\":0,\"isUse\":0,\"params\":{},\"pass\":\"****\",\"phone\":\"18209872612\",\"sources\":\"789\",\"translateId\":1,\"translateName\":\"阿里\"}', '{\"msg\":\"操作成功\",\"code\":200}', 0, NULL, '2023-06-08 18:46:36', 38);
INSERT INTO `sys_oper_log` VALUES (231, '企业资源', 1, 'com.resourcepool.project.business.controller.TTranslateController.add()', 'POST', 1, 'admin', NULL, '/business/translate', '127.0.0.1', '内网IP', '{\"addr\":\"1\",\"contacts\":\"18209872612\",\"createBy\":\"admin\",\"createTime\":\"2023-06-08 18:46:46\",\"customerDemand\":\"1\",\"params\":{},\"pass\":\"****\",\"phone\":\"1\",\"sources\":\"1\",\"translateId\":5,\"translateName\":\"1\"}', '{\"msg\":\"操作成功\",\"code\":200}', 0, NULL, '2023-06-08 18:46:46', 31);
INSERT INTO `sys_oper_log` VALUES (232, '企业资源', 3, 'com.resourcepool.project.business.controller.TTranslateController.remove()', 'DELETE', 1, 'admin', NULL, '/business/translate/5', '127.0.0.1', '内网IP', '{}', NULL, 1, '\r\n### Error updating database.  Cause: java.sql.SQLSyntaxErrorException: Unknown column \'customer_id\' in \'where clause\'\r\n### The error may exist in file [D:\\project\\huxiangwei\\ResourcePool\\ResourcePool-service\\target\\classes\\mybatis\\business\\TTranslateMapper.xml]\r\n### The error may involve com.resourcepool.project.business.mapper.TTranslateMapper.deleteTTranslateByTranslateIds-Inline\r\n### The error occurred while setting parameters\r\n### SQL: update t_translate         set is_del = 1         where customer_id in          (               ?          )\r\n### Cause: java.sql.SQLSyntaxErrorException: Unknown column \'customer_id\' in \'where clause\'\n; bad SQL grammar []; nested exception is java.sql.SQLSyntaxErrorException: Unknown column \'customer_id\' in \'where clause\'', '2023-06-08 18:46:51', 5);
INSERT INTO `sys_oper_log` VALUES (233, '企业资源', 1, 'com.resourcepool.project.business.controller.TTranslateController.add()', 'POST', 1, 'admin', NULL, '/business/translate', '127.0.0.1', '内网IP', '{\"addr\":\"1\",\"contacts\":\"1\",\"customerDemand\":\"1\",\"params\":{},\"pass\":\"****\",\"phone\":\"18209872612\",\"sources\":\"1\",\"translateName\":\"1\"}', '{\"msg\":\"该企业电话:18209872612已被领取\",\"code\":500}', 0, NULL, '2023-06-08 18:48:29', 14);
INSERT INTO `sys_oper_log` VALUES (234, '客户资源', 6, 'com.resourcepool.project.business.controller.TCustomerController.importData()', 'POST', 1, 'admin', NULL, '/business/customer/importData', '127.0.0.1', '内网IP', '{\"updateSupport\":\"0\"}', NULL, 1, '很抱歉，导入失败！共 5 条数据格式不正确，错误如下：<br/>1、客户 任遵强 已被领取<br/>2、客户 任遵强 已存在<br/>3、客户 任遵强 已存在<br/>4、客户 任遵强 已存在<br/>5、客户 任遵强 已存在', '2023-06-08 18:51:41', 315);
INSERT INTO `sys_oper_log` VALUES (235, '企业资源', 6, 'com.resourcepool.project.business.controller.TTranslateController.importData()', 'POST', 1, 'admin', NULL, '/business/translate/importData', '127.0.0.1', '内网IP', '{\"updateSupport\":\"0\"}', NULL, 1, '很抱歉，导入失败！共 1 条数据格式不正确，错误如下：<br/>1、企业 1 已被领取', '2023-06-08 18:52:17', 26);
INSERT INTO `sys_oper_log` VALUES (236, '用户管理', 1, 'com.resourcepool.project.system.controller.SysUserController.add()', 'POST', 1, 'admin', NULL, '/system/user', '127.0.0.1', '内网IP', '{\"admin\":false,\"createBy\":\"admin\",\"deptId\":202,\"nickName\":\"测试1\",\"params\":{},\"phonenumber\":\"13314412345\",\"postIds\":[],\"roleIds\":[],\"status\":\"0\",\"userId\":2,\"userName\":\"test1\"}', '{\"msg\":\"操作成功\",\"code\":200}', 0, NULL, '2023-06-08 18:55:10', 102);
INSERT INTO `sys_oper_log` VALUES (237, '角色管理', 1, 'com.resourcepool.project.system.controller.SysRoleController.add()', 'POST', 1, 'admin', NULL, '/system/role', '127.0.0.1', '内网IP', '{\"admin\":false,\"createBy\":\"admin\",\"deptCheckStrictly\":true,\"deptIds\":[],\"flag\":false,\"menuCheckStrictly\":true,\"menuIds\":[2006,2007,2008,2009,2010,2011,2012,2013,2014,2015,2016,2017,2018,2025,2019,2020,2021,2022,2023,2024,2026,2027,2028,2029,2030,2031],\"params\":{},\"roleId\":2,\"roleKey\":\"ptjs\",\"roleName\":\"普通角色\",\"roleSort\":1,\"status\":\"0\"}', '{\"msg\":\"操作成功\",\"code\":200}', 0, NULL, '2023-06-08 18:55:49', 48);
INSERT INTO `sys_oper_log` VALUES (238, '用户管理', 2, 'com.resourcepool.project.system.controller.SysUserController.edit()', 'PUT', 1, 'admin', NULL, '/system/user', '127.0.0.1', '内网IP', '{\"admin\":false,\"avatar\":\"\",\"createBy\":\"admin\",\"createTime\":\"2023-06-08 18:55:10\",\"delFlag\":\"0\",\"dept\":{\"ancestors\":\"0,100\",\"children\":[],\"deptId\":202,\"deptName\":\"人事部\",\"orderNum\":0,\"params\":{},\"parentId\":100,\"status\":\"0\"},\"deptId\":202,\"email\":\"\",\"loginIp\":\"\",\"nickName\":\"测试1\",\"params\":{},\"phonenumber\":\"13314412345\",\"postIds\":[],\"roleIds\":[2],\"roles\":[{\"admin\":false,\"dataScope\":\"1\",\"deptCheckStrictly\":false,\"flag\":false,\"menuCheckStrictly\":false,\"params\":{},\"roleId\":2,\"roleKey\":\"ptjs\",\"roleName\":\"普通角色\",\"roleSort\":1,\"status\":\"0\"}],\"sex\":\"0\",\"status\":\"0\",\"updateBy\":\"admin\",\"userId\":2,\"userName\":\"test1\"}', '{\"msg\":\"操作成功\",\"code\":200}', 0, NULL, '2023-06-08 18:55:55', 31);
INSERT INTO `sys_oper_log` VALUES (239, '用户管理', 2, 'com.resourcepool.project.system.controller.SysUserController.edit()', 'PUT', 1, 'admin', NULL, '/system/user', '127.0.0.1', '内网IP', '{\"admin\":false,\"avatar\":\"\",\"createBy\":\"admin\",\"createTime\":\"2023-06-08 18:55:10\",\"delFlag\":\"0\",\"dept\":{\"ancestors\":\"0,100\",\"children\":[],\"deptId\":202,\"deptName\":\"人事部\",\"orderNum\":0,\"params\":{},\"parentId\":100,\"status\":\"0\"},\"deptId\":202,\"email\":\"\",\"loginIp\":\"\",\"nickName\":\"测试1\",\"params\":{},\"phonenumber\":\"13314412345\",\"postIds\":[],\"roleIds\":[2],\"roles\":[{\"admin\":false,\"dataScope\":\"1\",\"deptCheckStrictly\":false,\"flag\":false,\"menuCheckStrictly\":false,\"params\":{},\"roleId\":2,\"roleKey\":\"ptjs\",\"roleName\":\"普通角色\",\"roleSort\":1,\"status\":\"0\"}],\"sex\":\"0\",\"status\":\"0\",\"updateBy\":\"admin\",\"useNum\":2,\"userId\":2,\"userName\":\"test1\"}', '{\"msg\":\"操作成功\",\"code\":200}', 0, NULL, '2023-06-08 19:01:42', 62);
INSERT INTO `sys_oper_log` VALUES (240, '角色管理', 2, 'com.resourcepool.project.system.controller.SysRoleController.edit()', 'PUT', 1, 'admin', NULL, '/system/role', '127.0.0.1', '内网IP', '{\"admin\":false,\"createTime\":\"2023-06-08 18:55:48\",\"dataScope\":\"1\",\"delFlag\":\"0\",\"deptCheckStrictly\":true,\"flag\":false,\"menuCheckStrictly\":true,\"menuIds\":[2006,2007,2008,2009,2010,2011,2012,2013,2014,2015,2016,2017,2018,2025,2019,2020,2021,2022,2023,2024,2026,2027,2028,2029,2030,2031],\"params\":{},\"roleId\":2,\"roleKey\":\"ptjs\",\"roleName\":\"普通角色\",\"roleSort\":1,\"status\":\"0\",\"updateBy\":\"admin\"}', '{\"msg\":\"操作成功\",\"code\":200}', 0, NULL, '2023-06-08 19:02:14', 36);
INSERT INTO `sys_oper_log` VALUES (241, '客户资源', 1, 'com.resourcepool.project.business.controller.TCustomerController.add()', 'POST', 1, 'test1', NULL, '/business/customer', '127.0.0.1', '内网IP', '{\"addr\":\"1\",\"certificateSpeciality\":\"1\",\"certificateType\":\"1\",\"customerName\":\"1\",\"customerPhone\":\"18209872612\",\"params\":{},\"pass\":\"****\",\"remark\":\"1\",\"sources\":\"1\"}', '{\"msg\":\"该客户电话:18209872612已被领取\",\"code\":500}', 0, NULL, '2023-06-08 19:02:41', 10);
INSERT INTO `sys_oper_log` VALUES (242, '客户资源', 2, 'com.resourcepool.project.business.controller.TCustomerController.getBook()', 'POST', 1, 'test1', NULL, '/business/customer/getBook', '127.0.0.1', '内网IP', '{\"addr\":\"5\",\"certificateSpeciality\":\"3\",\"certificateType\":\"2\",\"createBy\":\"admin\",\"createTime\":\"2023-06-08 18:19:50\",\"customerId\":7,\"customerName\":\"任遵强\",\"customerPhone\":\"18209872613\",\"isDel\":0,\"isUse\":0,\"params\":{},\"pass\":\"****\",\"remark\":\"4\",\"sources\":\"6\"}', '{\"msg\":\"操作成功\",\"code\":200}', 0, NULL, '2023-06-08 19:04:01', 56);
INSERT INTO `sys_oper_log` VALUES (243, '客户资源', 2, 'com.resourcepool.project.business.controller.TCustomerController.getBook()', 'POST', 1, 'test1', NULL, '/business/customer/getBook', '127.0.0.1', '内网IP', '{\"addr\":\"6\",\"certificateSpeciality\":\"4\",\"certificateType\":\"3\",\"createBy\":\"admin\",\"createTime\":\"2023-06-08 18:19:50\",\"customerId\":8,\"customerName\":\"任遵强\",\"customerPhone\":\"18209872614\",\"isDel\":0,\"isUse\":0,\"params\":{},\"pass\":\"****\",\"remark\":\"5\",\"sources\":\"7\"}', '{\"msg\":\"操作成功\",\"code\":200}', 0, NULL, '2023-06-08 19:11:04', 60);
INSERT INTO `sys_oper_log` VALUES (244, '客户沟通记录', 1, 'com.resourcepool.project.business.controller.TCustomerConnectController.add()', 'POST', 1, 'test1', NULL, '/business/customerConnect', '127.0.0.1', '内网IP', '{\"content\":\"13231\",\"createTime\":\"2023-06-08 19:11:13\",\"customerConnectId\":4,\"customerId\":7,\"customerName\":\"任遵强\",\"params\":{},\"userId\":2,\"userName\":\"测试1\"}', '{\"msg\":\"操作成功\",\"code\":200}', 0, NULL, '2023-06-08 19:11:13', 26);
INSERT INTO `sys_oper_log` VALUES (245, '用户管理', 2, 'com.resourcepool.project.system.controller.SysUserController.edit()', 'PUT', 1, 'admin', NULL, '/system/user', '127.0.0.1', '内网IP', '{\"admin\":false,\"avatar\":\"\",\"createBy\":\"admin\",\"createTime\":\"2023-06-08 18:55:10\",\"delFlag\":\"0\",\"dept\":{\"ancestors\":\"0,100\",\"children\":[],\"deptId\":202,\"deptName\":\"人事部\",\"orderNum\":0,\"params\":{},\"parentId\":100,\"status\":\"0\"},\"deptId\":202,\"email\":\"\",\"loginDate\":\"2023-06-08 19:04:37\",\"loginIp\":\"127.0.0.1\",\"nickName\":\"测试1\",\"params\":{},\"phonenumber\":\"13314412345\",\"postIds\":[],\"roleIds\":[2],\"roles\":[{\"admin\":false,\"dataScope\":\"1\",\"deptCheckStrictly\":false,\"flag\":false,\"menuCheckStrictly\":false,\"params\":{},\"roleId\":2,\"roleKey\":\"ptjs\",\"roleName\":\"普通角色\",\"roleSort\":1,\"status\":\"0\"}],\"sex\":\"0\",\"status\":\"0\",\"updateBy\":\"admin\",\"useNum\":2,\"useNumTrn\":2,\"userId\":2,\"userName\":\"test1\"}', '{\"msg\":\"操作成功\",\"code\":200}', 0, NULL, '2023-06-08 19:46:14', 53);
INSERT INTO `sys_oper_log` VALUES (246, '客户资源', 2, 'com.resourcepool.project.business.controller.TCustomerController.getBook()', 'POST', 1, 'test1', NULL, '/business/customer/getBook', '127.0.0.1', '内网IP', '{\"addr\":\"7\",\"certificateSpeciality\":\"5\",\"certificateType\":\"4\",\"createBy\":\"admin\",\"createTime\":\"2023-06-08 18:19:50\",\"customerId\":9,\"customerName\":\"任遵强\",\"customerPhone\":\"18209872615\",\"isDel\":0,\"isUse\":0,\"params\":{},\"pass\":\"****\",\"remark\":\"6\",\"sources\":\"8\"}', '{\"msg\":\"您已没有领取次数！\",\"code\":500}', 0, NULL, '2023-06-08 19:53:31', 11);
INSERT INTO `sys_oper_log` VALUES (247, '企业资源', 2, 'com.resourcepool.project.business.controller.TTranslateController.getBook()', 'POST', 1, 'test1', NULL, '/business/translate/getBook', '127.0.0.1', '内网IP', '{\"addr\":\"12345678\",\"contacts\":\"任遵强1\",\"createBy\":\"admin\",\"createTime\":\"2023-06-07 19:18:57\",\"customerDemand\":\"123\",\"isDel\":0,\"isUse\":0,\"params\":{},\"pass\":\"****\",\"phone\":\"18209872613\",\"sources\":\"456\",\"translateId\":2,\"translateName\":\"阿里\"}', '{\"msg\":\"操作成功\",\"code\":200}', 0, NULL, '2023-06-08 19:53:41', 38);
INSERT INTO `sys_oper_log` VALUES (248, '企业资源', 2, 'com.resourcepool.project.business.controller.TTranslateController.getBook()', 'POST', 1, 'test1', NULL, '/business/translate/getBook', '127.0.0.1', '内网IP', '{\"addr\":\"123\",\"contacts\":\"任遵强\",\"createBy\":\"admin\",\"createTime\":\"2023-06-07 19:20:15\",\"customerDemand\":\"231\",\"isDel\":0,\"isUse\":0,\"params\":{},\"pass\":\"****\",\"phone\":\"18209872614\",\"sources\":\"231\",\"translateId\":3,\"translateName\":\"阿里\"}', '{\"msg\":\"操作成功\",\"code\":200}', 0, NULL, '2023-06-08 19:53:42', 37);
INSERT INTO `sys_oper_log` VALUES (249, '企业资源', 2, 'com.resourcepool.project.business.controller.TTranslateController.getBook()', 'POST', 1, 'test1', NULL, '/business/translate/getBook', '127.0.0.1', '内网IP', '{\"addr\":\"123\",\"contacts\":\"任遵强\",\"createBy\":\"admin\",\"createTime\":\"2023-06-07 19:20:35\",\"customerDemand\":\"231\",\"isDel\":0,\"isUse\":0,\"params\":{},\"pass\":\"****\",\"phone\":\"18209872614\",\"sources\":\"231\",\"translateId\":4,\"translateName\":\"阿里1\"}', '{\"msg\":\"您已没有领取次数！\",\"code\":500}', 0, NULL, '2023-06-08 19:53:42', 4);
INSERT INTO `sys_oper_log` VALUES (250, '客户资源', 2, 'com.resourcepool.project.business.controller.TCustomerController.getBook()', 'POST', 1, 'test1', NULL, '/business/customer/getBook', '127.0.0.1', '内网IP', '{\"addr\":\"7\",\"certificateSpeciality\":\"5\",\"certificateType\":\"4\",\"createBy\":\"admin\",\"createTime\":\"2023-06-08 18:19:50\",\"customerId\":9,\"customerName\":\"任遵强\",\"customerPhone\":\"18209872615\",\"isDel\":0,\"isUse\":0,\"params\":{},\"pass\":\"****\",\"remark\":\"6\",\"sources\":\"8\"}', '{\"msg\":\"您已没有领取次数！\",\"code\":500}', 0, NULL, '2023-06-08 20:21:06', 4);
INSERT INTO `sys_oper_log` VALUES (251, '客户资源', 2, 'com.resourcepool.project.business.controller.TCustomerController.getBook()', 'POST', 1, 'test1', NULL, '/business/customer/getBook', '127.0.0.1', '内网IP', '{\"addr\":\"8\",\"certificateSpeciality\":\"6\",\"certificateType\":\"5\",\"createBy\":\"admin\",\"createTime\":\"2023-06-08 18:19:50\",\"customerId\":10,\"customerName\":\"任遵强\",\"customerPhone\":\"18209872616\",\"isDel\":0,\"isUse\":0,\"params\":{},\"pass\":\"****\",\"remark\":\"7\",\"sources\":\"9\"}', '{\"msg\":\"您已没有领取次数！\",\"code\":500}', 0, NULL, '2023-06-08 20:21:06', 2);
INSERT INTO `sys_oper_log` VALUES (252, '客户资源', 6, 'com.resourcepool.project.business.controller.TCustomerController.importData()', 'POST', 1, 'test1', NULL, '/business/customer/importData', '127.0.0.1', '内网IP', '{\"updateSupport\":\"0\"}', '{\"msg\":\"恭喜您，数据已全部导入成功！共 29 条，数据如下：<br/>1、客户 任遵强 导入成功<br/>2、客户 任遵强 导入成功<br/>3、客户 任遵强 导入成功<br/>4、客户 任遵强 导入成功<br/>5、客户 任遵强 导入成功<br/>6、客户 任遵强 导入成功<br/>7、客户 任遵强 导入成功<br/>8、客户 任遵强 导入成功<br/>9、客户 任遵强 导入成功<br/>10、客户 任遵强 导入成功<br/>11、客户 任遵强 导入成功<br/>12、客户 任遵强 导入成功<br/>13、客户 任遵强 导入成功<br/>14、客户 任遵强 导入成功<br/>15、客户 任遵强 导入成功<br/>16、客户 任遵强 导入成功<br/>17、客户 任遵强 导入成功<br/>18、客户 任遵强 导入成功<br/>19、客户 任遵强 导入成功<br/>20、客户 任遵强 导入成功<br/>21、客户 任遵强 导入成功<br/>22、客户 任遵强 导入成功<br/>23、客户 任遵强 导入成功<br/>24、客户 任遵强 导入成功<br/>25、客户 任遵强 导入成功<br/>26、客户 任遵强 导入成功<br/>27、客户 任遵强 导入成功<br/>28、客户 任遵强 导入成功<br/>29、客户 任遵强 导入成功\",\"code\":200}', 0, NULL, '2023-06-08 20:38:57', 698);
INSERT INTO `sys_oper_log` VALUES (253, '企业资源', 6, 'com.resourcepool.project.business.controller.TTranslateController.importData()', 'POST', 1, 'test1', NULL, '/business/translate/importData', '127.0.0.1', '内网IP', '{\"updateSupport\":\"0\"}', '{\"msg\":\"恭喜您，数据已全部导入成功！共 1 条，数据如下：<br/>1、企业 阿里 导入成功\",\"code\":200}', 0, NULL, '2023-06-08 20:39:31', 42);
INSERT INTO `sys_oper_log` VALUES (254, '企业资源', 6, 'com.resourcepool.project.business.controller.TTranslateController.importData()', 'POST', 1, 'test1', NULL, '/business/translate/importData', '127.0.0.1', '内网IP', '{\"updateSupport\":\"0\"}', NULL, 1, '很抱歉，导入失败！共 1 条数据格式不正确，错误如下：<br/>1、企业 阿里 已存在', '2023-06-08 20:39:40', 314);
INSERT INTO `sys_oper_log` VALUES (255, '客户资源', 2, 'com.resourcepool.project.business.controller.TCustomerController.getBook()', 'POST', 1, 'test1', NULL, '/business/customer/getBook', '127.0.0.1', '内网IP', '{\"addr\":\"4\",\"certificateSpeciality\":\"2\",\"certificateType\":\"1\",\"createBy\":\"test1\",\"createTime\":\"2023-06-08 20:38:57\",\"customerId\":16,\"customerName\":\"任遵强\",\"customerPhone\":\"18209872612\",\"isDel\":0,\"isUse\":0,\"notes\":\"6\",\"params\":{},\"pass\":\"****\",\"remark\":\"3\",\"sources\":\"5\"}', '{\"msg\":\"操作成功\",\"code\":200}', 0, NULL, '2023-06-08 20:39:47', 41);
INSERT INTO `sys_oper_log` VALUES (256, '客户资源', 2, 'com.resourcepool.project.business.controller.TCustomerController.getBook()', 'POST', 1, 'test1', NULL, '/business/customer/getBook', '127.0.0.1', '内网IP', '{\"addr\":\"5\",\"certificateSpeciality\":\"3\",\"certificateType\":\"2\",\"createBy\":\"test1\",\"createTime\":\"2023-06-08 20:38:57\",\"customerId\":17,\"customerName\":\"任遵强\",\"customerPhone\":\"18209872613\",\"isDel\":0,\"isUse\":0,\"notes\":\"7\",\"params\":{},\"pass\":\"****\",\"remark\":\"4\",\"sources\":\"6\"}', '{\"msg\":\"操作成功\",\"code\":200}', 0, NULL, '2023-06-08 20:39:47', 35);
INSERT INTO `sys_oper_log` VALUES (257, '客户资源', 2, 'com.resourcepool.project.business.controller.TCustomerController.getBook()', 'POST', 1, 'test1', NULL, '/business/customer/getBook', '127.0.0.1', '内网IP', '{\"addr\":\"6\",\"certificateSpeciality\":\"4\",\"certificateType\":\"3\",\"createBy\":\"test1\",\"createTime\":\"2023-06-08 20:38:57\",\"customerId\":18,\"customerName\":\"任遵强\",\"customerPhone\":\"18209872614\",\"isDel\":0,\"isUse\":0,\"notes\":\"8\",\"params\":{},\"pass\":\"****\",\"remark\":\"5\",\"sources\":\"7\"}', '{\"msg\":\"您已没有领取次数！\",\"code\":500}', 0, NULL, '2023-06-08 20:39:48', 3);
INSERT INTO `sys_oper_log` VALUES (258, '客户资源', 2, 'com.resourcepool.project.business.controller.TCustomerController.getBook()', 'POST', 1, 'test1', NULL, '/business/customer/getBook', '127.0.0.1', '内网IP', '{\"addr\":\"6\",\"certificateSpeciality\":\"4\",\"certificateType\":\"3\",\"createBy\":\"test1\",\"createTime\":\"2023-06-08 20:38:57\",\"customerId\":18,\"customerName\":\"任遵强\",\"customerPhone\":\"18209872614\",\"isDel\":0,\"isUse\":0,\"notes\":\"8\",\"params\":{},\"pass\":\"****\",\"remark\":\"5\",\"sources\":\"7\"}', '{\"msg\":\"您已没有领取次数！\",\"code\":500}', 0, NULL, '2023-06-08 20:39:50', 2);
INSERT INTO `sys_oper_log` VALUES (259, '企业资源', 2, 'com.resourcepool.project.business.controller.TTranslateController.getBook()', 'POST', 1, 'test1', NULL, '/business/translate/getBook', '127.0.0.1', '内网IP', '{\"addr\":\"1\",\"contacts\":\"任遵强\",\"createBy\":\"test1\",\"createTime\":\"2023-06-08 20:39:31\",\"customerDemand\":\"1\",\"isDel\":0,\"isUse\":0,\"notes\":\"1\",\"params\":{},\"pass\":\"****\",\"phone\":\"18209872612\",\"sources\":\"1\",\"translateId\":6,\"translateName\":\"阿里\"}', '{\"msg\":\"操作成功\",\"code\":200}', 0, NULL, '2023-06-08 20:39:54', 17);
INSERT INTO `sys_oper_log` VALUES (260, '企业资源', 2, 'com.resourcepool.project.business.controller.TTranslateController.getBook()', 'POST', 1, 'test1', NULL, '/business/translate/getBook', '127.0.0.1', '内网IP', '{\"addr\":\"2\",\"contacts\":\"任遵强\",\"createBy\":\"test1\",\"createTime\":\"2023-06-08 20:39:40\",\"customerDemand\":\"2\",\"isDel\":0,\"isUse\":0,\"notes\":\"2\",\"params\":{},\"pass\":\"****\",\"phone\":\"18209872613\",\"sources\":\"2\",\"translateId\":7,\"translateName\":\"阿里\"}', '{\"msg\":\"操作成功\",\"code\":200}', 0, NULL, '2023-06-08 20:39:54', 30);
INSERT INTO `sys_oper_log` VALUES (261, '企业资源', 2, 'com.resourcepool.project.business.controller.TTranslateController.getBook()', 'POST', 1, 'test1', NULL, '/business/translate/getBook', '127.0.0.1', '内网IP', '{\"addr\":\"3\",\"contacts\":\"任遵强\",\"createBy\":\"test1\",\"createTime\":\"2023-06-08 20:39:40\",\"customerDemand\":\"3\",\"isDel\":0,\"isUse\":0,\"notes\":\"3\",\"params\":{},\"pass\":\"****\",\"phone\":\"18209872614\",\"sources\":\"3\",\"translateId\":8,\"translateName\":\"阿里\"}', '{\"msg\":\"您已没有领取次数！\",\"code\":500}', 0, NULL, '2023-06-08 20:39:54', 2);
INSERT INTO `sys_oper_log` VALUES (262, '客户沟通记录', 1, 'com.resourcepool.project.business.controller.TCustomerConnectController.add()', 'POST', 1, 'test1', NULL, '/business/customerConnect', '127.0.0.1', '内网IP', '{\"content\":\"123\",\"createTime\":\"2023-06-08 20:40:44\",\"customerConnectId\":5,\"customerId\":17,\"customerName\":\"任遵强\",\"params\":{},\"userId\":2,\"userName\":\"测试1\"}', '{\"msg\":\"操作成功\",\"code\":200}', 0, NULL, '2023-06-08 20:40:45', 26);
INSERT INTO `sys_oper_log` VALUES (263, '客户沟通记录', 1, 'com.resourcepool.project.business.controller.TCustomerConnectController.add()', 'POST', 1, 'test1', NULL, '/business/customerConnect', '127.0.0.1', '内网IP', '{\"content\":\"432423\",\"createTime\":\"2023-06-08 20:40:48\",\"customerConnectId\":6,\"customerId\":16,\"customerName\":\"任遵强\",\"params\":{},\"userId\":2,\"userName\":\"测试1\"}', '{\"msg\":\"操作成功\",\"code\":200}', 0, NULL, '2023-06-08 20:40:48', 22);
INSERT INTO `sys_oper_log` VALUES (264, '客户沟通记录', 1, 'com.resourcepool.project.business.controller.TCustomerConnectController.add()', 'POST', 1, 'test1', NULL, '/business/customerConnect', '127.0.0.1', '内网IP', '{\"content\":\"333\",\"createTime\":\"2023-06-08 20:41:09\",\"customerConnectId\":7,\"customerId\":16,\"customerName\":\"任遵强\",\"params\":{},\"userId\":2,\"userName\":\"测试1\"}', '{\"msg\":\"操作成功\",\"code\":200}', 0, NULL, '2023-06-08 20:41:09', 22);
INSERT INTO `sys_oper_log` VALUES (265, '客户沟通记录', 1, 'com.resourcepool.project.business.controller.TCustomerConnectController.add()', 'POST', 1, 'test1', NULL, '/business/customerConnect', '127.0.0.1', '内网IP', '{\"content\":\"3333\",\"createTime\":\"2023-06-08 20:41:50\",\"customerConnectId\":8,\"customerId\":16,\"customerName\":\"任遵强\",\"params\":{},\"userId\":2,\"userName\":\"测试1\"}', '{\"msg\":\"操作成功\",\"code\":200}', 0, NULL, '2023-06-08 20:41:50', 23);
INSERT INTO `sys_oper_log` VALUES (266, '客户沟通记录', 1, 'com.resourcepool.project.business.controller.TCustomerConnectController.add()', 'POST', 1, 'test1', NULL, '/business/customerConnect', '127.0.0.1', '内网IP', '{\"content\":\"1111\",\"createTime\":\"2023-06-08 20:41:52\",\"customerConnectId\":9,\"customerId\":16,\"customerName\":\"任遵强\",\"params\":{},\"userId\":2,\"userName\":\"测试1\"}', '{\"msg\":\"操作成功\",\"code\":200}', 0, NULL, '2023-06-08 20:41:52', 22);
INSERT INTO `sys_oper_log` VALUES (267, '客户沟通记录', 1, 'com.resourcepool.project.business.controller.TCustomerConnectController.add()', 'POST', 1, 'test1', NULL, '/business/customerConnect', '127.0.0.1', '内网IP', '{\"content\":\"1111\",\"createTime\":\"2023-06-08 20:42:49\",\"customerConnectId\":10,\"customerId\":16,\"customerName\":\"任遵强\",\"params\":{},\"userId\":2,\"userName\":\"测试1\"}', '{\"msg\":\"操作成功\",\"code\":200}', 0, NULL, '2023-06-08 20:42:49', 68);
INSERT INTO `sys_oper_log` VALUES (268, '客户沟通记录', 1, 'com.resourcepool.project.business.controller.TCustomerConnectController.add()', 'POST', 1, 'test1', NULL, '/business/customerConnect', '127.0.0.1', '内网IP', '{\"content\":\"4\",\"createTime\":\"2023-06-08 20:43:41\",\"customerConnectId\":11,\"customerId\":16,\"customerName\":\"任遵强\",\"params\":{},\"userId\":2,\"userName\":\"测试1\"}', '{\"msg\":\"操作成功\",\"code\":200}', 0, NULL, '2023-06-08 20:43:41', 9);
INSERT INTO `sys_oper_log` VALUES (269, '客户沟通记录', 1, 'com.resourcepool.project.business.controller.TCustomerConnectController.add()', 'POST', 1, 'test1', NULL, '/business/customerConnect', '127.0.0.1', '内网IP', '{\"content\":\"2\",\"createTime\":\"2023-06-08 20:43:44\",\"customerConnectId\":12,\"customerId\":16,\"customerName\":\"任遵强\",\"params\":{},\"userId\":2,\"userName\":\"测试1\"}', '{\"msg\":\"操作成功\",\"code\":200}', 0, NULL, '2023-06-08 20:43:44', 23);
INSERT INTO `sys_oper_log` VALUES (270, '代码生成', 6, 'com.resourcepool.project.tool.gen.controller.GenController.importTableSave()', 'POST', 1, 'admin', NULL, '/tool/gen/importTable', '127.0.0.1', '内网IP', '{\"tables\":\"t_translate_connect\"}', '{\"msg\":\"操作成功\",\"code\":200}', 0, NULL, '2023-06-08 20:53:17', 54);
INSERT INTO `sys_oper_log` VALUES (271, '代码生成', 2, 'com.resourcepool.project.tool.gen.controller.GenController.editSave()', 'PUT', 1, 'admin', NULL, '/tool/gen', '127.0.0.1', '内网IP', '{\"businessName\":\"translateConnect\",\"className\":\"TTranslateConnect\",\"columns\":[{\"capJavaField\":\"TranslateConnectId\",\"columnComment\":\"主键\",\"columnId\":102,\"columnName\":\"translate_connect_id\",\"columnType\":\"int(11)\",\"createBy\":\"admin\",\"createTime\":\"2023-06-08 20:53:17\",\"dictType\":\"\",\"edit\":false,\"htmlType\":\"input\",\"increment\":true,\"insert\":true,\"isIncrement\":\"1\",\"isInsert\":\"1\",\"isPk\":\"1\",\"javaField\":\"translateConnectId\",\"javaType\":\"Long\",\"list\":false,\"params\":{},\"pk\":true,\"query\":false,\"queryType\":\"EQ\",\"required\":false,\"sort\":1,\"superColumn\":false,\"tableId\":14,\"updateBy\":\"\",\"usableColumn\":false},{\"capJavaField\":\"UserId\",\"columnComment\":\"录入用户id\",\"columnId\":103,\"columnName\":\"user_id\",\"columnType\":\"int(11)\",\"createBy\":\"admin\",\"createTime\":\"2023-06-08 20:53:17\",\"dictType\":\"\",\"edit\":true,\"htmlType\":\"input\",\"increment\":false,\"insert\":true,\"isEdit\":\"1\",\"isIncrement\":\"0\",\"isInsert\":\"1\",\"isList\":\"1\",\"isPk\":\"0\",\"isQuery\":\"1\",\"javaField\":\"userId\",\"javaType\":\"Long\",\"list\":true,\"params\":{},\"pk\":false,\"query\":true,\"queryType\":\"EQ\",\"required\":false,\"sort\":2,\"superColumn\":false,\"tableId\":14,\"updateBy\":\"\",\"usableColumn\":false},{\"capJavaField\":\"UserName\",\"columnComment\":\"录入用户\",\"columnId\":104,\"columnName\":\"user_name\",\"columnType\":\"varchar(255)\",\"createBy\":\"admin\",\"createTime\":\"2023-06-08 20:53:17\",\"dictType\":\"\",\"edit\":true,\"htmlType\":\"input\",\"increment\":false,\"insert\":true,\"isEdit\":\"1\",\"isIncrement\":\"0\",\"isInsert\":\"1\",\"isList\":\"1\",\"isPk\":\"0\",\"isQuery\":\"1\",\"javaField\":\"userName\",\"javaType\":\"String\",\"list\":true,\"params\":{},\"pk\":false,\"query\":true,\"queryType\":\"LIKE\",\"required\":false,\"sort\":3,\"superColumn\":false,\"tableId\":14,\"updateBy\":\"\",\"usableColumn\":false},{\"capJavaField\":\"TranslateId\",\"columnComment\":\"企业id\",\"columnId\":105,\"columnName\":\"translate_id\",\"columnType\":\"int(11)\",\"createBy\":\"admin\",\"createTime\":\"2023-06-08 20:53:17\",\"dictType\":\"\",\"edit\":true,\"htmlType\":\"input\",\"increment\":false,\"insert\":true,\"isEdit\":\"1\",\"isIncrement\":\"0\",\"isInsert\":\"1\",\"isList\":\"1\",\"isPk\":\"0\",\"isQuery\":\"1\",\"javaF', '{\"msg\":\"操作成功\",\"code\":200}', 0, NULL, '2023-06-08 20:53:39', 31);
INSERT INTO `sys_oper_log` VALUES (272, '代码生成', 8, 'com.resourcepool.project.tool.gen.controller.GenController.batchGenCode()', 'GET', 1, 'admin', NULL, '/tool/gen/batchGenCode', '127.0.0.1', '内网IP', '{\"tables\":\"t_translate_connect\"}', NULL, 0, NULL, '2023-06-08 20:53:42', 156);
INSERT INTO `sys_oper_log` VALUES (273, '企业沟通记录', 1, 'com.resourcepool.project.business.controller.TTranslateConnectController.add()', 'POST', 1, 'test1', NULL, '/business/translateConnect', '127.0.0.1', '内网IP', '{\"content\":\"111\",\"createTime\":\"2023-06-12 09:57:50\",\"params\":{},\"translateConnectId\":1,\"translateId\":6,\"translateName\":\"阿里\",\"userId\":2,\"userName\":\"测试1\"}', '{\"msg\":\"操作成功\",\"code\":200}', 0, NULL, '2023-06-12 09:57:50', 15);
INSERT INTO `sys_oper_log` VALUES (274, '企业沟通记录', 1, 'com.resourcepool.project.business.controller.TTranslateConnectController.add()', 'POST', 1, 'test1', NULL, '/business/translateConnect', '127.0.0.1', '内网IP', '{\"content\":\"222\",\"createTime\":\"2023-06-12 09:57:52\",\"params\":{},\"translateConnectId\":2,\"translateId\":6,\"translateName\":\"阿里\",\"userId\":2,\"userName\":\"测试1\"}', '{\"msg\":\"操作成功\",\"code\":200}', 0, NULL, '2023-06-12 09:57:52', 21);
INSERT INTO `sys_oper_log` VALUES (275, '企业沟通记录', 1, 'com.resourcepool.project.business.controller.TTranslateConnectController.add()', 'POST', 1, 'test1', NULL, '/business/translateConnect', '127.0.0.1', '内网IP', '{\"content\":\"333\",\"createTime\":\"2023-06-12 09:57:55\",\"params\":{},\"translateConnectId\":3,\"translateId\":7,\"translateName\":\"阿里\",\"userId\":2,\"userName\":\"测试1\"}', '{\"msg\":\"操作成功\",\"code\":200}', 0, NULL, '2023-06-12 09:57:55', 13);
INSERT INTO `sys_oper_log` VALUES (276, '企业沟通记录', 1, 'com.resourcepool.project.business.controller.TTranslateConnectController.add()', 'POST', 1, 'test1', NULL, '/business/translateConnect', '127.0.0.1', '内网IP', '{\"content\":\"444\",\"createTime\":\"2023-06-12 09:57:57\",\"params\":{},\"translateConnectId\":4,\"translateId\":7,\"translateName\":\"阿里\",\"userId\":2,\"userName\":\"测试1\"}', '{\"msg\":\"操作成功\",\"code\":200}', 0, NULL, '2023-06-12 09:57:57', 9);
INSERT INTO `sys_oper_log` VALUES (277, '客户通讯录', 2, 'com.resourcepool.project.business.controller.TCustomerBookController.edit()', 'PUT', 1, 'test1', NULL, '/business/book', '127.0.0.1', '内网IP', '{\"addr\":\"44\",\"bookId\":12,\"certificateSpeciality\":\"22\",\"certificateType\":\"11\",\"createTime\":\"2023-06-08 20:39:47\",\"customerId\":16,\"customerName\":\"任遵强\",\"customerPhone\":\"18209872613\",\"isRecovery\":0,\"notes\":\"66\",\"params\":{},\"pass\":\"****\",\"remark\":\"33\",\"sources\":\"55\",\"userId\":2,\"userName\":\"测试1\"}', '{\"msg\":\"操作成功\",\"code\":200}', 0, NULL, '2023-06-14 15:05:50', 21);
INSERT INTO `sys_oper_log` VALUES (278, '企业通讯录', 2, 'com.resourcepool.project.business.controller.TTranslateBookController.edit()', 'PUT', 1, 'test1', NULL, '/business/translateBook', '127.0.0.1', '内网IP', '{\"addr\":\"12\",\"contacts\":\"任遵强1\",\"createTime\":\"2023-06-08 20:39:54\",\"customerDemand\":\"13\",\"isRecovery\":0,\"notes\":\"15\",\"params\":{},\"pass\":\"****\",\"phone\":\"18209872613\",\"sources\":\"14\",\"translateBookId\":8,\"translateId\":6,\"translateName\":\"阿里1\",\"userId\":2,\"userName\":\"测试1\"}', '{\"msg\":\"操作成功\",\"code\":200}', 0, NULL, '2023-06-14 15:06:45', 27);
INSERT INTO `sys_oper_log` VALUES (279, '客户通讯录', 3, 'com.resourcepool.project.business.controller.TCustomerBookController.recoverys()', 'POST', 1, 'test1', NULL, '/business/book/recoverys', '127.0.0.1', '内网IP', '{\"addr\":\"44\",\"bookId\":12,\"certificateSpeciality\":\"22\",\"certificateType\":\"11\",\"createTime\":\"2023-06-08 20:39:47\",\"customerId\":16,\"customerName\":\"任遵强\",\"customerPhone\":\"18209872613\",\"isRecovery\":1,\"notes\":\"66\",\"params\":{},\"pass\":\"****\",\"remark\":\"33\",\"sources\":\"55\",\"userId\":2,\"userName\":\"测试1\"}', '{\"msg\":\"操作成功\",\"code\":200}', 0, NULL, '2023-06-14 16:23:44', 31);
INSERT INTO `sys_oper_log` VALUES (280, '客户通讯录', 2, 'com.resourcepool.project.business.controller.TCustomerBookController.edit()', 'PUT', 1, 'test1', NULL, '/business/book', '127.0.0.1', '内网IP', '{\"addr\":\"5\",\"bookId\":13,\"certificateSpeciality\":\"3\",\"certificateType\":\"2\",\"createTime\":\"2023-06-08 20:39:48\",\"customerId\":17,\"customerName\":\"任遵强123123123\",\"customerPhone\":\"18209872613\",\"isRecovery\":0,\"notes\":\"7\",\"params\":{},\"pass\":\"****\",\"remark\":\"4\",\"sources\":\"6\",\"userId\":2,\"userName\":\"测试1\"}', '{\"msg\":\"操作成功\",\"code\":200}', 0, NULL, '2023-06-14 16:31:20', 37);
INSERT INTO `sys_oper_log` VALUES (281, '客户通讯录', 3, 'com.resourcepool.project.business.controller.TCustomerBookController.recoverys()', 'POST', 1, 'test1', NULL, '/business/book/recoverys', '127.0.0.1', '内网IP', '{\"addr\":\"5\",\"bookId\":13,\"certificateSpeciality\":\"3\",\"certificateType\":\"2\",\"createTime\":\"2023-06-08 20:39:48\",\"customerId\":17,\"customerName\":\"任遵强123123123\",\"customerPhone\":\"18209872613\",\"isRecovery\":1,\"notes\":\"7\",\"params\":{},\"pass\":\"****\",\"remark\":\"4\",\"sources\":\"6\",\"userId\":2,\"userName\":\"测试1\"}', '{\"msg\":\"操作成功\",\"code\":200}', 0, NULL, '2023-06-14 16:31:24', 38);
INSERT INTO `sys_oper_log` VALUES (282, '企业通讯录', 2, 'com.resourcepool.project.business.controller.TTranslateBookController.edit()', 'PUT', 1, 'test1', NULL, '/business/translateBook', '127.0.0.1', '内网IP', '{\"addr\":\"12\",\"contacts\":\"任遵强1\",\"createTime\":\"2023-06-08 20:39:54\",\"customerDemand\":\"13\",\"isRecovery\":0,\"notes\":\"15\",\"params\":{},\"pass\":\"****\",\"phone\":\"18209872613\",\"sources\":\"14\",\"translateBookId\":8,\"translateId\":6,\"translateName\":\"阿里1213213123\",\"userId\":2,\"userName\":\"测试1\"}', '{\"msg\":\"操作成功\",\"code\":200}', 0, NULL, '2023-06-14 16:32:08', 23);
INSERT INTO `sys_oper_log` VALUES (283, '企业通讯录', 5, 'com.resourcepool.project.business.controller.TTranslateBookController.recoverys()', 'POST', 1, 'test1', NULL, '/business/translateBook/recoverys', '127.0.0.1', '内网IP', '{\"addr\":\"12\",\"contacts\":\"任遵强1\",\"createTime\":\"2023-06-08 20:39:54\",\"customerDemand\":\"13\",\"isRecovery\":1,\"notes\":\"15\",\"params\":{},\"pass\":\"****\",\"phone\":\"18209872613\",\"sources\":\"14\",\"translateBookId\":8,\"translateId\":6,\"translateName\":\"阿里1213213123\",\"userId\":2,\"userName\":\"测试1\"}', '{\"msg\":\"操作成功\",\"code\":200}', 0, NULL, '2023-06-14 16:32:15', 33);
INSERT INTO `sys_oper_log` VALUES (284, '客户资源', 2, 'com.resourcepool.project.business.controller.TCustomerController.getBook()', 'POST', 1, 'test1', NULL, '/business/customer/getBook', '127.0.0.1', '内网IP', '{\"addr\":\"6\",\"certificateSpeciality\":\"4\",\"certificateType\":\"3\",\"createBy\":\"test1\",\"createTime\":\"2023-06-08 20:38:57\",\"customerId\":18,\"customerName\":\"任遵强\",\"customerPhone\":\"18209872614\",\"isDel\":0,\"isUse\":0,\"notes\":\"8\",\"params\":{},\"pass\":\"****\",\"remark\":\"5\",\"sources\":\"7\"}', '{\"msg\":\"操作成功\",\"code\":200}', 0, NULL, '2023-06-14 17:04:19', 34);
INSERT INTO `sys_oper_log` VALUES (285, '客户资源', 2, 'com.resourcepool.project.business.controller.TCustomerController.getBook()', 'POST', 1, 'test1', NULL, '/business/customer/getBook', '127.0.0.1', '内网IP', '{\"addr\":\"7\",\"certificateSpeciality\":\"5\",\"certificateType\":\"4\",\"createBy\":\"test1\",\"createTime\":\"2023-06-08 20:38:57\",\"customerId\":19,\"customerName\":\"任遵强\",\"customerPhone\":\"18209872615\",\"isDel\":0,\"isUse\":0,\"notes\":\"9\",\"params\":{},\"pass\":\"****\",\"remark\":\"6\",\"sources\":\"8\"}', '{\"msg\":\"操作成功\",\"code\":200}', 0, NULL, '2023-06-14 17:04:20', 39);
INSERT INTO `sys_oper_log` VALUES (286, '客户资源', 2, 'com.resourcepool.project.business.controller.TCustomerController.getBook()', 'POST', 1, 'test1', NULL, '/business/customer/getBook', '127.0.0.1', '内网IP', '{\"addr\":\"8\",\"certificateSpeciality\":\"6\",\"certificateType\":\"5\",\"createBy\":\"test1\",\"createTime\":\"2023-06-08 20:38:57\",\"customerId\":20,\"customerName\":\"任遵强\",\"customerPhone\":\"18209872616\",\"isDel\":0,\"isUse\":0,\"notes\":\"10\",\"params\":{},\"pass\":\"****\",\"remark\":\"7\",\"sources\":\"9\"}', '{\"msg\":\"您已没有领取次数！\",\"code\":500}', 0, NULL, '2023-06-14 17:04:20', 5);
INSERT INTO `sys_oper_log` VALUES (287, '企业资源', 2, 'com.resourcepool.project.business.controller.TTranslateController.getBook()', 'POST', 1, 'test1', NULL, '/business/translate/getBook', '127.0.0.1', '内网IP', '{\"addr\":\"3\",\"contacts\":\"任遵强\",\"createBy\":\"test1\",\"createTime\":\"2023-06-08 20:39:40\",\"customerDemand\":\"3\",\"isDel\":0,\"isUse\":0,\"notes\":\"3\",\"params\":{},\"pass\":\"****\",\"phone\":\"18209872614\",\"sources\":\"3\",\"translateId\":8,\"translateName\":\"阿里\"}', '{\"msg\":\"操作成功\",\"code\":200}', 0, NULL, '2023-06-14 17:04:24', 37);
INSERT INTO `sys_oper_log` VALUES (288, '企业资源', 2, 'com.resourcepool.project.business.controller.TTranslateController.getBook()', 'POST', 1, 'test1', NULL, '/business/translate/getBook', '127.0.0.1', '内网IP', '{\"addr\":\"4\",\"contacts\":\"任遵强\",\"createBy\":\"test1\",\"createTime\":\"2023-06-08 20:39:40\",\"customerDemand\":\"4\",\"isDel\":0,\"isUse\":0,\"notes\":\"4\",\"params\":{},\"pass\":\"****\",\"phone\":\"18209872615\",\"sources\":\"4\",\"translateId\":9,\"translateName\":\"阿里\"}', '{\"msg\":\"您已没有领取次数！\",\"code\":500}', 0, NULL, '2023-06-14 17:04:24', 3);
INSERT INTO `sys_oper_log` VALUES (289, '用户头像', 2, 'com.resourcepool.project.system.controller.SysProfileController.avatar()', 'POST', 1, 'admin', NULL, '/system/user/profile/avatar', '219.141.106.102', 'XX XX', '', '{\"msg\":\"操作成功\",\"imgUrl\":\"/profile/avatar/2023/06/14/blob_20230614204913A001.png\",\"code\":200}', 0, NULL, '2023-06-14 20:49:13', 159);
INSERT INTO `sys_oper_log` VALUES (290, '客户资源', 6, 'com.resourcepool.project.business.controller.TCustomerController.importData()', 'POST', 1, 'admin', NULL, '/business/customer/importData', '219.141.106.102', 'XX XX', '{\"updateSupport\":\"0\"}', '{\"msg\":\"恭喜您，数据已全部导入成功！共 1 条，数据如下：<br/>1、客户 1 导入成功\",\"code\":200}', 0, NULL, '2023-06-14 20:49:38', 208);
INSERT INTO `sys_oper_log` VALUES (291, '客户资源', 3, 'com.resourcepool.project.business.controller.TCustomerController.remove()', 'DELETE', 1, 'admin', NULL, '/business/customer/1', '219.141.106.102', 'XX XX', '{}', '{\"msg\":\"操作成功\",\"code\":200}', 0, NULL, '2023-06-14 20:49:40', 15);
INSERT INTO `sys_oper_log` VALUES (292, '用户头像', 2, 'com.resourcepool.project.system.controller.SysProfileController.avatar()', 'POST', 1, 'admin', NULL, '/system/user/profile/avatar', '219.141.106.102', 'XX XX', '', '{\"msg\":\"操作成功\",\"imgUrl\":\"/profile/avatar/2023/06/14/blob_20230614204958A002.png\",\"code\":200}', 0, NULL, '2023-06-14 20:49:58', 18);
INSERT INTO `sys_oper_log` VALUES (293, '客户资源', 1, 'com.resourcepool.project.business.controller.TCustomerController.add()', 'POST', 1, 'admin', NULL, '/business/customer', '43.247.209.216', 'XX XX', '{\"addr\":\"111\",\"certificateSpeciality\":\"322\",\"certificateType\":\"152222\",\"createBy\":\"admin\",\"createTime\":\"2023-06-14 21:04:07\",\"customerId\":2,\"customerName\":\"测试\",\"customerPhone\":\"1820896746\",\"notes\":\"..\",\"params\":{},\"pass\":\"****\",\"remark\":\"1123\",\"sources\":\"1\"}', '{\"msg\":\"操作成功\",\"code\":200}', 0, NULL, '2023-06-14 21:04:07', 34);
INSERT INTO `sys_oper_log` VALUES (294, '客户资源', 2, 'com.resourcepool.project.business.controller.TCustomerController.getBook()', 'POST', 1, 'admin', NULL, '/business/customer/getBook', '43.247.209.216', 'XX XX', '{\"addr\":\"111\",\"certificateSpeciality\":\"322\",\"certificateType\":\"152222\",\"createBy\":\"admin\",\"createTime\":\"2023-06-14 21:04:08\",\"customerId\":2,\"customerName\":\"测试\",\"customerPhone\":\"1820896746\",\"isDel\":0,\"isUse\":0,\"notes\":\"..\",\"params\":{},\"pass\":\"****\",\"remark\":\"1123\",\"sources\":\"1\"}', '{\"msg\":\"您已没有领取次数！\",\"code\":500}', 0, NULL, '2023-06-14 21:04:09', 7);
INSERT INTO `sys_oper_log` VALUES (295, '用户管理', 2, 'com.resourcepool.project.system.controller.SysUserController.edit()', 'PUT', 1, 'admin', NULL, '/system/user', '43.247.209.216', 'XX XX', '{\"admin\":true,\"avatar\":\"/profile/avatar/2023/06/14/blob_20230614204958A002.png\",\"createBy\":\"admin\",\"createTime\":\"2023-06-07 14:58:45\",\"delFlag\":\"0\",\"dept\":{\"ancestors\":\"0,100\",\"children\":[],\"deptId\":201,\"deptName\":\"研发部\",\"orderNum\":0,\"params\":{},\"parentId\":100,\"status\":\"0\"},\"deptId\":201,\"email\":\"\",\"loginDate\":\"2023-06-14 21:05:23\",\"loginIp\":\"219.141.106.102\",\"nickName\":\"超级管理员\",\"params\":{},\"phonenumber\":\"15888888888\",\"postIds\":[],\"remark\":\"管理员\",\"roleIds\":[1],\"roles\":[{\"admin\":true,\"dataScope\":\"1\",\"deptCheckStrictly\":false,\"flag\":false,\"menuCheckStrictly\":false,\"params\":{},\"roleId\":1,\"roleKey\":\"admin\",\"roleName\":\"超级管理员\",\"roleSort\":1,\"status\":\"0\"}],\"sex\":\"1\",\"status\":\"0\",\"useNum\":1111,\"useNumTrn\":111,\"userId\":1,\"userName\":\"admin\"}', NULL, 1, '不允许操作超级管理员用户', '2023-06-14 21:05:56', 2);
INSERT INTO `sys_oper_log` VALUES (296, '用户管理', 1, 'com.resourcepool.project.system.controller.SysUserController.add()', 'POST', 1, 'admin', NULL, '/system/user', '43.247.209.216', 'XX XX', '{\"admin\":false,\"createBy\":\"admin\",\"deptId\":201,\"nickName\":\"小伟\",\"params\":{},\"phonenumber\":\"18209896746\",\"postIds\":[],\"remark\":\"测试\",\"roleIds\":[2],\"status\":\"0\",\"useNum\":200,\"useNumTrn\":200,\"userId\":3,\"userName\":\"小伟\"}', '{\"msg\":\"操作成功\",\"code\":200}', 0, NULL, '2023-06-14 21:07:22', 136);
INSERT INTO `sys_oper_log` VALUES (297, '用户管理', 2, 'com.resourcepool.project.system.controller.SysUserController.resetPwd()', 'PUT', 1, 'admin', NULL, '/system/user/resetPwd', '43.247.209.216', 'XX XX', '{\"admin\":false,\"params\":{},\"updateBy\":\"admin\",\"userId\":3}', '{\"msg\":\"操作成功\",\"code\":200}', 0, NULL, '2023-06-14 21:07:39', 113);
INSERT INTO `sys_oper_log` VALUES (298, '客户资源', 2, 'com.resourcepool.project.business.controller.TCustomerController.getBook()', 'POST', 1, '小伟', NULL, '/business/customer/getBook', '43.247.209.216', 'XX XX', '{\"addr\":\"111\",\"certificateSpeciality\":\"322\",\"certificateType\":\"152222\",\"createBy\":\"admin\",\"createTime\":\"2023-06-14 21:04:08\",\"customerId\":2,\"customerName\":\"测试\",\"customerPhone\":\"1820896746\",\"isDel\":0,\"isUse\":0,\"notes\":\"..\",\"params\":{},\"pass\":\"****\",\"remark\":\"1123\",\"sources\":\"1\"}', '{\"msg\":\"操作成功\",\"code\":200}', 0, NULL, '2023-06-14 21:08:22', 46);
INSERT INTO `sys_oper_log` VALUES (299, '客户资源', 6, 'com.resourcepool.project.business.controller.TCustomerController.importData()', 'POST', 1, 'admin', NULL, '/business/customer/importData', '43.247.209.216', 'XX XX', '{\"updateSupport\":\"0\"}', NULL, 1, '很抱歉，导入失败！共 14 条数据格式不正确，错误如下：<br/>1、客户 钱乾 已被领取<br/>2、客户 姚孟杰 已被领取<br/>3、客户 王徐林 已被领取<br/>4、客户 景应华 已被领取<br/>5、客户 卿光国 已被领取<br/>6、客户 张繁 已被领取<br/>7、客户 赵萍 已被领取<br/>8、客户 李裕荣 已被领取<br/>9、客户 雷先远 已被领取<br/>10、客户 衡仕林 已被领取<br/>11、客户 杜沈峰 已被领取<br/>12、客户 张欢 已被领取<br/>13、客户 付仁忠 已被领取<br/>14、客户 徐莲 已被领取', '2023-06-14 21:20:23', 199);
INSERT INTO `sys_oper_log` VALUES (300, '客户资源', 6, 'com.resourcepool.project.business.controller.TCustomerController.importData()', 'POST', 1, 'admin', NULL, '/business/customer/importData', '43.247.209.216', 'XX XX', '{\"updateSupport\":\"0\"}', NULL, 1, '很抱歉，导入失败！共 14 条数据格式不正确，错误如下：<br/>1、客户 钱乾 已被领取<br/>2、客户 姚孟杰 已被领取<br/>3、客户 王徐林 已被领取<br/>4、客户 景应华 已被领取<br/>5、客户 卿光国 已被领取<br/>6、客户 张繁 已被领取<br/>7、客户 赵萍 已被领取<br/>8、客户 李裕荣 已被领取<br/>9、客户 雷先远 已被领取<br/>10、客户 衡仕林 已被领取<br/>11、客户 杜沈峰 已被领取<br/>12、客户 张欢 已被领取<br/>13、客户 付仁忠 已被领取<br/>14、客户 徐莲 已被领取', '2023-06-14 21:21:48', 167);
INSERT INTO `sys_oper_log` VALUES (301, '客户资源', 6, 'com.resourcepool.project.business.controller.TCustomerController.importData()', 'POST', 1, 'admin', NULL, '/business/customer/importData', '43.247.209.216', 'XX XX', '{\"updateSupport\":\"0\"}', NULL, 1, '很抱歉，导入失败！共 1 条数据格式不正确，错误如下：<br/>1、客户 小伟 已被领取', '2023-06-14 21:23:21', 33);
INSERT INTO `sys_oper_log` VALUES (302, '客户资源', 1, 'com.resourcepool.project.business.controller.TCustomerController.add()', 'POST', 1, 'admin', NULL, '/business/customer', '43.247.209.216', 'XX XX', '{\"certificateSpeciality\":\"建筑\",\"customerName\":\"钱乾\",\"customerPhone\":\"18275486123\",\"params\":{},\"pass\":\"****\"}', '{\"msg\":\"该客户电话:18275486123已被领取\",\"code\":500}', 0, NULL, '2023-06-14 21:25:32', 9);
INSERT INTO `sys_oper_log` VALUES (303, '客户资源', 1, 'com.resourcepool.project.business.controller.TCustomerController.add()', 'POST', 1, 'admin', NULL, '/business/customer', '43.247.209.216', 'XX XX', '{\"certificateSpeciality\":\"建筑\",\"customerName\":\"钱乾\",\"customerPhone\":\"18275486123\",\"params\":{},\"pass\":\"****\"}', '{\"msg\":\"该客户电话:18275486123已被领取\",\"code\":500}', 0, NULL, '2023-06-14 21:25:37', 8);
INSERT INTO `sys_oper_log` VALUES (304, '客户资源', 1, 'com.resourcepool.project.business.controller.TCustomerController.add()', 'POST', 1, 'admin', NULL, '/business/customer', '43.247.209.216', 'XX XX', '{\"customerName\":\"测试\",\"customerPhone\":\"18585849356\",\"params\":{},\"pass\":\"****\"}', '{\"msg\":\"该客户电话:18585849356已被领取\",\"code\":500}', 0, NULL, '2023-06-14 21:27:16', 6);
INSERT INTO `sys_oper_log` VALUES (305, '客户资源', 1, 'com.resourcepool.project.business.controller.TCustomerController.add()', 'POST', 1, 'admin', NULL, '/business/customer', '43.247.209.216', 'XX XX', '{\"customerName\":\"测试\",\"customerPhone\":\"111111111\",\"params\":{},\"pass\":\"****\"}', '{\"msg\":\"该客户电话:111111111已被领取\",\"code\":500}', 0, NULL, '2023-06-14 21:27:24', 6);
INSERT INTO `sys_oper_log` VALUES (306, '客户资源', 1, 'com.resourcepool.project.business.controller.TCustomerController.add()', 'POST', 1, 'admin', NULL, '/business/customer', '43.247.209.216', 'XX XX', '{\"addr\":\"1\",\"certificateSpeciality\":\"1\",\"certificateType\":\"1\",\"customerName\":\"测试\",\"customerPhone\":\"111111111\",\"notes\":\"1\",\"params\":{},\"pass\":\"****\",\"remark\":\"1\",\"sources\":\"1\"}', '{\"msg\":\"该客户电话:111111111已被领取\",\"code\":500}', 0, NULL, '2023-06-14 21:28:01', 7);
INSERT INTO `sys_oper_log` VALUES (307, '客户资源', 1, 'com.resourcepool.project.business.controller.TCustomerController.add()', 'POST', 1, 'admin', NULL, '/business/customer', '43.247.209.216', 'XX XX', '{\"addr\":\"1\",\"certificateSpeciality\":\"1\",\"certificateType\":\"1\",\"customerName\":\"测试\",\"customerPhone\":\"111111\",\"notes\":\"1\",\"params\":{},\"pass\":\"****\",\"remark\":\"1\",\"sources\":\"1\"}', '{\"msg\":\"该客户电话:111111已被领取\",\"code\":500}', 0, NULL, '2023-06-14 21:28:05', 8);
INSERT INTO `sys_oper_log` VALUES (308, '客户资源', 1, 'com.resourcepool.project.business.controller.TCustomerController.add()', 'POST', 1, 'admin', NULL, '/business/customer', '43.247.209.216', 'XX XX', '{\"customerName\":\"小伟\",\"customerPhone\":\"2233111\",\"params\":{},\"pass\":\"****\"}', '{\"msg\":\"该客户电话:2233111已被领取\",\"code\":500}', 0, NULL, '2023-06-14 21:29:05', 8);
INSERT INTO `sys_oper_log` VALUES (309, '客户资源', 6, 'com.resourcepool.project.business.controller.TCustomerController.importData()', 'POST', 1, 'admin', NULL, '/business/customer/importData', '43.247.209.216', 'XX XX', '{\"updateSupport\":\"0\"}', NULL, 1, '很抱歉，导入失败！共 13 条数据格式不正确，错误如下：<br/>1、客户 钱乾 已被领取<br/>2、客户 姚孟杰 已被领取<br/>3、客户 王徐林 已被领取<br/>4、客户 景应华 已被领取<br/>5、客户 卿光国 已被领取<br/>6、客户 张繁 已被领取<br/>7、客户 赵萍 已被领取<br/>8、客户 李裕荣 已被领取<br/>9、客户 雷先远 已被领取<br/>10、客户 衡仕林 已被领取<br/>11、客户 杜沈峰 已被领取<br/>12、客户 张欢 已被领取<br/>13、客户 付仁忠 已被领取', '2023-06-14 21:30:55', 115);
INSERT INTO `sys_oper_log` VALUES (310, '企业资源', 1, 'com.resourcepool.project.business.controller.TTranslateController.add()', 'POST', 1, 'admin', NULL, '/business/translate', '43.247.209.216', 'XX XX', '{\"addr\":\"11\",\"contacts\":\"111\",\"createBy\":\"admin\",\"createTime\":\"2023-06-14 21:31:52\",\"customerDemand\":\"1\",\"notes\":\"11\",\"params\":{},\"pass\":\"****\",\"phone\":\"11\",\"sources\":\"11\",\"translateId\":1,\"translateName\":\"测试\"}', '{\"msg\":\"操作成功\",\"code\":200}', 0, NULL, '2023-06-14 21:31:52', 33);
INSERT INTO `sys_oper_log` VALUES (311, '企业资源', 6, 'com.resourcepool.project.business.controller.TTranslateController.importData()', 'POST', 1, 'admin', NULL, '/business/translate/importData', '43.247.209.216', 'XX XX', '{\"updateSupport\":\"0\"}', '{\"msg\":\"恭喜您，数据已全部导入成功！共 1 条，数据如下：<br/>1、企业 1 导入成功\",\"code\":200}', 0, NULL, '2023-06-14 21:32:22', 47);
INSERT INTO `sys_oper_log` VALUES (312, '企业资源', 6, 'com.resourcepool.project.business.controller.TTranslateController.importData()', 'POST', 1, 'admin', NULL, '/business/translate/importData', '43.247.209.216', 'XX XX', '{\"updateSupport\":\"0\"}', '{\"msg\":\"恭喜您，数据已全部导入成功！共 13 条，数据如下：<br/>1、企业 钱乾 导入成功<br/>2、企业 姚孟杰 导入成功<br/>3、企业 王徐林 导入成功<br/>4、企业 景应华 导入成功<br/>5、企业 卿光国 导入成功<br/>6、企业 张繁 导入成功<br/>7、企业 赵萍 导入成功<br/>8、企业 李裕荣 导入成功<br/>9、企业 雷先远 导入成功<br/>10、企业 衡仕林 导入成功<br/>11、企业 杜沈峰 导入成功<br/>12、企业 张欢 导入成功<br/>13、企业 付仁忠 导入成功\",\"code\":200}', 0, NULL, '2023-06-14 21:33:34', 335);
INSERT INTO `sys_oper_log` VALUES (313, '企业资源', 6, 'com.resourcepool.project.business.controller.TTranslateController.importData()', 'POST', 1, 'admin', NULL, '/business/translate/importData', '43.247.209.216', 'XX XX', '{\"updateSupport\":\"0\"}', NULL, 1, '', '2023-06-14 21:34:10', 1368);
INSERT INTO `sys_oper_log` VALUES (314, '企业资源', 6, 'com.resourcepool.project.business.controller.TTranslateController.importData()', 'POST', 1, 'admin', NULL, '/business/translate/importData', '43.247.209.216', 'XX XX', '{\"updateSupport\":\"0\"}', NULL, 1, '很抱歉，导入失败！共 13 条数据格式不正确，错误如下：<br/>1、企业 钱乾 已存在<br/>2、企业 姚孟杰 已存在<br/>3、企业 王徐林 已存在<br/>4、企业 景应华 已存在<br/>5、企业 卿光国 已存在<br/>6、企业 张繁 已存在<br/>7、企业 赵萍 已存在<br/>8、企业 李裕荣 已存在<br/>9、企业 雷先远 已存在<br/>10、企业 衡仕林 已存在<br/>11、企业 杜沈峰 已存在<br/>12、企业 张欢 已存在<br/>13、企业 付仁忠 已存在', '2023-06-14 21:34:20', 91);
INSERT INTO `sys_oper_log` VALUES (315, '企业资源', 2, 'com.resourcepool.project.business.controller.TTranslateController.getBook()', 'POST', 1, 'admin', NULL, '/business/translate/getBook', '43.247.209.216', 'XX XX', '{\"addr\":\"11\",\"contacts\":\"111\",\"createBy\":\"admin\",\"createTime\":\"2023-06-14 21:31:52\",\"customerDemand\":\"1\",\"isDel\":0,\"isUse\":0,\"notes\":\"11\",\"params\":{},\"pass\":\"****\",\"phone\":\"11\",\"sources\":\"11\",\"translateId\":1,\"translateName\":\"测试\"}', NULL, 1, '', '2023-06-14 21:34:26', 5);
INSERT INTO `sys_oper_log` VALUES (316, '企业资源', 2, 'com.resourcepool.project.business.controller.TTranslateController.getBook()', 'POST', 1, 'admin', NULL, '/business/translate/getBook', '43.247.209.216', 'XX XX', '{\"addr\":\"\",\"contacts\":\"1\",\"createBy\":\"admin\",\"createTime\":\"2023-06-14 21:32:23\",\"customerDemand\":\"\",\"isDel\":0,\"isUse\":0,\"notes\":\"\",\"params\":{},\"pass\":\"****\",\"phone\":\"\",\"sources\":\"\",\"translateId\":2,\"translateName\":\"1\"}', NULL, 1, '', '2023-06-14 21:34:31', 4);
INSERT INTO `sys_oper_log` VALUES (317, '角色管理', 2, 'com.resourcepool.project.system.controller.SysRoleController.edit()', 'PUT', 1, 'admin', NULL, '/system/role', '43.247.209.216', 'XX XX', '{\"admin\":false,\"createTime\":\"2023-06-08 18:55:48\",\"dataScope\":\"1\",\"delFlag\":\"0\",\"deptCheckStrictly\":true,\"flag\":false,\"menuCheckStrictly\":true,\"menuIds\":[2006,2007,2008,2009,2010,2011,2012,2013,2014,2015,2016,2017,2018,2025,2019,2020,2021,2022,2023,2024,2026,2027,2028,2029,2030,2031],\"params\":{},\"roleId\":2,\"roleKey\":\"ptjs\",\"roleName\":\"普通角色\",\"roleSort\":1,\"status\":\"0\",\"updateBy\":\"admin\"}', '{\"msg\":\"操作成功\",\"code\":200}', 0, NULL, '2023-06-14 21:34:53', 42);
INSERT INTO `sys_oper_log` VALUES (318, '企业资源', 2, 'com.resourcepool.project.business.controller.TTranslateController.getBook()', 'POST', 1, '小伟', NULL, '/business/translate/getBook', '43.247.209.216', 'XX XX', '{\"addr\":\"11\",\"contacts\":\"111\",\"createBy\":\"admin\",\"createTime\":\"2023-06-14 21:31:52\",\"customerDemand\":\"1\",\"isDel\":0,\"isUse\":0,\"notes\":\"11\",\"params\":{},\"pass\":\"****\",\"phone\":\"11\",\"sources\":\"11\",\"translateId\":1,\"translateName\":\"测试\"}', '{\"msg\":\"操作成功\",\"code\":200}', 0, NULL, '2023-06-14 21:35:08', 27);
INSERT INTO `sys_oper_log` VALUES (319, '企业资源', 2, 'com.resourcepool.project.business.controller.TTranslateController.getBook()', 'POST', 1, '小伟', NULL, '/business/translate/getBook', '43.247.209.216', 'XX XX', '{\"addr\":\"\",\"contacts\":\"1\",\"createBy\":\"admin\",\"createTime\":\"2023-06-14 21:32:23\",\"customerDemand\":\"\",\"isDel\":0,\"isUse\":0,\"notes\":\"\",\"params\":{},\"pass\":\"****\",\"phone\":\"\",\"sources\":\"\",\"translateId\":2,\"translateName\":\"1\"}', '{\"msg\":\"操作成功\",\"code\":200}', 0, NULL, '2023-06-14 21:35:13', 30);
INSERT INTO `sys_oper_log` VALUES (320, '企业资源', 2, 'com.resourcepool.project.business.controller.TTranslateController.getBook()', 'POST', 1, '小伟', NULL, '/business/translate/getBook', '43.247.209.216', 'XX XX', '{\"addr\":\"\",\"contacts\":\"18275486123\",\"createBy\":\"admin\",\"createTime\":\"2023-06-14 21:33:34\",\"customerDemand\":\"\",\"isDel\":0,\"isUse\":0,\"notes\":\"\",\"params\":{},\"pass\":\"****\",\"phone\":\"\",\"sources\":\"\",\"translateId\":3,\"translateName\":\"钱乾\"}', '{\"msg\":\"操作成功\",\"code\":200}', 0, NULL, '2023-06-14 21:35:15', 30);
INSERT INTO `sys_oper_log` VALUES (321, '企业资源', 2, 'com.resourcepool.project.business.controller.TTranslateController.getBook()', 'POST', 1, '小伟', NULL, '/business/translate/getBook', '43.247.209.216', 'XX XX', '{\"addr\":\"\",\"contacts\":\"18786014490\",\"createBy\":\"admin\",\"createTime\":\"2023-06-14 21:33:34\",\"customerDemand\":\"\",\"isDel\":0,\"isUse\":0,\"notes\":\"\",\"params\":{},\"pass\":\"****\",\"phone\":\"\",\"sources\":\"\",\"translateId\":4,\"translateName\":\"姚孟杰\"}', '{\"msg\":\"操作成功\",\"code\":200}', 0, NULL, '2023-06-14 21:35:16', 31);
INSERT INTO `sys_oper_log` VALUES (322, '企业资源', 2, 'com.resourcepool.project.business.controller.TTranslateController.getBook()', 'POST', 1, '小伟', NULL, '/business/translate/getBook', '43.247.209.216', 'XX XX', '{\"addr\":\"\",\"contacts\":\"18685217925\",\"createBy\":\"admin\",\"createTime\":\"2023-06-14 21:33:34\",\"customerDemand\":\"\",\"isDel\":0,\"isUse\":0,\"notes\":\"\",\"params\":{},\"pass\":\"****\",\"phone\":\"\",\"sources\":\"\",\"translateId\":5,\"translateName\":\"王徐林\"}', '{\"msg\":\"操作成功\",\"code\":200}', 0, NULL, '2023-06-14 21:35:16', 29);
INSERT INTO `sys_oper_log` VALUES (323, '企业资源', 2, 'com.resourcepool.project.business.controller.TTranslateController.getBook()', 'POST', 1, '小伟', NULL, '/business/translate/getBook', '43.247.209.216', 'XX XX', '{\"addr\":\"\",\"contacts\":\"18762624532\",\"createBy\":\"admin\",\"createTime\":\"2023-06-14 21:33:34\",\"customerDemand\":\"\",\"isDel\":0,\"isUse\":0,\"notes\":\"\",\"params\":{},\"pass\":\"****\",\"phone\":\"\",\"sources\":\"\",\"translateId\":6,\"translateName\":\"景应华\"}', '{\"msg\":\"操作成功\",\"code\":200}', 0, NULL, '2023-06-14 21:35:17', 24);
INSERT INTO `sys_oper_log` VALUES (324, '企业资源', 2, 'com.resourcepool.project.business.controller.TTranslateController.getBook()', 'POST', 1, '小伟', NULL, '/business/translate/getBook', '43.247.209.216', 'XX XX', '{\"addr\":\"\",\"contacts\":\"15519506100\",\"createBy\":\"admin\",\"createTime\":\"2023-06-14 21:33:34\",\"customerDemand\":\"\",\"isDel\":0,\"isUse\":0,\"notes\":\"\",\"params\":{},\"pass\":\"****\",\"phone\":\"\",\"sources\":\"\",\"translateId\":7,\"translateName\":\"卿光国\"}', '{\"msg\":\"操作成功\",\"code\":200}', 0, NULL, '2023-06-14 21:35:18', 32);
INSERT INTO `sys_oper_log` VALUES (325, '企业资源', 2, 'com.resourcepool.project.business.controller.TTranslateController.getBook()', 'POST', 1, '小伟', NULL, '/business/translate/getBook', '43.247.209.216', 'XX XX', '{\"addr\":\"\",\"contacts\":\"18585198560\",\"createBy\":\"admin\",\"createTime\":\"2023-06-14 21:33:34\",\"customerDemand\":\"\",\"isDel\":0,\"isUse\":0,\"notes\":\"\",\"params\":{},\"pass\":\"****\",\"phone\":\"\",\"sources\":\"\",\"translateId\":8,\"translateName\":\"张繁\"}', '{\"msg\":\"操作成功\",\"code\":200}', 0, NULL, '2023-06-14 21:35:18', 36);
INSERT INTO `sys_oper_log` VALUES (326, '企业资源', 2, 'com.resourcepool.project.business.controller.TTranslateController.getBook()', 'POST', 1, '小伟', NULL, '/business/translate/getBook', '43.247.209.216', 'XX XX', '{\"addr\":\"\",\"contacts\":\"13809469759\",\"createBy\":\"admin\",\"createTime\":\"2023-06-14 21:33:34\",\"customerDemand\":\"\",\"isDel\":0,\"isUse\":0,\"notes\":\"\",\"params\":{},\"pass\":\"****\",\"phone\":\"\",\"sources\":\"\",\"translateId\":9,\"translateName\":\"赵萍\"}', '{\"msg\":\"操作成功\",\"code\":200}', 0, NULL, '2023-06-14 21:35:19', 27);
INSERT INTO `sys_oper_log` VALUES (327, '企业资源', 2, 'com.resourcepool.project.business.controller.TTranslateController.getBook()', 'POST', 1, '小伟', NULL, '/business/translate/getBook', '43.247.209.216', 'XX XX', '{\"addr\":\"\",\"contacts\":\"13885090726\",\"createBy\":\"admin\",\"createTime\":\"2023-06-14 21:33:34\",\"customerDemand\":\"\",\"isDel\":0,\"isUse\":0,\"notes\":\"\",\"params\":{},\"pass\":\"****\",\"phone\":\"\",\"sources\":\"\",\"translateId\":10,\"translateName\":\"李裕荣\"}', '{\"msg\":\"操作成功\",\"code\":200}', 0, NULL, '2023-06-14 21:35:19', 33);
INSERT INTO `sys_oper_log` VALUES (328, '企业资源', 2, 'com.resourcepool.project.business.controller.TTranslateController.getBook()', 'POST', 1, '小伟', NULL, '/business/translate/getBook', '43.247.209.216', 'XX XX', '{\"addr\":\"\",\"contacts\":\"13985590596\",\"createBy\":\"admin\",\"createTime\":\"2023-06-14 21:33:34\",\"customerDemand\":\"\",\"isDel\":0,\"isUse\":0,\"notes\":\"\",\"params\":{},\"pass\":\"****\",\"phone\":\"\",\"sources\":\"\",\"translateId\":11,\"translateName\":\"雷先远\"}', '{\"msg\":\"操作成功\",\"code\":200}', 0, NULL, '2023-06-14 21:35:19', 34);
INSERT INTO `sys_oper_log` VALUES (329, '企业资源', 2, 'com.resourcepool.project.business.controller.TTranslateController.getBook()', 'POST', 1, '小伟', NULL, '/business/translate/getBook', '43.247.209.216', 'XX XX', '{\"addr\":\"\",\"contacts\":\"13867773030\",\"createBy\":\"admin\",\"createTime\":\"2023-06-14 21:33:34\",\"customerDemand\":\"\",\"isDel\":0,\"isUse\":0,\"notes\":\"\",\"params\":{},\"pass\":\"****\",\"phone\":\"\",\"sources\":\"\",\"translateId\":12,\"translateName\":\"衡仕林\"}', '{\"msg\":\"操作成功\",\"code\":200}', 0, NULL, '2023-06-14 21:35:21', 24);
INSERT INTO `sys_oper_log` VALUES (330, '企业资源', 2, 'com.resourcepool.project.business.controller.TTranslateController.getBook()', 'POST', 1, '小伟', NULL, '/business/translate/getBook', '43.247.209.216', 'XX XX', '{\"addr\":\"\",\"contacts\":\"18286014751\",\"createBy\":\"admin\",\"createTime\":\"2023-06-14 21:33:34\",\"customerDemand\":\"\",\"isDel\":0,\"isUse\":0,\"notes\":\"\",\"params\":{},\"pass\":\"****\",\"phone\":\"\",\"sources\":\"\",\"translateId\":13,\"translateName\":\"杜沈峰\"}', '{\"msg\":\"操作成功\",\"code\":200}', 0, NULL, '2023-06-14 21:35:22', 29);
INSERT INTO `sys_oper_log` VALUES (331, '企业资源', 2, 'com.resourcepool.project.business.controller.TTranslateController.getBook()', 'POST', 1, '小伟', NULL, '/business/translate/getBook', '43.247.209.216', 'XX XX', '{\"addr\":\"\",\"contacts\":\"13527386642\",\"createBy\":\"admin\",\"createTime\":\"2023-06-14 21:33:34\",\"customerDemand\":\"\",\"isDel\":0,\"isUse\":0,\"notes\":\"\",\"params\":{},\"pass\":\"****\",\"phone\":\"\",\"sources\":\"\",\"translateId\":14,\"translateName\":\"张欢\"}', '{\"msg\":\"操作成功\",\"code\":200}', 0, NULL, '2023-06-14 21:35:23', 27);
INSERT INTO `sys_oper_log` VALUES (332, '企业资源', 2, 'com.resourcepool.project.business.controller.TTranslateController.getBook()', 'POST', 1, '小伟', NULL, '/business/translate/getBook', '43.247.209.216', 'XX XX', '{\"addr\":\"\",\"contacts\":\"15085460641\",\"createBy\":\"admin\",\"createTime\":\"2023-06-14 21:33:34\",\"customerDemand\":\"\",\"isDel\":0,\"isUse\":0,\"notes\":\"\",\"params\":{},\"pass\":\"****\",\"phone\":\"\",\"sources\":\"\",\"translateId\":15,\"translateName\":\"付仁忠\"}', '{\"msg\":\"操作成功\",\"code\":200}', 0, NULL, '2023-06-14 21:35:23', 25);
INSERT INTO `sys_oper_log` VALUES (333, '企业资源', 6, 'com.resourcepool.project.business.controller.TTranslateController.importData()', 'POST', 1, '小伟', NULL, '/business/translate/importData', '43.247.209.216', 'XX XX', '{\"updateSupport\":\"0\"}', '{\"msg\":\"恭喜您，数据已全部导入成功！共 3 条，数据如下：<br/>1、企业 钱 导入成功<br/>2、企业 姚 导入成功<br/>3、企业 王 导入成功\",\"code\":200}', 0, NULL, '2023-06-14 21:37:23', 112);
INSERT INTO `sys_oper_log` VALUES (334, '企业资源', 2, 'com.resourcepool.project.business.controller.TTranslateController.getBook()', 'POST', 1, '小伟', NULL, '/business/translate/getBook', '43.247.209.216', 'XX XX', '{\"addr\":\"\",\"contacts\":\"\",\"createBy\":\"小伟\",\"createTime\":\"2023-06-14 21:37:23\",\"customerDemand\":\"\",\"isDel\":0,\"isUse\":0,\"notes\":\"\",\"params\":{},\"pass\":\"****\",\"phone\":\"18275486123\",\"sources\":\"\",\"translateId\":16,\"translateName\":\"钱\"}', '{\"msg\":\"操作成功\",\"code\":200}', 0, NULL, '2023-06-14 21:37:28', 23);
INSERT INTO `sys_oper_log` VALUES (335, '企业通讯录', 3, 'com.resourcepool.project.business.controller.TTranslateBookController.remove()', 'DELETE', 1, '小伟', NULL, '/business/translateBook/11', '43.247.209.216', 'XX XX', '{}', '{\"msg\":\"操作成功\",\"code\":200}', 0, NULL, '2023-06-14 21:38:11', 16);
INSERT INTO `sys_oper_log` VALUES (336, '企业通讯录', 3, 'com.resourcepool.project.business.controller.TTranslateBookController.remove()', 'DELETE', 1, '小伟', NULL, '/business/translateBook/12', '43.247.209.216', 'XX XX', '{}', '{\"msg\":\"操作成功\",\"code\":200}', 0, NULL, '2023-06-14 21:38:12', 11);
INSERT INTO `sys_oper_log` VALUES (337, '企业通讯录', 3, 'com.resourcepool.project.business.controller.TTranslateBookController.remove()', 'DELETE', 1, '小伟', NULL, '/business/translateBook/13', '43.247.209.216', 'XX XX', '{}', '{\"msg\":\"操作成功\",\"code\":200}', 0, NULL, '2023-06-14 21:38:14', 10);
INSERT INTO `sys_oper_log` VALUES (338, '企业通讯录', 3, 'com.resourcepool.project.business.controller.TTranslateBookController.remove()', 'DELETE', 1, '小伟', NULL, '/business/translateBook/14', '43.247.209.216', 'XX XX', '{}', '{\"msg\":\"操作成功\",\"code\":200}', 0, NULL, '2023-06-14 21:38:16', 10);
INSERT INTO `sys_oper_log` VALUES (339, '企业通讯录', 3, 'com.resourcepool.project.business.controller.TTranslateBookController.remove()', 'DELETE', 1, '小伟', NULL, '/business/translateBook/15', '43.247.209.216', 'XX XX', '{}', '{\"msg\":\"操作成功\",\"code\":200}', 0, NULL, '2023-06-14 21:38:18', 17);
INSERT INTO `sys_oper_log` VALUES (340, '企业通讯录', 3, 'com.resourcepool.project.business.controller.TTranslateBookController.remove()', 'DELETE', 1, '小伟', NULL, '/business/translateBook/16', '43.247.209.216', 'XX XX', '{}', '{\"msg\":\"操作成功\",\"code\":200}', 0, NULL, '2023-06-14 21:38:20', 12);
INSERT INTO `sys_oper_log` VALUES (341, '企业通讯录', 3, 'com.resourcepool.project.business.controller.TTranslateBookController.remove()', 'DELETE', 1, '小伟', NULL, '/business/translateBook/1', '43.247.209.216', 'XX XX', '{}', '{\"msg\":\"操作成功\",\"code\":200}', 0, NULL, '2023-06-14 21:38:22', 11);
INSERT INTO `sys_oper_log` VALUES (342, '企业通讯录', 3, 'com.resourcepool.project.business.controller.TTranslateBookController.remove()', 'DELETE', 1, '小伟', NULL, '/business/translateBook/2', '43.247.209.216', 'XX XX', '{}', '{\"msg\":\"操作成功\",\"code\":200}', 0, NULL, '2023-06-14 21:38:24', 13);
INSERT INTO `sys_oper_log` VALUES (343, '企业通讯录', 3, 'com.resourcepool.project.business.controller.TTranslateBookController.remove()', 'DELETE', 1, '小伟', NULL, '/business/translateBook/3', '43.247.209.216', 'XX XX', '{}', '{\"msg\":\"操作成功\",\"code\":200}', 0, NULL, '2023-06-14 21:38:25', 10);
INSERT INTO `sys_oper_log` VALUES (344, '企业通讯录', 3, 'com.resourcepool.project.business.controller.TTranslateBookController.remove()', 'DELETE', 1, '小伟', NULL, '/business/translateBook/4', '43.247.209.216', 'XX XX', '{}', '{\"msg\":\"操作成功\",\"code\":200}', 0, NULL, '2023-06-14 21:38:27', 22);
INSERT INTO `sys_oper_log` VALUES (345, '企业通讯录', 3, 'com.resourcepool.project.business.controller.TTranslateBookController.remove()', 'DELETE', 1, '小伟', NULL, '/business/translateBook/5', '43.247.209.216', 'XX XX', '{}', '{\"msg\":\"操作成功\",\"code\":200}', 0, NULL, '2023-06-14 21:38:29', 11);
INSERT INTO `sys_oper_log` VALUES (346, '企业通讯录', 3, 'com.resourcepool.project.business.controller.TTranslateBookController.remove()', 'DELETE', 1, '小伟', NULL, '/business/translateBook/6', '43.247.209.216', 'XX XX', '{}', '{\"msg\":\"操作成功\",\"code\":200}', 0, NULL, '2023-06-14 21:38:30', 12);
INSERT INTO `sys_oper_log` VALUES (347, '企业通讯录', 3, 'com.resourcepool.project.business.controller.TTranslateBookController.remove()', 'DELETE', 1, '小伟', NULL, '/business/translateBook/7', '43.247.209.216', 'XX XX', '{}', '{\"msg\":\"操作成功\",\"code\":200}', 0, NULL, '2023-06-14 21:38:32', 10);
INSERT INTO `sys_oper_log` VALUES (348, '企业通讯录', 3, 'com.resourcepool.project.business.controller.TTranslateBookController.remove()', 'DELETE', 1, '小伟', NULL, '/business/translateBook/8', '43.247.209.216', 'XX XX', '{}', '{\"msg\":\"操作成功\",\"code\":200}', 0, NULL, '2023-06-14 21:38:34', 11);
INSERT INTO `sys_oper_log` VALUES (349, '企业通讯录', 3, 'com.resourcepool.project.business.controller.TTranslateBookController.remove()', 'DELETE', 1, '小伟', NULL, '/business/translateBook/9', '43.247.209.216', 'XX XX', '{}', '{\"msg\":\"操作成功\",\"code\":200}', 0, NULL, '2023-06-14 21:38:36', 11);
INSERT INTO `sys_oper_log` VALUES (350, '企业通讯录', 3, 'com.resourcepool.project.business.controller.TTranslateBookController.remove()', 'DELETE', 1, '小伟', NULL, '/business/translateBook/10', '43.247.209.216', 'XX XX', '{}', '{\"msg\":\"操作成功\",\"code\":200}', 0, NULL, '2023-06-14 21:38:37', 14);
INSERT INTO `sys_oper_log` VALUES (351, '客户资源', 1, 'com.resourcepool.project.business.controller.TCustomerController.add()', 'POST', 1, 'admin', NULL, '/business/customer', '43.247.209.216', 'XX XX', '{\"addr\":\"1\",\"certificateSpeciality\":\"1\",\"certificateType\":\"1\",\"customerName\":\"小伟\",\"customerPhone\":\"8765847777\",\"notes\":\"1\",\"params\":{},\"pass\":\"****\",\"remark\":\"1\",\"sources\":\"1\"}', '{\"msg\":\"该客户电话:8765847777已被领取\",\"code\":500}', 0, NULL, '2023-06-14 21:50:43', 6);
INSERT INTO `sys_oper_log` VALUES (352, '客户资源', 1, 'com.resourcepool.project.business.controller.TCustomerController.add()', 'POST', 1, 'admin', NULL, '/business/customer', '43.247.209.216', 'XX XX', '{\"addr\":\"1\",\"certificateSpeciality\":\"1\",\"certificateType\":\"1\",\"customerName\":\"小伟\",\"customerPhone\":\"2222\",\"notes\":\"1\",\"params\":{},\"pass\":\"****\",\"remark\":\"1\",\"sources\":\"1\"}', '{\"msg\":\"该客户电话:2222已被领取\",\"code\":500}', 0, NULL, '2023-06-14 21:50:47', 5);
INSERT INTO `sys_oper_log` VALUES (353, '企业资源', 1, 'com.resourcepool.project.business.controller.TTranslateController.add()', 'POST', 1, 'admin', NULL, '/business/translate', '43.247.209.216', 'XX XX', '{\"addr\":\"33\",\"contacts\":\"33\",\"createBy\":\"admin\",\"createTime\":\"2023-06-14 21:51:08\",\"params\":{},\"pass\":\"****\",\"phone\":\"3\",\"translateId\":19,\"translateName\":\"姚\"}', '{\"msg\":\"操作成功\",\"code\":200}', 0, NULL, '2023-06-14 21:51:08', 16);
INSERT INTO `sys_oper_log` VALUES (354, '企业资源', 1, 'com.resourcepool.project.business.controller.TTranslateController.add()', 'POST', 1, 'admin', NULL, '/business/translate', '43.247.209.216', 'XX XX', '{\"contacts\":\"3\",\"createBy\":\"admin\",\"createTime\":\"2023-06-14 21:51:16\",\"params\":{},\"pass\":\"****\",\"phone\":\"33\",\"translateId\":20,\"translateName\":\"1\"}', '{\"msg\":\"操作成功\",\"code\":200}', 0, NULL, '2023-06-14 21:51:16', 24);
INSERT INTO `sys_oper_log` VALUES (355, '企业资源', 1, 'com.resourcepool.project.business.controller.TTranslateController.add()', 'POST', 1, 'admin', NULL, '/business/translate', '43.247.209.216', 'XX XX', '{\"addr\":\"1\",\"contacts\":\"1\",\"createBy\":\"admin\",\"createTime\":\"2023-06-14 21:51:21\",\"params\":{},\"pass\":\"****\",\"phone\":\"1\",\"translateId\":21,\"translateName\":\"1\"}', '{\"msg\":\"操作成功\",\"code\":200}', 0, NULL, '2023-06-14 21:51:21', 19);
INSERT INTO `sys_oper_log` VALUES (356, '企业资源', 1, 'com.resourcepool.project.business.controller.TTranslateController.add()', 'POST', 1, 'admin', NULL, '/business/translate', '43.247.209.216', 'XX XX', '{\"addr\":\"11\",\"contacts\":\"1\",\"params\":{},\"pass\":\"****\",\"phone\":\"1\",\"translateName\":\"1\"}', '{\"msg\":\"添加失败，资源1已存在\",\"code\":500}', 0, NULL, '2023-06-14 21:51:25', 4);
INSERT INTO `sys_oper_log` VALUES (357, '企业资源', 1, 'com.resourcepool.project.business.controller.TTranslateController.add()', 'POST', 1, 'admin', NULL, '/business/translate', '43.247.209.216', 'XX XX', '{\"addr\":\"4\",\"contacts\":\"2\",\"createBy\":\"admin\",\"createTime\":\"2023-06-14 21:51:38\",\"customerDemand\":\"5\",\"params\":{},\"pass\":\"****\",\"phone\":\"3\",\"sources\":\"6\",\"translateId\":22,\"translateName\":\"1\"}', '{\"msg\":\"操作成功\",\"code\":200}', 0, NULL, '2023-06-14 21:51:38', 30);
INSERT INTO `sys_oper_log` VALUES (358, '企业资源', 1, 'com.resourcepool.project.business.controller.TTranslateController.add()', 'POST', 1, 'admin', NULL, '/business/translate', '43.247.209.216', 'XX XX', '{\"addr\":\"4\",\"contacts\":\"2\",\"customerDemand\":\"5\",\"params\":{},\"pass\":\"****\",\"phone\":\"3\",\"sources\":\"6\",\"translateName\":\"1\"}', '{\"msg\":\"添加失败，资源1已存在\",\"code\":500}', 0, NULL, '2023-06-14 21:51:44', 3);
INSERT INTO `sys_oper_log` VALUES (359, '企业资源', 2, 'com.resourcepool.project.business.controller.TTranslateController.getBook()', 'POST', 1, 'admin', NULL, '/business/translate/getBook', '43.247.209.216', 'XX XX', '{\"addr\":\"\",\"contacts\":\"\",\"createBy\":\"小伟\",\"createTime\":\"2023-06-14 21:37:23\",\"customerDemand\":\"\",\"isDel\":0,\"isUse\":0,\"notes\":\"\",\"params\":{},\"pass\":\"****\",\"phone\":\"18786014490\",\"sources\":\"\",\"translateId\":17,\"translateName\":\"姚\"}', NULL, 1, '', '2023-06-14 22:15:09', 3);
INSERT INTO `sys_oper_log` VALUES (360, '企业资源', 2, 'com.resourcepool.project.business.controller.TTranslateController.getBook()', 'POST', 1, 'admin', NULL, '/business/translate/getBook', '43.247.209.216', 'XX XX', '{\"addr\":\"\",\"contacts\":\"\",\"createBy\":\"小伟\",\"createTime\":\"2023-06-14 21:37:23\",\"customerDemand\":\"\",\"isDel\":0,\"isUse\":0,\"notes\":\"\",\"params\":{},\"pass\":\"****\",\"phone\":\"18685217925\",\"sources\":\"\",\"translateId\":18,\"translateName\":\"王\"}', NULL, 1, '', '2023-06-14 22:15:12', 3);
INSERT INTO `sys_oper_log` VALUES (361, '企业资源', 2, 'com.resourcepool.project.business.controller.TTranslateController.getBook()', 'POST', 1, 'admin', NULL, '/business/translate/getBook', '43.247.209.216', 'XX XX', '{\"addr\":\"\",\"contacts\":\"\",\"createBy\":\"小伟\",\"createTime\":\"2023-06-14 21:37:23\",\"customerDemand\":\"\",\"isDel\":0,\"isUse\":0,\"notes\":\"\",\"params\":{},\"pass\":\"****\",\"phone\":\"18786014490\",\"sources\":\"\",\"translateId\":17,\"translateName\":\"姚\"}', NULL, 1, '', '2023-06-14 22:15:17', 3);
INSERT INTO `sys_oper_log` VALUES (362, '企业资源', 2, 'com.resourcepool.project.business.controller.TTranslateController.getBook()', 'POST', 1, 'admin', NULL, '/business/translate/getBook', '43.247.209.216', 'XX XX', '{\"addr\":\"\",\"contacts\":\"\",\"createBy\":\"小伟\",\"createTime\":\"2023-06-14 21:37:23\",\"customerDemand\":\"\",\"isDel\":0,\"isUse\":0,\"notes\":\"\",\"params\":{},\"pass\":\"****\",\"phone\":\"18786014490\",\"sources\":\"\",\"translateId\":17,\"translateName\":\"姚\"}', NULL, 1, '', '2023-06-14 22:15:43', 2);
INSERT INTO `sys_oper_log` VALUES (363, '企业资源', 3, 'com.resourcepool.project.business.controller.TTranslateController.remove()', 'DELETE', 1, 'admin', NULL, '/business/translate/17,18,19,20,21,22', '43.247.209.216', 'XX XX', '{}', '{\"msg\":\"操作成功\",\"code\":200}', 0, NULL, '2023-06-14 22:50:13', 11);
INSERT INTO `sys_oper_log` VALUES (364, '客户资源', 1, 'com.resourcepool.project.business.controller.TCustomerController.add()', 'POST', 1, 'admin', NULL, '/business/customer', '43.247.209.216', 'XX XX', '{\"certificateSpeciality\":\"1\",\"certificateType\":\"1\",\"customerName\":\"1\",\"customerPhone\":\"1\",\"params\":{},\"pass\":\"****\",\"remark\":\"1\"}', '{\"msg\":\"该客户电话:1已被领取\",\"code\":500}', 0, NULL, '2023-06-14 22:51:29', 30);
INSERT INTO `sys_oper_log` VALUES (365, '部门管理', 3, 'com.resourcepool.project.system.controller.SysDeptController.remove()', 'DELETE', 1, 'admin', NULL, '/system/dept/201', '43.247.209.216', 'XX XX', '{}', '{\"msg\":\"部门存在用户,不允许删除\",\"code\":601}', 0, NULL, '2023-06-14 23:01:29', 9);
INSERT INTO `sys_oper_log` VALUES (366, '用户管理', 3, 'com.resourcepool.project.system.controller.SysUserController.remove()', 'DELETE', 1, 'admin', NULL, '/system/user/3', '43.247.209.216', 'XX XX', '{}', '{\"msg\":\"操作成功\",\"code\":200}', 0, NULL, '2023-06-14 23:01:36', 40);
INSERT INTO `sys_oper_log` VALUES (367, '部门管理', 3, 'com.resourcepool.project.system.controller.SysDeptController.remove()', 'DELETE', 1, 'admin', NULL, '/system/dept/202', '43.247.209.216', 'XX XX', '{}', '{\"msg\":\"操作成功\",\"code\":200}', 0, NULL, '2023-06-14 23:01:42', 28);
INSERT INTO `sys_oper_log` VALUES (368, '部门管理', 1, 'com.resourcepool.project.system.controller.SysDeptController.add()', 'POST', 1, 'admin', NULL, '/system/dept', '43.247.209.216', 'XX XX', '{\"ancestors\":\"0,100,200\",\"children\":[],\"createBy\":\"admin\",\"deptName\":\"销售部一组\",\"orderNum\":1,\"params\":{},\"parentId\":200,\"status\":\"0\"}', '{\"msg\":\"操作成功\",\"code\":200}', 0, NULL, '2023-06-14 23:01:59', 29);
INSERT INTO `sys_oper_log` VALUES (369, '部门管理', 1, 'com.resourcepool.project.system.controller.SysDeptController.add()', 'POST', 1, 'admin', NULL, '/system/dept', '43.247.209.216', 'XX XX', '{\"ancestors\":\"0,100,200,203\",\"children\":[],\"createBy\":\"admin\",\"deptName\":\"销售部一组组员\",\"orderNum\":0,\"params\":{},\"parentId\":203,\"status\":\"0\"}', '{\"msg\":\"操作成功\",\"code\":200}', 0, NULL, '2023-06-14 23:02:20', 22);
INSERT INTO `sys_oper_log` VALUES (370, '用户管理', 1, 'com.resourcepool.project.system.controller.SysUserController.add()', 'POST', 1, 'admin', NULL, '/system/user', '43.247.209.216', 'XX XX', '{\"admin\":false,\"createBy\":\"admin\",\"deptId\":100,\"nickName\":\"黄柯\",\"params\":{},\"postIds\":[],\"roleIds\":[2],\"status\":\"0\",\"useNum\":50,\"useNumTrn\":50,\"userId\":4,\"userName\":\"黄柯\"}', '{\"msg\":\"操作成功\",\"code\":200}', 0, NULL, '2023-06-14 23:03:13', 127);
INSERT INTO `sys_oper_log` VALUES (371, '用户管理', 2, 'com.resourcepool.project.system.controller.SysUserController.edit()', 'PUT', 1, 'admin', NULL, '/system/user', '43.247.209.216', 'XX XX', '{\"admin\":false,\"avatar\":\"\",\"createBy\":\"admin\",\"createTime\":\"2023-06-14 23:03:12\",\"delFlag\":\"0\",\"dept\":{\"ancestors\":\"0\",\"children\":[],\"deptId\":100,\"deptName\":\"公司名称\",\"leader\":\"超级管理员\",\"orderNum\":0,\"params\":{},\"parentId\":0,\"status\":\"0\"},\"deptId\":204,\"email\":\"\",\"loginIp\":\"\",\"nickName\":\"黄柯\",\"params\":{},\"phonenumber\":\"\",\"postIds\":[],\"roleIds\":[2],\"roles\":[{\"admin\":false,\"dataScope\":\"1\",\"deptCheckStrictly\":false,\"flag\":false,\"menuCheckStrictly\":false,\"params\":{},\"roleId\":2,\"roleKey\":\"ptjs\",\"roleName\":\"普通角色\",\"roleSort\":1,\"status\":\"0\"}],\"sex\":\"0\",\"status\":\"0\",\"updateBy\":\"admin\",\"useNum\":50,\"useNumTrn\":50,\"userId\":4,\"userName\":\"黄柯\"}', '{\"msg\":\"操作成功\",\"code\":200}', 0, NULL, '2023-06-14 23:03:30', 33);
INSERT INTO `sys_oper_log` VALUES (372, '用户管理', 1, 'com.resourcepool.project.system.controller.SysUserController.add()', 'POST', 1, 'admin', NULL, '/system/user', '43.247.209.216', 'XX XX', '{\"admin\":false,\"createBy\":\"admin\",\"deptId\":100,\"nickName\":\"李紫云\",\"params\":{},\"postIds\":[],\"roleIds\":[2],\"status\":\"0\",\"useNum\":30,\"useNumTrn\":30,\"userId\":5,\"userName\":\"李紫云\"}', '{\"msg\":\"操作成功\",\"code\":200}', 0, NULL, '2023-06-14 23:04:12', 116);
INSERT INTO `sys_oper_log` VALUES (373, '用户管理', 1, 'com.resourcepool.project.system.controller.SysUserController.add()', 'POST', 1, 'admin', NULL, '/system/user', '43.247.209.216', 'XX XX', '{\"admin\":false,\"createBy\":\"admin\",\"deptId\":204,\"nickName\":\"胡永顺\",\"params\":{},\"postIds\":[],\"roleIds\":[2],\"status\":\"0\",\"useNum\":0,\"useNumTrn\":0,\"userId\":6,\"userName\":\"胡永顺\"}', '{\"msg\":\"操作成功\",\"code\":200}', 0, NULL, '2023-06-14 23:04:47', 113);
INSERT INTO `sys_oper_log` VALUES (374, '用户管理', 1, 'com.resourcepool.project.system.controller.SysUserController.add()', 'POST', 1, 'admin', NULL, '/system/user', '43.247.209.216', 'XX XX', '{\"admin\":false,\"createBy\":\"admin\",\"deptId\":100,\"nickName\":\"胡永超\",\"params\":{},\"postIds\":[],\"roleIds\":[2],\"status\":\"0\",\"useNum\":0,\"useNumTrn\":0,\"userId\":7,\"userName\":\"胡永超\"}', '{\"msg\":\"操作成功\",\"code\":200}', 0, NULL, '2023-06-14 23:05:16', 108);
INSERT INTO `sys_oper_log` VALUES (375, '部门管理', 2, 'com.resourcepool.project.system.controller.SysDeptController.edit()', 'PUT', 1, 'admin', NULL, '/system/dept', '43.247.209.216', 'XX XX', '{\"ancestors\":\"0\",\"children\":[],\"deptId\":100,\"deptName\":\"贵州聚汇邦企业管理有限公司\",\"email\":\"\",\"leader\":\"超级管理员\",\"orderNum\":0,\"params\":{},\"parentId\":0,\"phone\":\"15888888888\",\"status\":\"0\",\"updateBy\":\"admin\"}', '{\"msg\":\"操作成功\",\"code\":200}', 0, NULL, '2023-06-14 23:05:44', 33);
INSERT INTO `sys_oper_log` VALUES (376, '企业资源', 6, 'com.resourcepool.project.business.controller.TTranslateController.importData()', 'POST', 1, 'admin', NULL, '/business/translate/importData', '43.247.209.216', 'XX XX', '{\"updateSupport\":\"0\"}', NULL, 1, '很抱歉，导入失败！共 62 条数据格式不正确，错误如下：<br/>1、企业 张萨妮 已存在<br/>2、企业 王攀登 已存在<br/>3、企业 何庆星 已存在<br/>4、企业 石俊群 已存在<br/>5、企业 蹇睿 已存在<br/>6、企业 陆骁 已存在<br/>7、企业 王凯 已存在<br/>8、企业 何庆星 已存在<br/>9、企业 刘浒 已存在<br/>10、企业 骆骥 已存在<br/>11、企业 包达跃 已存在<br/>12、企业 吴承飞 已存在<br/>13、企业 杨国伟 已存在<br/>14、企业 李宗义 已存在<br/>15、企业 何庆星 已存在<br/>16、企业 骆骥 已存在<br/>17、企业 杨锋 已存在<br/>18、企业 龙志珠 已存在<br/>19、企业 尹正西 已存在<br/>20、企业 邹大林 已存在<br/>21、企业 赵林琴 已存在<br/>22、企业 陈利 已存在<br/>23、企业 李润生 已存在<br/>24、企业 黄飞 已存在<br/>25、企业 杨锋 已存在<br/>26、企业 章翔 已存在<br/>27、企业 石俊群 已存在<br/>28、企业 邓卫 已存在<br/>29、企业 方松韬 已存在<br/>30、企业 王昆鹏 已存在<br/>31、企业 蹇念 已存在<br/>32、企业 王红帮 已存在<br/>33、企业 刁敏 已存在<br/>34、企业 龙天翔 已存在<br/>35、企业 陆骁 已存在<br/>36、企业 张萨妮 已存在<br/>37、企业 周开梅 已存在<br/>38、企业 王凯 已存在<br/>39、企业 包达跃 已存在<br/>40、企业 唐君军 已存在<br/>41、企业 张公有 已存在<br/>42、企业 李爱华 已存在<br/>43、企业 杨国伟 已存在<br/>44、企业 罗江春 已存在<br/>45、企业 龙志珠 已存在<br/>46、企业 杜惠 已存在<br/>47、企业 吴承飞 已存在<br/>48、企业 杨锋 已存在<br/>49、企业 尹正西 已存在<br/>50、企业 何庆星 已存在<br/>51、企业 王恩泽 已存在<br/>52、企业 陈阿兵 已存在<br/>53、企业 顾林先 已存在<br/>54、企业 陈海峰 已存在<br/>55、企业 兰中文 已存在<br/>56、企业 马松 已存在<br/>57、企业 左方敏 已存在<br/>58、企业 孔佑飞 已存在<br/>59、企业 闫自富 已存在<br/>60、企业 赵林琴 已存在<br/>61、企业 胡宇 已存在<br/>62、企业 骆骥 已存在', '2023-06-14 23:30:48', 2966);
INSERT INTO `sys_oper_log` VALUES (377, '企业资源', 2, 'com.resourcepool.project.business.controller.TTranslateController.getBook()', 'POST', 1, '黄柯', NULL, '/business/translate/getBook', '43.247.209.216', 'XX XX', '{\"addr\":\"\",\"contacts\":\"\",\"createBy\":\"admin\",\"createTime\":\"2023-06-14 23:30:46\",\"customerDemand\":\"\",\"isDel\":0,\"isUse\":0,\"notes\":\"建筑工程\",\"params\":{},\"pass\":\"****\",\"phone\":\"13908586362\",\"sources\":\"\",\"translateId\":23,\"translateName\":\"张晓亮\"}', '{\"msg\":\"操作成功\",\"code\":200}', 0, NULL, '2023-06-14 23:34:20', 34);
INSERT INTO `sys_oper_log` VALUES (378, '企业通讯录', 5, 'com.resourcepool.project.business.controller.TTranslateBookController.recoverys()', 'POST', 1, '黄柯', NULL, '/business/translateBook/recoverys', '43.247.209.216', 'XX XX', '{\"addr\":\"\",\"contacts\":\"\",\"createTime\":\"2023-06-14 23:34:21\",\"customerDemand\":\"\",\"isRecovery\":1,\"notes\":\"建筑工程\",\"params\":{},\"pass\":\"****\",\"phone\":\"13908586362\",\"sources\":\"\",\"translateBookId\":17,\"translateId\":23,\"translateName\":\"张晓亮\",\"userId\":4,\"userName\":\"黄柯\"}', '{\"msg\":\"操作成功\",\"code\":200}', 0, NULL, '2023-06-14 23:34:52', 32);
INSERT INTO `sys_oper_log` VALUES (379, '企业资源', 2, 'com.resourcepool.project.business.controller.TTranslateController.getBook()', 'POST', 1, '黄柯', NULL, '/business/translate/getBook', '43.247.209.216', 'XX XX', '{\"addr\":\"\",\"contacts\":\"\",\"createBy\":\"admin\",\"createTime\":\"2023-06-14 23:30:46\",\"customerDemand\":\"\",\"isDel\":0,\"isUse\":0,\"notes\":\"市政公用工程\",\"params\":{},\"pass\":\"****\",\"phone\":\"15369490672\",\"sources\":\"\",\"translateId\":24,\"translateName\":\"宁秋友\"}', '{\"msg\":\"操作成功\",\"code\":200}', 0, NULL, '2023-06-14 23:35:05', 29);
INSERT INTO `sys_oper_log` VALUES (380, '企业通讯录', 5, 'com.resourcepool.project.business.controller.TTranslateBookController.recoverys()', 'POST', 1, '黄柯', NULL, '/business/translateBook/recoverys', '43.247.209.216', 'XX XX', '{\"addr\":\"\",\"contacts\":\"\",\"createTime\":\"2023-06-14 23:35:06\",\"customerDemand\":\"\",\"isRecovery\":1,\"notes\":\"市政公用工程\",\"params\":{},\"pass\":\"****\",\"phone\":\"15369490672\",\"sources\":\"\",\"translateBookId\":18,\"translateId\":24,\"translateName\":\"宁秋友\",\"userId\":4,\"userName\":\"黄柯\"}', '{\"msg\":\"操作成功\",\"code\":200}', 0, NULL, '2023-06-14 23:35:16', 28);
INSERT INTO `sys_oper_log` VALUES (381, '企业资源', 2, 'com.resourcepool.project.business.controller.TTranslateController.getBook()', 'POST', 1, '黄柯', NULL, '/business/translate/getBook', '43.247.209.216', 'XX XX', '{\"addr\":\"\",\"contacts\":\"\",\"createBy\":\"黄柯\",\"createTime\":\"2023-06-14 23:35:16\",\"customerDemand\":\"\",\"isDel\":0,\"isUse\":0,\"notes\":\"市政公用工程\",\"params\":{},\"pass\":\"****\",\"phone\":\"15369490672\",\"sources\":\"\",\"translateId\":162,\"translateName\":\"宁秋友\"}', '{\"msg\":\"操作成功\",\"code\":200}', 0, NULL, '2023-06-14 23:35:33', 31);
INSERT INTO `sys_oper_log` VALUES (382, '企业资源', 3, 'com.resourcepool.project.business.controller.TTranslateController.remove()', 'DELETE', 1, '黄柯', NULL, '/business/translate/25,26,27,28,29,30,31,32,33,34,35,36,37,38,39,40,41,42,43,44,45,46,47,48,49,50,51,52,53,54,55,56,57,58,59,60,61,62,63,64,65,66,67,68,69,70,71,72,73,74', '43.247.209.216', 'XX XX', '{}', '{\"msg\":\"操作成功\",\"code\":200}', 0, NULL, '2023-06-14 23:36:01', 42);
INSERT INTO `sys_oper_log` VALUES (383, '企业资源', 3, 'com.resourcepool.project.business.controller.TTranslateController.remove()', 'DELETE', 1, '黄柯', NULL, '/business/translate/75,76,77,78,79,80,81,82,83,84,85,86,87,88,89,90,91,92,93,94,95,96,97,98,99,100,101,102,103,104,105,106,107,108,109,110,111,112,113,114,115,116,117,118,119,120,121,122,123,124', '43.247.209.216', 'XX XX', '{}', '{\"msg\":\"操作成功\",\"code\":200}', 0, NULL, '2023-06-14 23:36:04', 21);
INSERT INTO `sys_oper_log` VALUES (384, '企业资源', 3, 'com.resourcepool.project.business.controller.TTranslateController.remove()', 'DELETE', 1, '黄柯', NULL, '/business/translate/125,126,127,128,129,130,131,132,133,134,135,136,137,138,139,140,141,142,143,144,145,146,147,148,149,150,151,152,153,154,155,156,157,158,159,160,161', '43.247.209.216', 'XX XX', '{}', '{\"msg\":\"操作成功\",\"code\":200}', 0, NULL, '2023-06-14 23:36:06', 31);
INSERT INTO `sys_oper_log` VALUES (385, '企业资源', 6, 'com.resourcepool.project.business.controller.TTranslateController.importData()', 'POST', 1, '黄柯', NULL, '/business/translate/importData', '43.247.209.216', 'XX XX', '{\"updateSupport\":\"0\"}', NULL, 1, '很抱歉，导入失败！共 63 条数据格式不正确，错误如下：<br/>1、企业 宁秋友 已被领取<br/>2、企业 张萨妮 已存在<br/>3、企业 王攀登 已存在<br/>4、企业 何庆星 已存在<br/>5、企业 石俊群 已存在<br/>6、企业 蹇睿 已存在<br/>7、企业 陆骁 已存在<br/>8、企业 王凯 已存在<br/>9、企业 何庆星 已存在<br/>10、企业 刘浒 已存在<br/>11、企业 骆骥 已存在<br/>12、企业 包达跃 已存在<br/>13、企业 吴承飞 已存在<br/>14、企业 杨国伟 已存在<br/>15、企业 李宗义 已存在<br/>16、企业 何庆星 已存在<br/>17、企业 骆骥 已存在<br/>18、企业 杨锋 已存在<br/>19、企业 龙志珠 已存在<br/>20、企业 尹正西 已存在<br/>21、企业 邹大林 已存在<br/>22、企业 赵林琴 已存在<br/>23、企业 陈利 已存在<br/>24、企业 李润生 已存在<br/>25、企业 黄飞 已存在<br/>26、企业 杨锋 已存在<br/>27、企业 章翔 已存在<br/>28、企业 石俊群 已存在<br/>29、企业 邓卫 已存在<br/>30、企业 方松韬 已存在<br/>31、企业 王昆鹏 已存在<br/>32、企业 蹇念 已存在<br/>33、企业 王红帮 已存在<br/>34、企业 刁敏 已存在<br/>35、企业 龙天翔 已存在<br/>36、企业 陆骁 已存在<br/>37、企业 张萨妮 已存在<br/>38、企业 周开梅 已存在<br/>39、企业 王凯 已存在<br/>40、企业 包达跃 已存在<br/>41、企业 唐君军 已存在<br/>42、企业 张公有 已存在<br/>43、企业 李爱华 已存在<br/>44、企业 杨国伟 已存在<br/>45、企业 罗江春 已存在<br/>46、企业 龙志珠 已存在<br/>47、企业 杜惠 已存在<br/>48、企业 吴承飞 已存在<br/>49、企业 杨锋 已存在<br/>50、企业 尹正西 已存在<br/>51、企业 何庆星 已存在<br/>52、企业 王恩泽 已存在<br/>53、企业 陈阿兵 已存在<br/>54、企业 顾林先 已存在<br/>55、企业 陈海峰 已存在<br/>56、企业 兰中文 已存在<br/>57、企业 马松 已存在<br/>58、企业 左方敏 已存在<br/>59、企业 孔佑飞 已存在<br/>60、企业 闫自富 已存在<br/>61、企业 赵林琴 已存在<br/>62、企业 胡宇 已存在<br/>63、企业 骆骥 已存在', '2023-06-14 23:37:16', 2537);
INSERT INTO `sys_oper_log` VALUES (386, '企业资源', 3, 'com.resourcepool.project.business.controller.TTranslateController.remove()', 'DELETE', 1, '黄柯', NULL, '/business/translate/163,164,165,166,167,168,169,170,171,172,173,174,175,176,177,178,179,180,181,182,183,184,185,186,187,188,189,190,191,192,193,194,195,196,197,198,199,200,201,202,203,204,205,206,207,208,209,210,211,212', '43.247.209.216', 'XX XX', '{}', '{\"msg\":\"操作成功\",\"code\":200}', 0, NULL, '2023-06-14 23:38:47', 20);
INSERT INTO `sys_oper_log` VALUES (387, '企业资源', 3, 'com.resourcepool.project.business.controller.TTranslateController.remove()', 'DELETE', 1, '黄柯', NULL, '/business/translate/213,214,215,216,217,218,219,220,221,222,223,224,225,226,227,228,229,230,231,232,233,234,235,236,237,238,239,240,241,242,243,244,245,246,247,248,249,250,251,252,253,254,255,256,257,258,259,260,261,262', '43.247.209.216', 'XX XX', '{}', '{\"msg\":\"操作成功\",\"code\":200}', 0, NULL, '2023-06-14 23:38:49', 16);
INSERT INTO `sys_oper_log` VALUES (388, '企业资源', 3, 'com.resourcepool.project.business.controller.TTranslateController.remove()', 'DELETE', 1, '黄柯', NULL, '/business/translate/263,264,265,266,267,268,269,270,271,272,273,274,275,276,277,278,279,280,281,282,283,284,285,286,287,288,289,290,291,292,293,294,295,296,297,298,299', '43.247.209.216', 'XX XX', '{}', '{\"msg\":\"操作成功\",\"code\":200}', 0, NULL, '2023-06-14 23:38:52', 13);
INSERT INTO `sys_oper_log` VALUES (389, '客户资源', 6, 'com.resourcepool.project.business.controller.TCustomerController.importData()', 'POST', 1, 'admin', NULL, '/business/customer/importData', '43.247.209.216', 'XX XX', '{\"updateSupport\":\"0\"}', NULL, 1, '很抱歉，导入失败！共 200 条数据格式不正确，错误如下：<br/>1、客户 null 已被领取<br/>2、客户 null 已被领取<br/>3、客户 null 已被领取<br/>4、客户 null 已被领取<br/>5、客户 null 已被领取<br/>6、客户 null 已被领取<br/>7、客户 null 已被领取<br/>8、客户 null 已被领取<br/>9、客户 null 已被领取<br/>10、客户 null 已被领取<br/>11、客户 null 已被领取<br/>12、客户 null 已被领取<br/>13、客户 null 已被领取<br/>14、客户 null 已被领取<br/>15、客户 null 已被领取<br/>16、客户 null 已被领取<br/>17、客户 null 已被领取<br/>18、客户 null 已被领取<br/>19、客户 null 已被领取<br/>20、客户 null 已被领取<br/>21、客户 null 已被领取<br/>22、客户 null 已被领取<br/>23、客户 null 已被领取<br/>24、客户 null 已被领取<br/>25、客户 null 已被领取<br/>26、客户 null 已被领取<br/>27、客户 null 已被领取<br/>28、客户 null 已被领取<br/>29、客户 null 已被领取<br/>30、客户 null 已被领取<br/>31、客户 null 已被领取<br/>32、客户 null 已被领取<br/>33、客户 null 已被领取<br/>34、客户 null 已被领取<br/>35、客户 null 已被领取<br/>36、客户 null 已被领取<br/>37、客户 null 已被领取<br/>38、客户 null 已被领取<br/>39、客户 null 已被领取<br/>40、客户 null 已被领取<br/>41、客户 null 已被领取<br/>42、客户 null 已被领取<br/>43、客户 null 已被领取<br/>44、客户 null 已被领取<br/>45、客户 null 已被领取<br/>46、客户 null 已被领取<br/>47、客户 null 已被领取<br/>48、客户 null 已被领取<br/>49、客户 null 已被领取<br/>50、客户 null 已被领取<br/>51、客户 null 已被领取<br/>52、客户 null 已被领取<br/>53、客户 null 已被领取<br/>54、客户 null 已被领取<br/>55、客户 null 已被领取<br/>56、客户 null 已被领取<br/>57、客户 null 已被领取<br/>58、客户 null 已被领取<br/>59、客户 null 已被领取<br/>60、客户 null 已被领取<br/>61、客户 null 已被领取<br/>62、客户 null 已被领取<br/>63、客户 null 已被领取<br/>64、客户 null 已被领取<br/>65、客户 null 已被领取<br/>66、客户 null 已被领取<br/>67、客户 null 已被领取<br/>68、客户 null 已被领取<br/>69、客户 null 已被领取<br/>70、客户 null 已被领取<br/>71、客户 null 已被领取<br/>72、客户 null 已被领取<br/>73、客户 null 已被领取<br/>74、客户 null 已被领取<br/>75、客户 null 已被领取<br/>76、客户 null 已被领取<br/>77、客户 null 已被领取<br/>78、客户 null 已被领取<br/>79、客户 null 已被领取<br/>80、客户 null 已被领取<br/>81、客户 null 已被领取<br/>82、客户 null 已被领取<br/>83、客户 null 已被领取<br/>84、客户 null 已被领取<br/>85、客户 null 已被领取<br/>86、客户 null 已被领取<br/>87、客户 null 已被领取<br/>88、客户 null 已被领取<br/>89、客户 null 已被领取<br/>90、客户 null 已被领取<br/>91、客户 null 已被领取<br/>92、客户 null 已被领取<br/>93、客户 null 已被领取<br/>94、客户 null 已被领取<br/>95、客户 null 已被领取<br/>96、客户 null 已被领取<br/>97、客户 null 已被领取<br/>98、客户 null 已被领取<br/>99、客户 null 已被领取', '2023-06-14 23:39:33', 790);
INSERT INTO `sys_oper_log` VALUES (390, '企业资源', 6, 'com.resourcepool.project.business.controller.TTranslateController.importData()', 'POST', 1, 'admin', NULL, '/business/translate/importData', '43.247.209.216', 'XX XX', '{\"updateSupport\":\"0\"}', NULL, 1, '很抱歉，导入失败！共 63 条数据格式不正确，错误如下：<br/>1、企业 宁秋友 已被领取<br/>2、企业 张萨妮 已存在<br/>3、企业 王攀登 已存在<br/>4、企业 何庆星 已存在<br/>5、企业 石俊群 已存在<br/>6、企业 蹇睿 已存在<br/>7、企业 陆骁 已存在<br/>8、企业 王凯 已存在<br/>9、企业 何庆星 已存在<br/>10、企业 刘浒 已存在<br/>11、企业 骆骥 已存在<br/>12、企业 包达跃 已存在<br/>13、企业 吴承飞 已存在<br/>14、企业 杨国伟 已存在<br/>15、企业 李宗义 已存在<br/>16、企业 何庆星 已存在<br/>17、企业 骆骥 已存在<br/>18、企业 杨锋 已存在<br/>19、企业 龙志珠 已存在<br/>20、企业 尹正西 已存在<br/>21、企业 邹大林 已存在<br/>22、企业 赵林琴 已存在<br/>23、企业 陈利 已存在<br/>24、企业 李润生 已存在<br/>25、企业 黄飞 已存在<br/>26、企业 杨锋 已存在<br/>27、企业 章翔 已存在<br/>28、企业 石俊群 已存在<br/>29、企业 邓卫 已存在<br/>30、企业 方松韬 已存在<br/>31、企业 王昆鹏 已存在<br/>32、企业 蹇念 已存在<br/>33、企业 王红帮 已存在<br/>34、企业 刁敏 已存在<br/>35、企业 龙天翔 已存在<br/>36、企业 陆骁 已存在<br/>37、企业 张萨妮 已存在<br/>38、企业 周开梅 已存在<br/>39、企业 王凯 已存在<br/>40、企业 包达跃 已存在<br/>41、企业 唐君军 已存在<br/>42、企业 张公有 已存在<br/>43、企业 李爱华 已存在<br/>44、企业 杨国伟 已存在<br/>45、企业 罗江春 已存在<br/>46、企业 龙志珠 已存在<br/>47、企业 杜惠 已存在<br/>48、企业 吴承飞 已存在<br/>49、企业 杨锋 已存在<br/>50、企业 尹正西 已存在<br/>51、企业 何庆星 已存在<br/>52、企业 王恩泽 已存在<br/>53、企业 陈阿兵 已存在<br/>54、企业 顾林先 已存在<br/>55、企业 陈海峰 已存在<br/>56、企业 兰中文 已存在<br/>57、企业 马松 已存在<br/>58、企业 左方敏 已存在<br/>59、企业 孔佑飞 已存在<br/>60、企业 闫自富 已存在<br/>61、企业 赵林琴 已存在<br/>62、企业 胡宇 已存在<br/>63、企业 骆骥 已存在', '2023-06-14 23:39:49', 2307);
INSERT INTO `sys_oper_log` VALUES (391, '角色管理', 2, 'com.resourcepool.project.system.controller.SysRoleController.dataScope()', 'PUT', 1, 'admin', NULL, '/system/role/dataScope', '43.247.209.216', 'XX XX', '{\"admin\":false,\"createTime\":\"2023-06-08 18:55:48\",\"dataScope\":\"4\",\"delFlag\":\"0\",\"deptCheckStrictly\":true,\"deptIds\":[],\"flag\":false,\"menuCheckStrictly\":true,\"params\":{},\"roleId\":2,\"roleKey\":\"ptjs\",\"roleName\":\"普通角色\",\"roleSort\":1,\"status\":\"0\"}', '{\"msg\":\"操作成功\",\"code\":200}', 0, NULL, '2023-06-14 23:40:35', 40);
INSERT INTO `sys_oper_log` VALUES (392, '角色管理', 1, 'com.resourcepool.project.system.controller.SysRoleController.add()', 'POST', 1, 'admin', NULL, '/system/role', '43.247.209.216', 'XX XX', '{\"admin\":false,\"createBy\":\"admin\",\"deptCheckStrictly\":true,\"deptIds\":[],\"flag\":false,\"menuCheckStrictly\":true,\"menuIds\":[2006,2007,2008,2009,2010,2011,2012,2013,2014,2015,2016,2017,2018,2025,2019,2020,2021,2022,2023,2024,2026,2027,2028,2029,2030,2031],\"params\":{},\"roleId\":3,\"roleKey\":\"dsz\",\"roleName\":\"董事长\",\"roleSort\":0,\"status\":\"0\"}', '{\"msg\":\"操作成功\",\"code\":200}', 0, NULL, '2023-06-14 23:41:34', 41);
INSERT INTO `sys_oper_log` VALUES (393, '用户管理', 2, 'com.resourcepool.project.system.controller.SysUserController.edit()', 'PUT', 1, 'admin', NULL, '/system/user', '43.247.209.216', 'XX XX', '{\"admin\":false,\"avatar\":\"\",\"createBy\":\"admin\",\"createTime\":\"2023-06-14 23:05:16\",\"delFlag\":\"0\",\"dept\":{\"ancestors\":\"0\",\"children\":[],\"deptId\":100,\"deptName\":\"贵州聚汇邦企业管理有限公司\",\"leader\":\"超级管理员\",\"orderNum\":0,\"params\":{},\"parentId\":0,\"status\":\"0\"},\"deptId\":100,\"email\":\"\",\"loginIp\":\"\",\"nickName\":\"胡永超\",\"params\":{},\"phonenumber\":\"\",\"postIds\":[],\"roleIds\":[3],\"roles\":[{\"admin\":false,\"dataScope\":\"4\",\"deptCheckStrictly\":false,\"flag\":false,\"menuCheckStrictly\":false,\"params\":{},\"roleId\":2,\"roleKey\":\"ptjs\",\"roleName\":\"普通角色\",\"roleSort\":1,\"status\":\"0\"}],\"sex\":\"0\",\"status\":\"0\",\"updateBy\":\"admin\",\"useNum\":0,\"useNumTrn\":0,\"userId\":7,\"userName\":\"胡永超\"}', '{\"msg\":\"操作成功\",\"code\":200}', 0, NULL, '2023-06-14 23:42:05', 30);
INSERT INTO `sys_oper_log` VALUES (394, '角色管理', 2, 'com.resourcepool.project.system.controller.SysRoleController.dataScope()', 'PUT', 1, 'admin', NULL, '/system/role/dataScope', '43.247.209.216', 'XX XX', '{\"admin\":false,\"createTime\":\"2023-06-14 23:41:34\",\"dataScope\":\"1\",\"delFlag\":\"0\",\"deptCheckStrictly\":true,\"deptIds\":[],\"flag\":false,\"menuCheckStrictly\":true,\"params\":{},\"roleId\":3,\"roleKey\":\"dsz\",\"roleName\":\"董事长\",\"roleSort\":0,\"status\":\"0\"}', '{\"msg\":\"操作成功\",\"code\":200}', 0, NULL, '2023-06-14 23:42:19', 16);
INSERT INTO `sys_oper_log` VALUES (395, '用户管理', 2, 'com.resourcepool.project.system.controller.SysUserController.edit()', 'PUT', 1, 'admin', NULL, '/system/user', '43.247.209.216', 'XX XX', '{\"admin\":false,\"avatar\":\"\",\"createBy\":\"admin\",\"createTime\":\"2023-06-14 23:03:12\",\"delFlag\":\"0\",\"dept\":{\"ancestors\":\"0,100,200,203\",\"children\":[],\"deptId\":204,\"deptName\":\"销售部一组组员\",\"orderNum\":0,\"params\":{},\"parentId\":203,\"status\":\"0\"},\"deptId\":204,\"email\":\"\",\"loginDate\":\"2023-06-14 23:34:05\",\"loginIp\":\"43.247.209.216\",\"nickName\":\"黄柯\",\"params\":{},\"phonenumber\":\"\",\"postIds\":[],\"roleIds\":[2],\"roles\":[{\"admin\":false,\"dataScope\":\"4\",\"deptCheckStrictly\":false,\"flag\":false,\"menuCheckStrictly\":false,\"params\":{},\"roleId\":2,\"roleKey\":\"ptjs\",\"roleName\":\"普通角色\",\"roleSort\":1,\"status\":\"0\"}],\"sex\":\"0\",\"status\":\"0\",\"updateBy\":\"admin\",\"useNum\":50,\"useNumTrn\":30,\"userId\":4,\"userName\":\"黄柯\"}', '{\"msg\":\"操作成功\",\"code\":200}', 0, NULL, '2023-06-14 23:45:40', 26);
INSERT INTO `sys_oper_log` VALUES (396, '用户管理', 2, 'com.resourcepool.project.system.controller.SysUserController.edit()', 'PUT', 1, 'admin', NULL, '/system/user', '43.247.209.216', 'XX XX', '{\"admin\":false,\"avatar\":\"\",\"createBy\":\"admin\",\"createTime\":\"2023-06-14 23:04:47\",\"delFlag\":\"0\",\"dept\":{\"ancestors\":\"0,100,200,203\",\"children\":[],\"deptId\":204,\"deptName\":\"销售部一组组员\",\"orderNum\":0,\"params\":{},\"parentId\":203,\"status\":\"0\"},\"deptId\":204,\"email\":\"\",\"loginIp\":\"\",\"nickName\":\"胡永顺\",\"params\":{},\"phonenumber\":\"\",\"postIds\":[],\"roleIds\":[2],\"roles\":[{\"admin\":false,\"dataScope\":\"4\",\"deptCheckStrictly\":false,\"flag\":false,\"menuCheckStrictly\":false,\"params\":{},\"roleId\":2,\"roleKey\":\"ptjs\",\"roleName\":\"普通角色\",\"roleSort\":1,\"status\":\"0\"}],\"sex\":\"0\",\"status\":\"0\",\"updateBy\":\"admin\",\"useNum\":0,\"useNumTrn\":30,\"userId\":6,\"userName\":\"胡永顺\"}', '{\"msg\":\"操作成功\",\"code\":200}', 0, NULL, '2023-06-14 23:45:49', 28);
INSERT INTO `sys_oper_log` VALUES (397, '用户管理', 2, 'com.resourcepool.project.system.controller.SysUserController.edit()', 'PUT', 1, 'admin', NULL, '/system/user', '43.247.209.216', 'XX XX', '{\"admin\":false,\"avatar\":\"\",\"createBy\":\"admin\",\"createTime\":\"2023-06-14 23:05:16\",\"delFlag\":\"0\",\"dept\":{\"ancestors\":\"0\",\"children\":[],\"deptId\":100,\"deptName\":\"贵州聚汇邦企业管理有限公司\",\"leader\":\"超级管理员\",\"orderNum\":0,\"params\":{},\"parentId\":0,\"status\":\"0\"},\"deptId\":100,\"email\":\"\",\"loginIp\":\"\",\"nickName\":\"胡永超\",\"params\":{},\"phonenumber\":\"\",\"postIds\":[],\"roleIds\":[3],\"roles\":[{\"admin\":false,\"dataScope\":\"1\",\"deptCheckStrictly\":false,\"flag\":false,\"menuCheckStrictly\":false,\"params\":{},\"roleId\":3,\"roleKey\":\"dsz\",\"roleName\":\"董事长\",\"roleSort\":0,\"status\":\"0\"}],\"sex\":\"0\",\"status\":\"0\",\"updateBy\":\"admin\",\"useNum\":0,\"useNumTrn\":30,\"userId\":7,\"userName\":\"胡永超\"}', '{\"msg\":\"操作成功\",\"code\":200}', 0, NULL, '2023-06-14 23:45:55', 18);
INSERT INTO `sys_oper_log` VALUES (398, '用户管理', 2, 'com.resourcepool.project.system.controller.SysUserController.edit()', 'PUT', 1, 'admin', NULL, '/system/user', '43.247.209.216', 'XX XX', '{\"admin\":false,\"avatar\":\"\",\"createBy\":\"admin\",\"createTime\":\"2023-06-14 23:05:16\",\"delFlag\":\"0\",\"dept\":{\"ancestors\":\"0\",\"children\":[],\"deptId\":100,\"deptName\":\"贵州聚汇邦企业管理有限公司\",\"leader\":\"超级管理员\",\"orderNum\":0,\"params\":{},\"parentId\":0,\"status\":\"0\"},\"deptId\":100,\"email\":\"\",\"loginIp\":\"\",\"nickName\":\"胡永超\",\"params\":{},\"phonenumber\":\"\",\"postIds\":[],\"roleIds\":[3],\"roles\":[{\"admin\":false,\"dataScope\":\"1\",\"deptCheckStrictly\":false,\"flag\":false,\"menuCheckStrictly\":false,\"params\":{},\"roleId\":3,\"roleKey\":\"dsz\",\"roleName\":\"董事长\",\"roleSort\":0,\"status\":\"0\"}],\"sex\":\"0\",\"status\":\"0\",\"updateBy\":\"admin\",\"useNum\":60,\"useNumTrn\":30,\"userId\":7,\"userName\":\"胡永超\"}', '{\"msg\":\"操作成功\",\"code\":200}', 0, NULL, '2023-06-14 23:46:11', 24);
INSERT INTO `sys_oper_log` VALUES (399, '用户管理', 2, 'com.resourcepool.project.system.controller.SysUserController.edit()', 'PUT', 1, 'admin', NULL, '/system/user', '43.247.209.216', 'XX XX', '{\"admin\":false,\"avatar\":\"\",\"createBy\":\"admin\",\"createTime\":\"2023-06-14 23:04:12\",\"delFlag\":\"0\",\"dept\":{\"ancestors\":\"0\",\"children\":[],\"deptId\":100,\"deptName\":\"贵州聚汇邦企业管理有限公司\",\"leader\":\"超级管理员\",\"orderNum\":0,\"params\":{},\"parentId\":0,\"status\":\"0\"},\"deptId\":100,\"email\":\"\",\"loginIp\":\"\",\"nickName\":\"李紫云\",\"params\":{},\"phonenumber\":\"\",\"postIds\":[],\"roleIds\":[2],\"roles\":[{\"admin\":false,\"dataScope\":\"4\",\"deptCheckStrictly\":false,\"flag\":false,\"menuCheckStrictly\":false,\"params\":{},\"roleId\":2,\"roleKey\":\"ptjs\",\"roleName\":\"普通角色\",\"roleSort\":1,\"status\":\"0\"}],\"sex\":\"0\",\"status\":\"0\",\"updateBy\":\"admin\",\"useNum\":30,\"useNumTrn\":40,\"userId\":5,\"userName\":\"李紫云\"}', '{\"msg\":\"操作成功\",\"code\":200}', 0, NULL, '2023-06-14 23:46:17', 19);
INSERT INTO `sys_oper_log` VALUES (400, '用户管理', 2, 'com.resourcepool.project.system.controller.SysUserController.edit()', 'PUT', 1, 'admin', NULL, '/system/user', '43.247.209.216', 'XX XX', '{\"admin\":false,\"avatar\":\"\",\"createBy\":\"admin\",\"createTime\":\"2023-06-14 23:03:12\",\"delFlag\":\"0\",\"dept\":{\"ancestors\":\"0,100,200,203\",\"children\":[],\"deptId\":204,\"deptName\":\"销售部一组组员\",\"orderNum\":0,\"params\":{},\"parentId\":203,\"status\":\"0\"},\"deptId\":204,\"email\":\"\",\"loginDate\":\"2023-06-14 23:34:05\",\"loginIp\":\"43.247.209.216\",\"nickName\":\"黄柯\",\"params\":{},\"phonenumber\":\"\",\"postIds\":[],\"roleIds\":[2],\"roles\":[{\"admin\":false,\"dataScope\":\"4\",\"deptCheckStrictly\":false,\"flag\":false,\"menuCheckStrictly\":false,\"params\":{},\"roleId\":2,\"roleKey\":\"ptjs\",\"roleName\":\"普通角色\",\"roleSort\":1,\"status\":\"0\"}],\"sex\":\"0\",\"status\":\"0\",\"updateBy\":\"admin\",\"useNum\":50,\"useNumTrn\":40,\"userId\":4,\"userName\":\"黄柯\"}', '{\"msg\":\"操作成功\",\"code\":200}', 0, NULL, '2023-06-14 23:46:23', 22);
INSERT INTO `sys_oper_log` VALUES (401, '用户管理', 2, 'com.resourcepool.project.system.controller.SysUserController.edit()', 'PUT', 1, 'admin', NULL, '/system/user', '43.247.209.216', 'XX XX', '{\"admin\":false,\"avatar\":\"\",\"createBy\":\"admin\",\"createTime\":\"2023-06-14 23:05:16\",\"delFlag\":\"0\",\"dept\":{\"ancestors\":\"0\",\"children\":[],\"deptId\":100,\"deptName\":\"贵州聚汇邦企业管理有限公司\",\"leader\":\"超级管理员\",\"orderNum\":0,\"params\":{},\"parentId\":0,\"status\":\"0\"},\"deptId\":100,\"email\":\"\",\"loginIp\":\"\",\"nickName\":\"胡永超\",\"params\":{},\"phonenumber\":\"\",\"postIds\":[],\"roleIds\":[3],\"roles\":[{\"admin\":false,\"dataScope\":\"1\",\"deptCheckStrictly\":false,\"flag\":false,\"menuCheckStrictly\":false,\"params\":{},\"roleId\":3,\"roleKey\":\"dsz\",\"roleName\":\"董事长\",\"roleSort\":0,\"status\":\"0\"}],\"sex\":\"0\",\"status\":\"0\",\"updateBy\":\"admin\",\"useNum\":60,\"useNumTrn\":40,\"userId\":7,\"userName\":\"胡永超\"}', '{\"msg\":\"操作成功\",\"code\":200}', 0, NULL, '2023-06-14 23:46:25', 19);
INSERT INTO `sys_oper_log` VALUES (402, '用户管理', 2, 'com.resourcepool.project.system.controller.SysUserController.edit()', 'PUT', 1, 'admin', NULL, '/system/user', '43.247.209.216', 'XX XX', '{\"admin\":false,\"avatar\":\"\",\"createBy\":\"admin\",\"createTime\":\"2023-06-14 23:04:47\",\"delFlag\":\"0\",\"dept\":{\"ancestors\":\"0,100,200,203\",\"children\":[],\"deptId\":204,\"deptName\":\"销售部一组组员\",\"orderNum\":0,\"params\":{},\"parentId\":203,\"status\":\"0\"},\"deptId\":204,\"email\":\"\",\"loginIp\":\"\",\"nickName\":\"胡永顺\",\"params\":{},\"phonenumber\":\"\",\"postIds\":[],\"roleIds\":[2],\"roles\":[{\"admin\":false,\"dataScope\":\"4\",\"deptCheckStrictly\":false,\"flag\":false,\"menuCheckStrictly\":false,\"params\":{},\"roleId\":2,\"roleKey\":\"ptjs\",\"roleName\":\"普通角色\",\"roleSort\":1,\"status\":\"0\"}],\"sex\":\"0\",\"status\":\"0\",\"updateBy\":\"admin\",\"useNum\":0,\"useNumTrn\":40,\"userId\":6,\"userName\":\"胡永顺\"}', '{\"msg\":\"操作成功\",\"code\":200}', 0, NULL, '2023-06-14 23:46:29', 21);
INSERT INTO `sys_oper_log` VALUES (403, '用户管理', 1, 'com.resourcepool.project.system.controller.SysUserController.add()', 'POST', 1, 'admin', NULL, '/system/user', '43.247.209.216', 'XX XX', '{\"admin\":false,\"createBy\":\"admin\",\"deptId\":204,\"nickName\":\"胡向伟\",\"params\":{},\"postIds\":[],\"roleIds\":[2],\"status\":\"0\",\"useNum\":50,\"useNumTrn\":40,\"userId\":8,\"userName\":\"胡向伟\"}', '{\"msg\":\"操作成功\",\"code\":200}', 0, NULL, '2023-06-14 23:54:07', 109);
INSERT INTO `sys_oper_log` VALUES (404, '客户资源', 1, 'com.resourcepool.project.business.controller.TCustomerController.add()', 'POST', 1, 'admin', NULL, '/business/customer', '127.0.0.1', '内网IP', '{\"customerName\":\"123\",\"customerPhone\":\"123321\",\"params\":{},\"pass\":\"****\"}', '{\"msg\":\"该客户电话:123321已被领取\",\"code\":500}', 0, NULL, '2023-06-15 08:57:09', 18);
INSERT INTO `sys_oper_log` VALUES (405, '客户资源', 1, 'com.resourcepool.project.business.controller.TCustomerController.add()', 'POST', 1, 'admin', NULL, '/business/customer', '127.0.0.1', '内网IP', '{\"customerName\":\"123\",\"customerPhone\":\"123321\",\"params\":{},\"pass\":\"****\"}', '{\"msg\":\"该客户电话:123321已被领取\",\"code\":500}', 0, NULL, '2023-06-15 08:57:55', 34648);
INSERT INTO `sys_oper_log` VALUES (406, '客户资源', 1, 'com.resourcepool.project.business.controller.TCustomerController.add()', 'POST', 1, 'admin', NULL, '/business/customer', '127.0.0.1', '内网IP', '{\"createBy\":\"admin\",\"createTime\":\"2023-06-15 08:58:32\",\"customerId\":3,\"customerName\":\"123\",\"customerPhone\":\"123321\",\"params\":{},\"pass\":\"****\"}', '{\"msg\":\"操作成功\",\"code\":200}', 0, NULL, '2023-06-15 08:58:32', 56);
INSERT INTO `sys_oper_log` VALUES (407, '客户资源', 1, 'com.resourcepool.project.business.controller.TCustomerController.add()', 'POST', 1, 'admin', NULL, '/business/customer', '127.0.0.1', '内网IP', '{\"customerName\":\"123\",\"customerPhone\":\"123321\",\"params\":{},\"pass\":\"****\"}', '{\"msg\":\"添加失败，客户123已存在\",\"code\":500}', 0, NULL, '2023-06-15 08:58:37', 4);
INSERT INTO `sys_oper_log` VALUES (408, '客户资源', 1, 'com.resourcepool.project.business.controller.TCustomerController.add()', 'POST', 1, 'admin', NULL, '/business/customer', '127.0.0.1', '内网IP', '{\"customerName\":\"123\",\"customerPhone\":\"123321\",\"params\":{},\"pass\":\"****\"}', '{\"msg\":\"添加失败，客户123已存在\",\"code\":500}', 0, NULL, '2023-06-15 08:59:00', 4);
INSERT INTO `sys_oper_log` VALUES (409, '客户资源', 1, 'com.resourcepool.project.business.controller.TCustomerController.add()', 'POST', 1, 'admin', NULL, '/business/customer', '127.0.0.1', '内网IP', '{\"customerName\":\"123\",\"customerPhone\":\"123321\",\"params\":{},\"pass\":\"****\"}', '{\"msg\":\"添加失败，客户123已存在\",\"code\":500}', 0, NULL, '2023-06-15 08:59:02', 4);
INSERT INTO `sys_oper_log` VALUES (410, '客户资源', 1, 'com.resourcepool.project.business.controller.TCustomerController.add()', 'POST', 1, 'admin', NULL, '/business/customer', '127.0.0.1', '内网IP', '{\"createBy\":\"admin\",\"createTime\":\"2023-06-15 08:59:13\",\"customerId\":4,\"customerName\":\"123\",\"customerPhone\":\"1233211\",\"params\":{},\"pass\":\"****\"}', '{\"msg\":\"操作成功\",\"code\":200}', 0, NULL, '2023-06-15 08:59:13', 32);
INSERT INTO `sys_oper_log` VALUES (411, '客户资源', 2, 'com.resourcepool.project.business.controller.TCustomerController.getBook()', 'POST', 1, 'admin', NULL, '/business/customer/getBook', '127.0.0.1', '内网IP', '{\"createBy\":\"admin\",\"createTime\":\"2023-06-15 08:59:13\",\"customerId\":4,\"customerName\":\"123\",\"customerPhone\":\"1233211\",\"isDel\":0,\"isUse\":0,\"params\":{},\"pass\":\"****\"}', '{\"msg\":\"您已没有领取次数！\",\"code\":500}', 0, NULL, '2023-06-15 08:59:15', 4);
INSERT INTO `sys_oper_log` VALUES (412, '客户资源', 2, 'com.resourcepool.project.business.controller.TCustomerController.getBook()', 'POST', 1, 'admin', NULL, '/business/customer/getBook', '127.0.0.1', '内网IP', '{\"createBy\":\"admin\",\"createTime\":\"2023-06-15 08:59:13\",\"customerId\":4,\"customerName\":\"123\",\"customerPhone\":\"1233211\",\"isDel\":0,\"isUse\":0,\"params\":{},\"pass\":\"****\"}', '{\"msg\":\"您已没有领取次数！\",\"code\":500}', 0, NULL, '2023-06-15 08:59:17', 4);
INSERT INTO `sys_oper_log` VALUES (413, '角色管理', 2, 'com.resourcepool.project.system.controller.SysRoleController.edit()', 'PUT', 1, 'admin', NULL, '/system/role', '127.0.0.1', '内网IP', '{\"admin\":false,\"createTime\":\"2023-06-08 18:55:48\",\"dataScope\":\"4\",\"delFlag\":\"0\",\"deptCheckStrictly\":true,\"flag\":false,\"menuCheckStrictly\":true,\"menuIds\":[2006,2007,2013,2025,2019,2026,2008,2009,2010,2012,2014,2015,2016,2018,2020,2021,2022,2024,2027,2028,2029,2031],\"params\":{},\"roleId\":2,\"roleKey\":\"ptjs\",\"roleName\":\"普通角色\",\"roleSort\":1,\"status\":\"0\",\"updateBy\":\"admin\"}', '{\"msg\":\"操作成功\",\"code\":200}', 0, NULL, '2023-06-15 09:10:16', 41);
INSERT INTO `sys_oper_log` VALUES (414, '用户管理', 2, 'com.resourcepool.project.system.controller.SysUserController.resetPwd()', 'PUT', 1, 'admin', NULL, '/system/user/resetPwd', '127.0.0.1', '内网IP', '{\"admin\":false,\"params\":{},\"updateBy\":\"admin\",\"userId\":4}', '{\"msg\":\"操作成功\",\"code\":200}', 0, NULL, '2023-06-15 09:10:57', 112);
INSERT INTO `sys_oper_log` VALUES (415, '客户资源', 2, 'com.resourcepool.project.business.controller.TCustomerController.getBook()', 'POST', 1, 'admin', NULL, '/business/customer/getBook', '127.0.0.1', '内网IP', '{\"createBy\":\"admin\",\"createTime\":\"2023-06-15 08:58:32\",\"customerId\":3,\"customerName\":\"123\",\"customerPhone\":\"123321\",\"isDel\":0,\"isUse\":0,\"params\":{},\"pass\":\"****\"}', '{\"msg\":\"您已没有领取次数！\",\"code\":500}', 0, NULL, '2023-06-15 09:12:27', 4);
INSERT INTO `sys_oper_log` VALUES (416, '客户资源', 2, 'com.resourcepool.project.business.controller.TCustomerController.getBook()', 'POST', 1, 'admin', NULL, '/business/customer/getBook', '127.0.0.1', '内网IP', '{\"createBy\":\"admin\",\"createTime\":\"2023-06-15 08:59:13\",\"customerId\":4,\"customerName\":\"123\",\"customerPhone\":\"1233211\",\"isDel\":0,\"isUse\":0,\"params\":{},\"pass\":\"****\"}', '{\"msg\":\"您已没有领取次数！\",\"code\":500}', 0, NULL, '2023-06-15 09:12:29', 3);
INSERT INTO `sys_oper_log` VALUES (417, '客户资源', 2, 'com.resourcepool.project.business.controller.TCustomerController.getBook()', 'POST', 1, '黄柯', NULL, '/business/customer/getBook', '127.0.0.1', '内网IP', '{\"createBy\":\"admin\",\"createTime\":\"2023-06-15 08:58:32\",\"customerId\":3,\"customerName\":\"123\",\"customerPhone\":\"123321\",\"isDel\":0,\"isUse\":0,\"params\":{},\"pass\":\"****\"}', '{\"msg\":\"操作成功\",\"code\":200}', 0, NULL, '2023-06-15 09:17:12', 32);
INSERT INTO `sys_oper_log` VALUES (418, '客户资源', 2, 'com.resourcepool.project.business.controller.TCustomerController.getBook()', 'POST', 1, '黄柯', NULL, '/business/customer/getBook', '127.0.0.1', '内网IP', '{\"createBy\":\"admin\",\"createTime\":\"2023-06-15 08:59:13\",\"customerId\":4,\"customerName\":\"123\",\"customerPhone\":\"1233211\",\"isDel\":0,\"isUse\":0,\"params\":{},\"pass\":\"****\"}', '{\"msg\":\"操作成功\",\"code\":200}', 0, NULL, '2023-06-15 09:19:33', 49);
INSERT INTO `sys_oper_log` VALUES (419, '企业资源', 2, 'com.resourcepool.project.business.controller.TTranslateController.getBook()', 'POST', 1, '黄柯', NULL, '/business/translate/getBook', '127.0.0.1', '内网IP', '{\"addr\":\"\",\"contacts\":\"\",\"createBy\":\"admin\",\"createTime\":\"2023-06-14 23:39:47\",\"customerDemand\":\"\",\"isDel\":0,\"isUse\":0,\"notes\":\"建筑工程\",\"params\":{},\"pass\":\"****\",\"phone\":\"13908586362\",\"sources\":\"龙\",\"translateId\":300,\"translateName\":\"张晓亮\"}', '{\"msg\":\"操作成功\",\"code\":200}', 0, NULL, '2023-06-15 09:19:35', 28);
INSERT INTO `sys_oper_log` VALUES (420, '企业资源', 2, 'com.resourcepool.project.business.controller.TTranslateController.getBook()', 'POST', 1, '黄柯', NULL, '/business/translate/getBook', '127.0.0.1', '内网IP', '{\"addr\":\"\",\"contacts\":\"\",\"createBy\":\"admin\",\"createTime\":\"2023-06-14 23:39:47\",\"customerDemand\":\"\",\"isDel\":0,\"isUse\":0,\"notes\":\"建筑工程\",\"params\":{},\"pass\":\"****\",\"phone\":\"13595122536\",\"sources\":\"龙\",\"translateId\":301,\"translateName\":\"马海波\"}', '{\"msg\":\"操作成功\",\"code\":200}', 0, NULL, '2023-06-15 09:19:36', 32);
INSERT INTO `sys_oper_log` VALUES (421, '企业资源', 2, 'com.resourcepool.project.business.controller.TTranslateController.getBook()', 'POST', 1, '黄柯', NULL, '/business/translate/getBook', '127.0.0.1', '内网IP', '{\"addr\":\"\",\"contacts\":\"\",\"createBy\":\"admin\",\"createTime\":\"2023-06-14 23:39:47\",\"customerDemand\":\"\",\"isDel\":0,\"isUse\":0,\"notes\":\"机电工程\",\"params\":{},\"pass\":\"****\",\"phone\":\"13328105492\",\"sources\":\"龙\",\"translateId\":302,\"translateName\":\"高宏伟\"}', '{\"msg\":\"操作成功\",\"code\":200}', 0, NULL, '2023-06-15 09:19:36', 10);
INSERT INTO `sys_oper_log` VALUES (422, '企业资源', 2, 'com.resourcepool.project.business.controller.TTranslateController.getBook()', 'POST', 1, '黄柯', NULL, '/business/translate/getBook', '127.0.0.1', '内网IP', '{\"addr\":\"\",\"contacts\":\"\",\"createBy\":\"admin\",\"createTime\":\"2023-06-14 23:39:47\",\"customerDemand\":\"\",\"isDel\":0,\"isUse\":0,\"notes\":\"市政公用工程\",\"params\":{},\"pass\":\"****\",\"phone\":\"17885669800\",\"sources\":\"龙\",\"translateId\":303,\"translateName\":\"张建龙\"}', '{\"msg\":\"操作成功\",\"code\":200}', 0, NULL, '2023-06-15 09:19:37', 26);
INSERT INTO `sys_oper_log` VALUES (423, '企业资源', 2, 'com.resourcepool.project.business.controller.TTranslateController.getBook()', 'POST', 1, '黄柯', NULL, '/business/translate/getBook', '127.0.0.1', '内网IP', '{\"addr\":\"\",\"contacts\":\"\",\"createBy\":\"admin\",\"createTime\":\"2023-06-14 23:39:47\",\"customerDemand\":\"\",\"isDel\":0,\"isUse\":0,\"notes\":\"建筑工程\",\"params\":{},\"pass\":\"****\",\"phone\":\"15685290225\",\"sources\":\"龙\",\"translateId\":304,\"translateName\":\"韩梦霞\"}', '{\"msg\":\"操作成功\",\"code\":200}', 0, NULL, '2023-06-15 09:19:37', 24);
INSERT INTO `sys_oper_log` VALUES (424, '企业资源', 2, 'com.resourcepool.project.business.controller.TTranslateController.getBook()', 'POST', 1, '黄柯', NULL, '/business/translate/getBook', '127.0.0.1', '内网IP', '{\"addr\":\"\",\"contacts\":\"\",\"createBy\":\"admin\",\"createTime\":\"2023-06-14 23:39:47\",\"customerDemand\":\"\",\"isDel\":0,\"isUse\":0,\"notes\":\"公路工程\",\"params\":{},\"pass\":\"****\",\"phone\":\"15885015813\",\"sources\":\"龙\",\"translateId\":305,\"translateName\":\"李卫民\"}', '{\"msg\":\"操作成功\",\"code\":200}', 0, NULL, '2023-06-15 09:19:37', 19);
INSERT INTO `sys_oper_log` VALUES (425, '企业资源', 2, 'com.resourcepool.project.business.controller.TTranslateController.getBook()', 'POST', 1, '黄柯', NULL, '/business/translate/getBook', '127.0.0.1', '内网IP', '{\"addr\":\"\",\"contacts\":\"\",\"createBy\":\"admin\",\"createTime\":\"2023-06-14 23:39:47\",\"customerDemand\":\"\",\"isDel\":0,\"isUse\":0,\"notes\":\"市政公用工程\",\"params\":{},\"pass\":\"****\",\"phone\":\"18166310065\",\"sources\":\"龙\",\"translateId\":306,\"translateName\":\"徐鹏\"}', '{\"msg\":\"操作成功\",\"code\":200}', 0, NULL, '2023-06-15 09:19:38', 33);
INSERT INTO `sys_oper_log` VALUES (426, '企业资源', 2, 'com.resourcepool.project.business.controller.TTranslateController.getBook()', 'POST', 1, '黄柯', NULL, '/business/translate/getBook', '127.0.0.1', '内网IP', '{\"addr\":\"\",\"contacts\":\"\",\"createBy\":\"admin\",\"createTime\":\"2023-06-14 23:39:47\",\"customerDemand\":\"\",\"isDel\":0,\"isUse\":0,\"notes\":\"公路工程\",\"params\":{},\"pass\":\"****\",\"phone\":\"15566627722\",\"sources\":\"龙\",\"translateId\":307,\"translateName\":\"李永东\"}', '{\"msg\":\"操作成功\",\"code\":200}', 0, NULL, '2023-06-15 09:19:38', 22);
INSERT INTO `sys_oper_log` VALUES (427, '企业资源', 2, 'com.resourcepool.project.business.controller.TTranslateController.getBook()', 'POST', 1, '黄柯', NULL, '/business/translate/getBook', '127.0.0.1', '内网IP', '{\"addr\":\"\",\"contacts\":\"\",\"createBy\":\"admin\",\"createTime\":\"2023-06-14 23:39:47\",\"customerDemand\":\"\",\"isDel\":0,\"isUse\":0,\"notes\":\"建筑工程\",\"params\":{},\"pass\":\"****\",\"phone\":\"15599319795\",\"sources\":\"龙\",\"translateId\":308,\"translateName\":\"张喜君\"}', '{\"msg\":\"操作成功\",\"code\":200}', 0, NULL, '2023-06-15 09:19:38', 24);
INSERT INTO `sys_oper_log` VALUES (428, '企业资源', 2, 'com.resourcepool.project.business.controller.TTranslateController.getBook()', 'POST', 1, '黄柯', NULL, '/business/translate/getBook', '127.0.0.1', '内网IP', '{\"addr\":\"\",\"contacts\":\"\",\"createBy\":\"admin\",\"createTime\":\"2023-06-14 23:39:47\",\"customerDemand\":\"\",\"isDel\":0,\"isUse\":0,\"notes\":\"机电工程\",\"params\":{},\"pass\":\"****\",\"phone\":\"18083417888\",\"sources\":\"龙\",\"translateId\":309,\"translateName\":\"陈先波\"}', '{\"msg\":\"操作成功\",\"code\":200}', 0, NULL, '2023-06-15 09:19:39', 31);
INSERT INTO `sys_oper_log` VALUES (429, '企业资源', 2, 'com.resourcepool.project.business.controller.TTranslateController.getBook()', 'POST', 1, '黄柯', NULL, '/business/translate/getBook', '127.0.0.1', '内网IP', '{\"addr\":\"\",\"contacts\":\"\",\"createBy\":\"admin\",\"createTime\":\"2023-06-14 23:39:47\",\"customerDemand\":\"\",\"isDel\":0,\"isUse\":0,\"notes\":\"机电工程\",\"params\":{},\"pass\":\"****\",\"phone\":\"18984296067\",\"sources\":\"龙\",\"translateId\":310,\"translateName\":\"谢修水\"}', '{\"msg\":\"操作成功\",\"code\":200}', 0, NULL, '2023-06-15 09:19:39', 20);
INSERT INTO `sys_oper_log` VALUES (430, '企业资源', 2, 'com.resourcepool.project.business.controller.TTranslateController.getBook()', 'POST', 1, '黄柯', NULL, '/business/translate/getBook', '127.0.0.1', '内网IP', '{\"addr\":\"\",\"contacts\":\"\",\"createBy\":\"admin\",\"createTime\":\"2023-06-14 23:39:47\",\"customerDemand\":\"\",\"isDel\":0,\"isUse\":0,\"notes\":\"建筑工程\",\"params\":{},\"pass\":\"****\",\"phone\":\"18423476312\",\"sources\":\"龙\",\"translateId\":311,\"translateName\":\"瞿滨鸿\"}', '{\"msg\":\"操作成功\",\"code\":200}', 0, NULL, '2023-06-15 09:19:39', 32);
INSERT INTO `sys_oper_log` VALUES (431, '企业通讯录', 5, 'com.resourcepool.project.business.controller.TTranslateBookController.recoverys()', 'POST', 1, '黄柯', NULL, '/business/translateBook/recoverys', '127.0.0.1', '内网IP', '{\"addr\":\"\",\"contacts\":\"\",\"createTime\":\"2023-06-15 09:19:40\",\"customerDemand\":\"\",\"isRecovery\":1,\"notes\":\"建筑工程\",\"params\":{},\"pass\":\"****\",\"phone\":\"18423476312\",\"sources\":\"龙\",\"translateBookId\":31,\"translateId\":311,\"translateName\":\"瞿滨鸿\",\"userId\":4,\"userName\":\"黄柯\"}', '{\"msg\":\"操作成功\",\"code\":200}', 0, NULL, '2023-06-15 09:30:16', 41);
INSERT INTO `sys_oper_log` VALUES (432, '企业通讯录', 5, 'com.resourcepool.project.business.controller.TTranslateBookController.recoverys()', 'POST', 1, '黄柯', NULL, '/business/translateBook/recoverys', '127.0.0.1', '内网IP', '{\"addr\":\"\",\"contacts\":\"\",\"createTime\":\"2023-06-15 09:19:39\",\"customerDemand\":\"\",\"isRecovery\":1,\"notes\":\"建筑工程\",\"params\":{},\"pass\":\"****\",\"phone\":\"15599319795\",\"sources\":\"龙\",\"translateBookId\":28,\"translateId\":308,\"translateName\":\"张喜君\",\"userId\":4,\"userName\":\"黄柯\"}', '{\"msg\":\"操作成功\",\"code\":200}', 0, NULL, '2023-06-15 09:30:16', 32);
INSERT INTO `sys_oper_log` VALUES (433, '企业通讯录', 5, 'com.resourcepool.project.business.controller.TTranslateBookController.recoverys()', 'POST', 1, '黄柯', NULL, '/business/translateBook/recoverys', '127.0.0.1', '内网IP', '{\"addr\":\"\",\"contacts\":\"\",\"createTime\":\"2023-06-15 09:19:39\",\"customerDemand\":\"\",\"isRecovery\":1,\"notes\":\"机电工程\",\"params\":{},\"pass\":\"****\",\"phone\":\"18083417888\",\"sources\":\"龙\",\"translateBookId\":29,\"translateId\":309,\"translateName\":\"陈先波\",\"userId\":4,\"userName\":\"黄柯\"}', '{\"msg\":\"操作成功\",\"code\":200}', 0, NULL, '2023-06-15 09:30:16', 19);
INSERT INTO `sys_oper_log` VALUES (434, '企业通讯录', 5, 'com.resourcepool.project.business.controller.TTranslateBookController.recoverys()', 'POST', 1, '黄柯', NULL, '/business/translateBook/recoverys', '127.0.0.1', '内网IP', '{\"addr\":\"\",\"contacts\":\"\",\"createTime\":\"2023-06-15 09:19:39\",\"customerDemand\":\"\",\"isRecovery\":1,\"notes\":\"机电工程\",\"params\":{},\"pass\":\"****\",\"phone\":\"18984296067\",\"sources\":\"龙\",\"translateBookId\":30,\"translateId\":310,\"translateName\":\"谢修水\",\"userId\":4,\"userName\":\"黄柯\"}', '{\"msg\":\"操作成功\",\"code\":200}', 0, NULL, '2023-06-15 09:30:17', 18);
INSERT INTO `sys_oper_log` VALUES (435, '企业通讯录', 5, 'com.resourcepool.project.business.controller.TTranslateBookController.recoverys()', 'POST', 1, '黄柯', NULL, '/business/translateBook/recoverys', '127.0.0.1', '内网IP', '{\"addr\":\"\",\"contacts\":\"\",\"createTime\":\"2023-06-15 09:19:38\",\"customerDemand\":\"\",\"isRecovery\":1,\"notes\":\"公路工程\",\"params\":{},\"pass\":\"****\",\"phone\":\"15885015813\",\"sources\":\"龙\",\"translateBookId\":25,\"translateId\":305,\"translateName\":\"李卫民\",\"userId\":4,\"userName\":\"黄柯\"}', '{\"msg\":\"操作成功\",\"code\":200}', 0, NULL, '2023-06-15 09:30:17', 29);
INSERT INTO `sys_oper_log` VALUES (436, '企业通讯录', 5, 'com.resourcepool.project.business.controller.TTranslateBookController.recoverys()', 'POST', 1, '黄柯', NULL, '/business/translateBook/recoverys', '127.0.0.1', '内网IP', '{\"addr\":\"\",\"contacts\":\"\",\"createTime\":\"2023-06-15 09:19:38\",\"customerDemand\":\"\",\"isRecovery\":1,\"notes\":\"市政公用工程\",\"params\":{},\"pass\":\"****\",\"phone\":\"18166310065\",\"sources\":\"龙\",\"translateBookId\":26,\"translateId\":306,\"translateName\":\"徐鹏\",\"userId\":4,\"userName\":\"黄柯\"}', '{\"msg\":\"操作成功\",\"code\":200}', 0, NULL, '2023-06-15 09:30:17', 19);
INSERT INTO `sys_oper_log` VALUES (437, '企业通讯录', 5, 'com.resourcepool.project.business.controller.TTranslateBookController.recoverys()', 'POST', 1, '黄柯', NULL, '/business/translateBook/recoverys', '127.0.0.1', '内网IP', '{\"addr\":\"\",\"contacts\":\"\",\"createTime\":\"2023-06-15 09:19:38\",\"customerDemand\":\"\",\"isRecovery\":1,\"notes\":\"公路工程\",\"params\":{},\"pass\":\"****\",\"phone\":\"15566627722\",\"sources\":\"龙\",\"translateBookId\":27,\"translateId\":307,\"translateName\":\"李永东\",\"userId\":4,\"userName\":\"黄柯\"}', '{\"msg\":\"操作成功\",\"code\":200}', 0, NULL, '2023-06-15 09:30:18', 15);
INSERT INTO `sys_oper_log` VALUES (438, '企业通讯录', 5, 'com.resourcepool.project.business.controller.TTranslateBookController.recoverys()', 'POST', 1, '黄柯', NULL, '/business/translateBook/recoverys', '127.0.0.1', '内网IP', '{\"addr\":\"\",\"contacts\":\"\",\"createTime\":\"2023-06-15 09:19:37\",\"customerDemand\":\"\",\"isRecovery\":1,\"notes\":\"机电工程\",\"params\":{},\"pass\":\"****\",\"phone\":\"13328105492\",\"sources\":\"龙\",\"translateBookId\":22,\"translateId\":302,\"translateName\":\"高宏伟\",\"userId\":4,\"userName\":\"黄柯\"}', '{\"msg\":\"操作成功\",\"code\":200}', 0, NULL, '2023-06-15 09:30:18', 29);
INSERT INTO `sys_oper_log` VALUES (439, '企业通讯录', 5, 'com.resourcepool.project.business.controller.TTranslateBookController.recoverys()', 'POST', 1, '黄柯', NULL, '/business/translateBook/recoverys', '127.0.0.1', '内网IP', '{\"addr\":\"\",\"contacts\":\"\",\"createTime\":\"2023-06-15 09:19:37\",\"customerDemand\":\"\",\"isRecovery\":1,\"notes\":\"市政公用工程\",\"params\":{},\"pass\":\"****\",\"phone\":\"17885669800\",\"sources\":\"龙\",\"translateBookId\":23,\"translateId\":303,\"translateName\":\"张建龙\",\"userId\":4,\"userName\":\"黄柯\"}', '{\"msg\":\"操作成功\",\"code\":200}', 0, NULL, '2023-06-15 09:30:18', 18);
INSERT INTO `sys_oper_log` VALUES (440, '企业通讯录', 5, 'com.resourcepool.project.business.controller.TTranslateBookController.recoverys()', 'POST', 1, '黄柯', NULL, '/business/translateBook/recoverys', '127.0.0.1', '内网IP', '{\"addr\":\"\",\"contacts\":\"\",\"createTime\":\"2023-06-15 09:19:37\",\"customerDemand\":\"\",\"isRecovery\":1,\"notes\":\"建筑工程\",\"params\":{},\"pass\":\"****\",\"phone\":\"15685290225\",\"sources\":\"龙\",\"translateBookId\":24,\"translateId\":304,\"translateName\":\"韩梦霞\",\"userId\":4,\"userName\":\"黄柯\"}', '{\"msg\":\"操作成功\",\"code\":200}', 0, NULL, '2023-06-15 09:30:18', 18);
INSERT INTO `sys_oper_log` VALUES (441, '企业通讯录', 5, 'com.resourcepool.project.business.controller.TTranslateBookController.recoverys()', 'POST', 1, '黄柯', NULL, '/business/translateBook/recoverys', '127.0.0.1', '内网IP', '{\"addr\":\"\",\"contacts\":\"\",\"createTime\":\"2023-06-15 09:19:36\",\"customerDemand\":\"\",\"isRecovery\":1,\"notes\":\"建筑工程\",\"params\":{},\"pass\":\"****\",\"phone\":\"13908586362\",\"sources\":\"龙\",\"translateBookId\":20,\"translateId\":300,\"translateName\":\"张晓亮\",\"userId\":4,\"userName\":\"黄柯\"}', '{\"msg\":\"操作成功\",\"code\":200}', 0, NULL, '2023-06-15 09:30:19', 16);
INSERT INTO `sys_oper_log` VALUES (442, '企业通讯录', 5, 'com.resourcepool.project.business.controller.TTranslateBookController.recoverys()', 'POST', 1, '黄柯', NULL, '/business/translateBook/recoverys', '127.0.0.1', '内网IP', '{\"addr\":\"\",\"contacts\":\"\",\"createTime\":\"2023-06-15 09:19:36\",\"customerDemand\":\"\",\"isRecovery\":1,\"notes\":\"建筑工程\",\"params\":{},\"pass\":\"****\",\"phone\":\"13595122536\",\"sources\":\"龙\",\"translateBookId\":21,\"translateId\":301,\"translateName\":\"马海波\",\"userId\":4,\"userName\":\"黄柯\"}', '{\"msg\":\"操作成功\",\"code\":200}', 0, NULL, '2023-06-15 09:30:19', 18);
INSERT INTO `sys_oper_log` VALUES (443, '企业通讯录', 5, 'com.resourcepool.project.business.controller.TTranslateBookController.recoverys()', 'POST', 1, '黄柯', NULL, '/business/translateBook/recoverys', '127.0.0.1', '内网IP', '{\"addr\":\"\",\"contacts\":\"\",\"createTime\":\"2023-06-14 23:35:33\",\"customerDemand\":\"\",\"isRecovery\":1,\"notes\":\"市政公用工程\",\"params\":{},\"pass\":\"****\",\"phone\":\"15369490672\",\"sources\":\"\",\"translateBookId\":19,\"translateId\":162,\"translateName\":\"宁秋友\",\"userId\":4,\"userName\":\"黄柯\"}', '{\"msg\":\"操作成功\",\"code\":200}', 0, NULL, '2023-06-15 09:30:19', 16);
INSERT INTO `sys_oper_log` VALUES (444, '企业资源', 2, 'com.resourcepool.project.business.controller.TTranslateController.getBookIds()', 'POST', 1, '黄柯', NULL, '/business/translate/getBookIds', '127.0.0.1', '内网IP', '', NULL, 1, '', '2023-06-15 09:32:37', 3);
INSERT INTO `sys_oper_log` VALUES (445, '企业资源', 2, 'com.resourcepool.project.business.controller.TTranslateController.getBookIds()', 'POST', 1, '黄柯', NULL, '/business/translate/getBookIds', '127.0.0.1', '内网IP', '', NULL, 1, '', '2023-06-15 09:32:43', 0);
INSERT INTO `sys_oper_log` VALUES (446, '企业资源', 2, 'com.resourcepool.project.business.controller.TTranslateController.getBookIds()', 'POST', 1, '黄柯', NULL, '/business/translate/getBookIds', '127.0.0.1', '内网IP', '', NULL, 1, '', '2023-06-15 09:33:02', 11058);
INSERT INTO `sys_oper_log` VALUES (447, '企业资源', 2, 'com.resourcepool.project.business.controller.TTranslateController.getBookIds()', 'POST', 1, '黄柯', NULL, '/business/translate/getBookIds/312', '127.0.0.1', '内网IP', '[312]', '{\"msg\":\"操作成功\",\"code\":200}', 0, NULL, '2023-06-15 09:34:31', 44);
INSERT INTO `sys_oper_log` VALUES (448, '企业资源', 2, 'com.resourcepool.project.business.controller.TTranslateController.getBookIds()', 'POST', 1, '黄柯', NULL, '/business/translate/getBookIds/313,314,315,316,317,318,319,320,321,322', '127.0.0.1', '内网IP', '[313,314,315,316,317,318,319,320,321,322]', '{\"msg\":\"操作成功\",\"code\":200}', 0, NULL, '2023-06-15 09:34:33', 230);
INSERT INTO `sys_oper_log` VALUES (449, '客户通讯录', 3, 'com.resourcepool.project.business.controller.TCustomerBookController.recoverys()', 'POST', 1, '黄柯', NULL, '/business/book/recoverys', '127.0.0.1', '内网IP', '{\"bookId\":3,\"createTime\":\"2023-06-15 09:19:34\",\"customerId\":4,\"customerName\":\"123\",\"customerPhone\":\"1233211\",\"isRecovery\":1,\"params\":{},\"pass\":\"****\",\"userId\":4,\"userName\":\"黄柯\"}', '{\"msg\":\"操作成功\",\"code\":200}', 0, NULL, '2023-06-15 09:34:49', 35);
INSERT INTO `sys_oper_log` VALUES (450, '客户通讯录', 3, 'com.resourcepool.project.business.controller.TCustomerBookController.recoverys()', 'POST', 1, '黄柯', NULL, '/business/book/recoverys', '127.0.0.1', '内网IP', '{\"bookId\":2,\"createTime\":\"2023-06-15 09:17:12\",\"customerId\":3,\"customerName\":\"123\",\"customerPhone\":\"123321\",\"isRecovery\":1,\"params\":{},\"pass\":\"****\",\"userId\":4,\"userName\":\"黄柯\"}', '{\"msg\":\"操作成功\",\"code\":200}', 0, NULL, '2023-06-15 09:34:51', 23);
INSERT INTO `sys_oper_log` VALUES (451, '客户资源', 2, 'com.resourcepool.project.business.controller.TCustomerController.getBookIds()', 'POST', 1, '黄柯', NULL, '/business/customer/getBookIds/5,6', '127.0.0.1', '内网IP', '[5,6]', '{\"msg\":\"操作成功\",\"code\":200}', 0, NULL, '2023-06-15 09:39:13', 71);
INSERT INTO `sys_oper_log` VALUES (452, '客户通讯录', 3, 'com.resourcepool.project.business.controller.TCustomerBookController.recoverys()', 'POST', 1, '黄柯', NULL, '/business/book/recoverys', '127.0.0.1', '内网IP', '{\"bookId\":4,\"createTime\":\"2023-06-15 09:39:13\",\"customerId\":5,\"customerName\":\"123\",\"customerPhone\":\"1233211\",\"isRecovery\":1,\"params\":{},\"pass\":\"****\",\"userId\":4,\"userName\":\"黄柯\"}', '{\"msg\":\"操作成功\",\"code\":200}', 0, NULL, '2023-06-15 09:39:20', 21);
INSERT INTO `sys_oper_log` VALUES (453, '客户通讯录', 3, 'com.resourcepool.project.business.controller.TCustomerBookController.recoverys()', 'POST', 1, '黄柯', NULL, '/business/book/recoverys', '127.0.0.1', '内网IP', '{\"bookId\":5,\"createTime\":\"2023-06-15 09:39:13\",\"customerId\":6,\"customerName\":\"123\",\"customerPhone\":\"123321\",\"isRecovery\":1,\"params\":{},\"pass\":\"****\",\"userId\":4,\"userName\":\"黄柯\"}', '{\"msg\":\"操作成功\",\"code\":200}', 0, NULL, '2023-06-15 09:39:21', 38);
INSERT INTO `sys_oper_log` VALUES (454, '用户管理', 2, 'com.resourcepool.project.system.controller.SysUserController.edit()', 'PUT', 1, 'admin', NULL, '/system/user', '127.0.0.1', '内网IP', '{\"admin\":false,\"avatar\":\"\",\"createBy\":\"admin\",\"createTime\":\"2023-06-14 23:03:12\",\"delFlag\":\"0\",\"dept\":{\"ancestors\":\"0,100,200,203\",\"children\":[],\"deptId\":204,\"deptName\":\"销售部一组组员\",\"orderNum\":0,\"params\":{},\"parentId\":203,\"status\":\"0\"},\"deptId\":204,\"email\":\"\",\"loginDate\":\"2023-06-15 09:11:08\",\"loginIp\":\"127.0.0.1\",\"nickName\":\"黄柯\",\"params\":{},\"phonenumber\":\"\",\"postIds\":[],\"roleIds\":[2],\"roles\":[{\"admin\":false,\"dataScope\":\"4\",\"deptCheckStrictly\":false,\"flag\":false,\"menuCheckStrictly\":false,\"params\":{},\"roleId\":2,\"roleKey\":\"ptjs\",\"roleName\":\"普通角色\",\"roleSort\":1,\"status\":\"0\"}],\"sex\":\"0\",\"status\":\"0\",\"updateBy\":\"admin\",\"useNum\":5,\"useNumTrn\":4,\"userId\":4,\"userName\":\"黄柯\"}', '{\"msg\":\"操作成功\",\"code\":200}', 0, NULL, '2023-06-15 10:00:47', 50);
INSERT INTO `sys_oper_log` VALUES (455, '企业资源', 2, 'com.resourcepool.project.business.controller.TTranslateController.getBook()', 'POST', 1, '黄柯', NULL, '/business/translate/getBook', '127.0.0.1', '内网IP', '{\"addr\":\"\",\"contacts\":\"\",\"createBy\":\"admin\",\"createTime\":\"2023-06-14 23:39:48\",\"customerDemand\":\"\",\"isDel\":0,\"isUse\":0,\"notes\":\"二级建造师-市政工程-重新注册\",\"params\":{},\"pass\":\"****\",\"phone\":\"13668500752\",\"sources\":\"龙\",\"translateId\":323,\"translateName\":\"王凯\"}', '{\"msg\":\"您已没有领取次数！\",\"code\":500}', 0, NULL, '2023-06-15 10:01:12', 10);
INSERT INTO `sys_oper_log` VALUES (456, '企业通讯录', 5, 'com.resourcepool.project.business.controller.TTranslateBookController.recoverys()', 'POST', 1, '黄柯', NULL, '/business/translateBook/recoverys', '127.0.0.1', '内网IP', '{\"addr\":\"\",\"contacts\":\"\",\"createTime\":\"2023-06-15 09:34:33\",\"customerDemand\":\"\",\"isRecovery\":1,\"notes\":\"建筑工程\",\"params\":{},\"pass\":\"****\",\"phone\":\"13976473286\",\"sources\":\"龙\",\"translateBookId\":33,\"translateId\":313,\"translateName\":\"庄雅婷\",\"userId\":4,\"userName\":\"黄柯\"}', '{\"msg\":\"操作成功\",\"code\":200}', 0, NULL, '2023-06-15 10:01:17', 23);
INSERT INTO `sys_oper_log` VALUES (457, '企业通讯录', 5, 'com.resourcepool.project.business.controller.TTranslateBookController.recoverys()', 'POST', 1, '黄柯', NULL, '/business/translateBook/recoverys', '127.0.0.1', '内网IP', '{\"addr\":\"\",\"contacts\":\"\",\"createTime\":\"2023-06-15 09:34:33\",\"customerDemand\":\"\",\"isRecovery\":1,\"notes\":\"二级建造师-水利水电-重新注册\",\"params\":{},\"pass\":\"****\",\"phone\":\"15286012821\",\"sources\":\"龙\",\"translateBookId\":34,\"translateId\":314,\"translateName\":\"刘丹\",\"userId\":4,\"userName\":\"黄柯\"}', '{\"msg\":\"操作成功\",\"code\":200}', 0, NULL, '2023-06-15 10:01:18', 20);
INSERT INTO `sys_oper_log` VALUES (458, '企业通讯录', 5, 'com.resourcepool.project.business.controller.TTranslateBookController.recoverys()', 'POST', 1, '黄柯', NULL, '/business/translateBook/recoverys', '127.0.0.1', '内网IP', '{\"addr\":\"\",\"contacts\":\"\",\"createTime\":\"2023-06-15 09:34:33\",\"customerDemand\":\"\",\"isRecovery\":1,\"notes\":\"二级建造师-建筑工程-转注;二级建造师-市政工程-转注\",\"params\":{},\"pass\":\"****\",\"phone\":\"15286044390\",\"sources\":\"龙\",\"translateBookId\":35,\"translateId\":315,\"translateName\":\"张萨妮\",\"userId\":4,\"userName\":\"黄柯\"}', '{\"msg\":\"操作成功\",\"code\":200}', 0, NULL, '2023-06-15 10:01:19', 31);
INSERT INTO `sys_oper_log` VALUES (459, '企业通讯录', 5, 'com.resourcepool.project.business.controller.TTranslateBookController.recoverys()', 'POST', 1, '黄柯', NULL, '/business/translateBook/recoverys', '127.0.0.1', '内网IP', '{\"addr\":\"\",\"contacts\":\"\",\"createTime\":\"2023-06-15 09:34:33\",\"customerDemand\":\"\",\"isRecovery\":1,\"notes\":\"二级建造师-水利水电-重新注册\",\"params\":{},\"pass\":\"****\",\"phone\":\"15985013618\",\"sources\":\"龙\",\"translateBookId\":36,\"translateId\":316,\"translateName\":\"刘浒\",\"userId\":4,\"userName\":\"黄柯\"}', '{\"msg\":\"操作成功\",\"code\":200}', 0, NULL, '2023-06-15 10:01:25', 29);
INSERT INTO `sys_oper_log` VALUES (460, '企业通讯录', 5, 'com.resourcepool.project.business.controller.TTranslateBookController.recoverys()', 'POST', 1, '黄柯', NULL, '/business/translateBook/recoverys', '127.0.0.1', '内网IP', '{\"addr\":\"\",\"contacts\":\"\",\"createTime\":\"2023-06-15 09:34:33\",\"customerDemand\":\"\",\"isRecovery\":1,\"notes\":\"二级建造师-机电工程-转注\",\"params\":{},\"pass\":\"****\",\"phone\":\"15086562872\",\"sources\":\"龙\",\"translateBookId\":37,\"translateId\":317,\"translateName\":\"王攀登\",\"userId\":4,\"userName\":\"黄柯\"}', '{\"msg\":\"操作成功\",\"code\":200}', 0, NULL, '2023-06-15 10:01:26', 33);
INSERT INTO `sys_oper_log` VALUES (461, '企业通讯录', 5, 'com.resourcepool.project.business.controller.TTranslateBookController.recoverys()', 'POST', 1, '黄柯', NULL, '/business/translateBook/recoverys', '127.0.0.1', '内网IP', '{\"addr\":\"\",\"contacts\":\"\",\"createTime\":\"2023-06-15 09:34:33\",\"customerDemand\":\"\",\"isRecovery\":1,\"notes\":\"二级建造师-公路工程-转注\",\"params\":{},\"pass\":\"****\",\"phone\":\"18275542084\",\"sources\":\"龙\",\"translateBookId\":38,\"translateId\":318,\"translateName\":\"胡宇\",\"userId\":4,\"userName\":\"黄柯\"}', '{\"msg\":\"操作成功\",\"code\":200}', 0, NULL, '2023-06-15 10:01:26', 33);
INSERT INTO `sys_oper_log` VALUES (462, '企业通讯录', 5, 'com.resourcepool.project.business.controller.TTranslateBookController.recoverys()', 'POST', 1, '黄柯', NULL, '/business/translateBook/recoverys', '127.0.0.1', '内网IP', '{\"addr\":\"\",\"contacts\":\"\",\"createTime\":\"2023-06-15 09:34:33\",\"customerDemand\":\"\",\"isRecovery\":1,\"notes\":\"二级建造师-建筑工程-重新注册\",\"params\":{},\"pass\":\"****\",\"phone\":\"18919057329\",\"sources\":\"龙\",\"translateBookId\":39,\"translateId\":319,\"translateName\":\"姚莉\",\"userId\":4,\"userName\":\"黄柯\"}', '{\"msg\":\"操作成功\",\"code\":200}', 0, NULL, '2023-06-15 10:01:26', 15);
INSERT INTO `sys_oper_log` VALUES (463, '企业通讯录', 5, 'com.resourcepool.project.business.controller.TTranslateBookController.recoverys()', 'POST', 1, '黄柯', NULL, '/business/translateBook/recoverys', '127.0.0.1', '内网IP', '{\"addr\":\"\",\"contacts\":\"\",\"createTime\":\"2023-06-15 09:34:33\",\"customerDemand\":\"\",\"isRecovery\":1,\"notes\":\"二级建造师-公路工程-重新注册\",\"params\":{},\"pass\":\"****\",\"phone\":\"18259380218\",\"sources\":\"龙\",\"translateBookId\":40,\"translateId\":320,\"translateName\":\"方松韬\",\"userId\":4,\"userName\":\"黄柯\"}', '{\"msg\":\"操作成功\",\"code\":200}', 0, NULL, '2023-06-15 10:01:26', 17);
INSERT INTO `sys_oper_log` VALUES (464, '企业通讯录', 5, 'com.resourcepool.project.business.controller.TTranslateBookController.recoverys()', 'POST', 1, '黄柯', NULL, '/business/translateBook/recoverys', '127.0.0.1', '内网IP', '{\"addr\":\"\",\"contacts\":\"\",\"createTime\":\"2023-06-15 09:34:33\",\"customerDemand\":\"\",\"isRecovery\":1,\"notes\":\"二级建造师-建筑工程-重新注册\",\"params\":{},\"pass\":\"****\",\"phone\":\"13885015767\",\"sources\":\"龙\",\"translateBookId\":41,\"translateId\":321,\"translateName\":\"何庆星\",\"userId\":4,\"userName\":\"黄柯\"}', '{\"msg\":\"操作成功\",\"code\":200}', 0, NULL, '2023-06-15 10:01:27', 18);
INSERT INTO `sys_oper_log` VALUES (465, '企业通讯录', 5, 'com.resourcepool.project.business.controller.TTranslateBookController.recoverys()', 'POST', 1, '黄柯', NULL, '/business/translateBook/recoverys', '127.0.0.1', '内网IP', '{\"addr\":\"\",\"contacts\":\"\",\"createTime\":\"2023-06-15 09:34:33\",\"customerDemand\":\"\",\"isRecovery\":1,\"notes\":\"二级建造师-建筑工程-转注\",\"params\":{},\"pass\":\"****\",\"phone\":\"18617052347\",\"sources\":\"龙\",\"translateBookId\":42,\"translateId\":322,\"translateName\":\"蹇睿\",\"userId\":4,\"userName\":\"黄柯\"}', '{\"msg\":\"操作成功\",\"code\":200}', 0, NULL, '2023-06-15 10:01:27', 24);
INSERT INTO `sys_oper_log` VALUES (466, '企业通讯录', 5, 'com.resourcepool.project.business.controller.TTranslateBookController.recoverys()', 'POST', 1, '黄柯', NULL, '/business/translateBook/recoverys', '127.0.0.1', '内网IP', '{\"addr\":\"\",\"contacts\":\"\",\"createTime\":\"2023-06-15 09:34:31\",\"customerDemand\":\"\",\"isRecovery\":1,\"notes\":\"机电工程\",\"params\":{},\"pass\":\"****\",\"phone\":\"18308647176\",\"sources\":\"龙\",\"translateBookId\":32,\"translateId\":312,\"translateName\":\"徐文龙\",\"userId\":4,\"userName\":\"黄柯\"}', '{\"msg\":\"操作成功\",\"code\":200}', 0, NULL, '2023-06-15 10:01:27', 14);
INSERT INTO `sys_oper_log` VALUES (467, '企业资源', 2, 'com.resourcepool.project.business.controller.TTranslateController.getBook()', 'POST', 1, '黄柯', NULL, '/business/translate/getBook', '127.0.0.1', '内网IP', '{\"addr\":\"\",\"contacts\":\"\",\"createBy\":\"admin\",\"createTime\":\"2023-06-14 23:39:48\",\"customerDemand\":\"\",\"isDel\":0,\"isUse\":0,\"notes\":\"二级建造师-市政工程-重新注册\",\"params\":{},\"pass\":\"****\",\"phone\":\"13668500752\",\"sources\":\"龙\",\"translateId\":323,\"translateName\":\"王凯\"}', '{\"msg\":\"您已没有领取次数！\",\"code\":500}', 0, NULL, '2023-06-15 10:01:33', 4);
INSERT INTO `sys_oper_log` VALUES (468, '企业资源', 2, 'com.resourcepool.project.business.controller.TTranslateController.getBook()', 'POST', 1, '黄柯', NULL, '/business/translate/getBook', '127.0.0.1', '内网IP', '{\"addr\":\"\",\"contacts\":\"\",\"createBy\":\"admin\",\"createTime\":\"2023-06-14 23:39:48\",\"customerDemand\":\"\",\"isDel\":0,\"isUse\":0,\"notes\":\"二级建造师-市政工程-重新注册\",\"params\":{},\"pass\":\"****\",\"phone\":\"13668500752\",\"sources\":\"龙\",\"translateId\":323,\"translateName\":\"王凯\"}', '{\"msg\":\"您已没有领取次数！\",\"code\":500}', 0, NULL, '2023-06-15 10:01:34', 3);
INSERT INTO `sys_oper_log` VALUES (469, '企业资源', 2, 'com.resourcepool.project.business.controller.TTranslateController.getBook()', 'POST', 1, '黄柯', NULL, '/business/translate/getBook', '127.0.0.1', '内网IP', '{\"addr\":\"\",\"contacts\":\"\",\"createBy\":\"admin\",\"createTime\":\"2023-06-14 23:39:48\",\"customerDemand\":\"\",\"isDel\":0,\"isUse\":0,\"notes\":\"二级建造师-建筑工程-转注\",\"params\":{},\"pass\":\"****\",\"phone\":\"18685278693\",\"sources\":\"龙\",\"translateId\":324,\"translateName\":\"陈浩\"}', '{\"msg\":\"您已没有领取次数！\",\"code\":500}', 0, NULL, '2023-06-15 10:01:35', 4);
INSERT INTO `sys_oper_log` VALUES (470, '企业资源', 2, 'com.resourcepool.project.business.controller.TTranslateController.getBook()', 'POST', 1, '黄柯', NULL, '/business/translate/getBook', '127.0.0.1', '内网IP', '{\"addr\":\"\",\"contacts\":\"\",\"createBy\":\"admin\",\"createTime\":\"2023-06-14 23:39:48\",\"customerDemand\":\"\",\"isDel\":0,\"isUse\":0,\"notes\":\"二级建造师-建筑工程-转注\",\"params\":{},\"pass\":\"****\",\"phone\":\"13985673206\",\"sources\":\"龙\",\"translateId\":325,\"translateName\":\"包达跃\"}', '{\"msg\":\"您已没有领取次数！\",\"code\":500}', 0, NULL, '2023-06-15 10:01:36', 4);
INSERT INTO `sys_oper_log` VALUES (471, '企业资源', 2, 'com.resourcepool.project.business.controller.TTranslateController.getBook()', 'POST', 1, '黄柯', NULL, '/business/translate/getBook', '127.0.0.1', '内网IP', '{\"addr\":\"\",\"contacts\":\"\",\"createBy\":\"admin\",\"createTime\":\"2023-06-14 23:39:48\",\"customerDemand\":\"\",\"isDel\":0,\"isUse\":0,\"notes\":\"二级建造师-市政工程-重新注册\",\"params\":{},\"pass\":\"****\",\"phone\":\"13668500752\",\"sources\":\"龙\",\"translateId\":323,\"translateName\":\"王凯\"}', '{\"msg\":\"操作成功\",\"code\":200}', 0, NULL, '2023-06-15 10:01:47', 36);
INSERT INTO `sys_oper_log` VALUES (472, '企业资源', 2, 'com.resourcepool.project.business.controller.TTranslateController.getBook()', 'POST', 1, '黄柯', NULL, '/business/translate/getBook', '127.0.0.1', '内网IP', '{\"addr\":\"\",\"contacts\":\"\",\"createBy\":\"admin\",\"createTime\":\"2023-06-14 23:39:48\",\"customerDemand\":\"\",\"isDel\":0,\"isUse\":0,\"notes\":\"二级建造师-建筑工程-转注\",\"params\":{},\"pass\":\"****\",\"phone\":\"18685278693\",\"sources\":\"龙\",\"translateId\":324,\"translateName\":\"陈浩\"}', '{\"msg\":\"操作成功\",\"code\":200}', 0, NULL, '2023-06-15 10:01:47', 19);
INSERT INTO `sys_oper_log` VALUES (473, '企业资源', 2, 'com.resourcepool.project.business.controller.TTranslateController.getBook()', 'POST', 1, '黄柯', NULL, '/business/translate/getBook', '127.0.0.1', '内网IP', '{\"addr\":\"\",\"contacts\":\"\",\"createBy\":\"admin\",\"createTime\":\"2023-06-14 23:39:48\",\"customerDemand\":\"\",\"isDel\":0,\"isUse\":0,\"notes\":\"二级建造师-建筑工程-转注\",\"params\":{},\"pass\":\"****\",\"phone\":\"13985673206\",\"sources\":\"龙\",\"translateId\":325,\"translateName\":\"包达跃\"}', '{\"msg\":\"操作成功\",\"code\":200}', 0, NULL, '2023-06-15 10:01:47', 21);
INSERT INTO `sys_oper_log` VALUES (474, '企业资源', 2, 'com.resourcepool.project.business.controller.TTranslateController.getBook()', 'POST', 1, '黄柯', NULL, '/business/translate/getBook', '127.0.0.1', '内网IP', '{\"addr\":\"\",\"contacts\":\"\",\"createBy\":\"admin\",\"createTime\":\"2023-06-14 23:39:48\",\"customerDemand\":\"\",\"isDel\":0,\"isUse\":0,\"notes\":\"二级建造师-建筑工程-转注\",\"params\":{},\"pass\":\"****\",\"phone\":\"13529379437\",\"sources\":\"龙\",\"translateId\":326,\"translateName\":\"骆骥\"}', '{\"msg\":\"操作成功\",\"code\":200}', 0, NULL, '2023-06-15 10:01:48', 33);
INSERT INTO `sys_oper_log` VALUES (475, '企业资源', 2, 'com.resourcepool.project.business.controller.TTranslateController.getBook()', 'POST', 1, '黄柯', NULL, '/business/translate/getBook', '127.0.0.1', '内网IP', '{\"addr\":\"\",\"contacts\":\"\",\"createBy\":\"admin\",\"createTime\":\"2023-06-14 23:39:48\",\"customerDemand\":\"\",\"isDel\":0,\"isUse\":0,\"notes\":\"二级建造师-机电工程-转注\",\"params\":{},\"pass\":\"****\",\"phone\":\"18060905107\",\"sources\":\"龙\",\"translateId\":327,\"translateName\":\"陆骁\"}', '{\"msg\":\"您已没有领取次数！\",\"code\":500}', 0, NULL, '2023-06-15 10:01:48', 3);
INSERT INTO `sys_oper_log` VALUES (476, '企业资源', 2, 'com.resourcepool.project.business.controller.TTranslateController.getBook()', 'POST', 1, '黄柯', NULL, '/business/translate/getBook', '127.0.0.1', '内网IP', '{\"addr\":\"\",\"contacts\":\"\",\"createBy\":\"admin\",\"createTime\":\"2023-06-14 23:39:48\",\"customerDemand\":\"\",\"isDel\":0,\"isUse\":0,\"notes\":\"二级建造师-机电工程-转注\",\"params\":{},\"pass\":\"****\",\"phone\":\"18060905107\",\"sources\":\"龙\",\"translateId\":327,\"translateName\":\"陆骁\"}', '{\"msg\":\"您已没有领取次数！\",\"code\":500}', 0, NULL, '2023-06-15 10:01:49', 3);
INSERT INTO `sys_oper_log` VALUES (477, '企业通讯录', 5, 'com.resourcepool.project.business.controller.TTranslateBookController.recoverys()', 'POST', 1, '黄柯', NULL, '/business/translateBook/recoverys', '127.0.0.1', '内网IP', '{\"addr\":\"\",\"contacts\":\"\",\"createTime\":\"2023-06-15 10:01:48\",\"customerDemand\":\"\",\"isRecovery\":1,\"notes\":\"二级建造师-建筑工程-转注\",\"params\":{},\"pass\":\"****\",\"phone\":\"18685278693\",\"sources\":\"龙\",\"translateBookId\":44,\"translateId\":324,\"translateName\":\"陈浩\",\"userId\":4,\"userName\":\"黄柯\"}', '{\"msg\":\"操作成功\",\"code\":200}', 0, NULL, '2023-06-15 10:01:56', 27);
INSERT INTO `sys_oper_log` VALUES (478, '企业通讯录', 5, 'com.resourcepool.project.business.controller.TTranslateBookController.recoverys()', 'POST', 1, '黄柯', NULL, '/business/translateBook/recoverys', '127.0.0.1', '内网IP', '{\"addr\":\"\",\"contacts\":\"\",\"createTime\":\"2023-06-15 10:01:48\",\"customerDemand\":\"\",\"isRecovery\":1,\"notes\":\"二级建造师-建筑工程-转注\",\"params\":{},\"pass\":\"****\",\"phone\":\"13985673206\",\"sources\":\"龙\",\"translateBookId\":45,\"translateId\":325,\"translateName\":\"包达跃\",\"userId\":4,\"userName\":\"黄柯\"}', '{\"msg\":\"操作成功\",\"code\":200}', 0, NULL, '2023-06-15 10:01:56', 30);
INSERT INTO `sys_oper_log` VALUES (479, '企业通讯录', 5, 'com.resourcepool.project.business.controller.TTranslateBookController.recoverys()', 'POST', 1, '黄柯', NULL, '/business/translateBook/recoverys', '127.0.0.1', '内网IP', '{\"addr\":\"\",\"contacts\":\"\",\"createTime\":\"2023-06-15 10:01:48\",\"customerDemand\":\"\",\"isRecovery\":1,\"notes\":\"二级建造师-建筑工程-转注\",\"params\":{},\"pass\":\"****\",\"phone\":\"13529379437\",\"sources\":\"龙\",\"translateBookId\":46,\"translateId\":326,\"translateName\":\"骆骥\",\"userId\":4,\"userName\":\"黄柯\"}', '{\"msg\":\"操作成功\",\"code\":200}', 0, NULL, '2023-06-15 10:01:57', 13);
INSERT INTO `sys_oper_log` VALUES (480, '企业通讯录', 5, 'com.resourcepool.project.business.controller.TTranslateBookController.recoverys()', 'POST', 1, '黄柯', NULL, '/business/translateBook/recoverys', '127.0.0.1', '内网IP', '{\"addr\":\"\",\"contacts\":\"\",\"createTime\":\"2023-06-15 10:01:47\",\"customerDemand\":\"\",\"isRecovery\":1,\"notes\":\"二级建造师-市政工程-重新注册\",\"params\":{},\"pass\":\"****\",\"phone\":\"13668500752\",\"sources\":\"龙\",\"translateBookId\":43,\"translateId\":323,\"translateName\":\"王凯\",\"userId\":4,\"userName\":\"黄柯\"}', '{\"msg\":\"操作成功\",\"code\":200}', 0, NULL, '2023-06-15 10:01:57', 13);
INSERT INTO `sys_oper_log` VALUES (481, '企业资源', 2, 'com.resourcepool.project.business.controller.TTranslateController.getBook()', 'POST', 1, '黄柯', NULL, '/business/translate/getBook', '127.0.0.1', '内网IP', '{\"addr\":\"\",\"contacts\":\"\",\"createBy\":\"admin\",\"createTime\":\"2023-06-14 23:39:48\",\"customerDemand\":\"\",\"isDel\":0,\"isUse\":0,\"notes\":\"二级建造师-机电工程-转注\",\"params\":{},\"pass\":\"****\",\"phone\":\"18060905107\",\"sources\":\"龙\",\"translateId\":327,\"translateName\":\"陆骁\"}', '{\"msg\":\"您已没有领取次数！\",\"code\":500}', 0, NULL, '2023-06-15 10:02:02', 2);
INSERT INTO `sys_oper_log` VALUES (482, '企业资源', 2, 'com.resourcepool.project.business.controller.TTranslateController.getBookIds()', 'POST', 1, '黄柯', NULL, '/business/translate/getBookIds/327,328,329,330,331,332,333,334,335,336', '127.0.0.1', '内网IP', '[327,328,329,330,331,332,333,334,335,336]', '{\"msg\":\"您已没有领取次数！\",\"code\":500}', 0, NULL, '2023-06-15 10:02:07', 85);
INSERT INTO `sys_oper_log` VALUES (483, '用户管理', 3, 'com.resourcepool.project.system.controller.SysUserController.remove()', 'DELETE', 1, 'admin', NULL, '/system/user/4,5,6,7,8', '127.0.0.1', '内网IP', '{}', '{\"msg\":\"操作成功\",\"code\":200}', 0, NULL, '2023-06-15 15:01:53', 47);
INSERT INTO `sys_oper_log` VALUES (484, '用户管理', 1, 'com.resourcepool.project.system.controller.SysUserController.add()', 'POST', 1, 'admin', NULL, '/system/user', '127.0.0.1', '内网IP', '{\"admin\":false,\"createBy\":\"admin\",\"deptId\":204,\"nickName\":\"test\",\"params\":{},\"postIds\":[],\"roleIds\":[],\"status\":\"0\",\"useNum\":5,\"useNumTrn\":5,\"userId\":9,\"userName\":\"test\"}', '{\"msg\":\"操作成功\",\"code\":200}', 0, NULL, '2023-06-15 15:02:22', 111);
INSERT INTO `sys_oper_log` VALUES (485, '用户管理', 1, 'com.resourcepool.project.system.controller.SysUserController.add()', 'POST', 1, 'admin', NULL, '/system/user', '127.0.0.1', '内网IP', '{\"admin\":false,\"createBy\":\"admin\",\"deptId\":204,\"nickName\":\"test1\",\"params\":{},\"postIds\":[],\"roleIds\":[],\"status\":\"0\",\"useNum\":5,\"useNumTrn\":5,\"userId\":10,\"userName\":\"test1\"}', '{\"msg\":\"操作成功\",\"code\":200}', 0, NULL, '2023-06-15 15:02:39', 98);
INSERT INTO `sys_oper_log` VALUES (486, '用户管理', 1, 'com.resourcepool.project.system.controller.SysUserController.add()', 'POST', 1, 'admin', NULL, '/system/user', '127.0.0.1', '内网IP', '{\"admin\":false,\"createBy\":\"admin\",\"deptId\":203,\"nickName\":\"test2\",\"params\":{},\"postIds\":[],\"roleIds\":[2],\"status\":\"0\",\"useNum\":0,\"useNumTrn\":0,\"userId\":11,\"userName\":\"test2\"}', '{\"msg\":\"操作成功\",\"code\":200}', 0, NULL, '2023-06-15 15:02:59', 91);
INSERT INTO `sys_oper_log` VALUES (487, '用户管理', 2, 'com.resourcepool.project.system.controller.SysUserController.edit()', 'PUT', 1, 'admin', NULL, '/system/user', '127.0.0.1', '内网IP', '{\"admin\":false,\"avatar\":\"\",\"createBy\":\"admin\",\"createTime\":\"2023-06-15 15:02:39\",\"delFlag\":\"0\",\"dept\":{\"ancestors\":\"0,100,200,203\",\"children\":[],\"deptId\":204,\"deptName\":\"销售部一组组员\",\"orderNum\":0,\"params\":{},\"parentId\":203,\"status\":\"0\"},\"deptId\":204,\"email\":\"\",\"loginIp\":\"\",\"nickName\":\"test1\",\"params\":{},\"phonenumber\":\"\",\"postIds\":[],\"roleIds\":[2],\"roles\":[],\"sex\":\"0\",\"status\":\"0\",\"updateBy\":\"admin\",\"useNum\":5,\"useNumTrn\":5,\"userId\":10,\"userName\":\"test1\"}', '{\"msg\":\"操作成功\",\"code\":200}', 0, NULL, '2023-06-15 15:03:03', 34);
INSERT INTO `sys_oper_log` VALUES (488, '用户管理', 2, 'com.resourcepool.project.system.controller.SysUserController.edit()', 'PUT', 1, 'admin', NULL, '/system/user', '127.0.0.1', '内网IP', '{\"admin\":false,\"avatar\":\"\",\"createBy\":\"admin\",\"createTime\":\"2023-06-15 15:02:22\",\"delFlag\":\"0\",\"dept\":{\"ancestors\":\"0,100,200,203\",\"children\":[],\"deptId\":204,\"deptName\":\"销售部一组组员\",\"orderNum\":0,\"params\":{},\"parentId\":203,\"status\":\"0\"},\"deptId\":204,\"email\":\"\",\"loginIp\":\"\",\"nickName\":\"test\",\"params\":{},\"phonenumber\":\"\",\"postIds\":[],\"roleIds\":[2],\"roles\":[],\"sex\":\"0\",\"status\":\"0\",\"updateBy\":\"admin\",\"useNum\":5,\"useNumTrn\":5,\"userId\":9,\"userName\":\"test\"}', '{\"msg\":\"操作成功\",\"code\":200}', 0, NULL, '2023-06-15 15:03:05', 18);
INSERT INTO `sys_oper_log` VALUES (489, '用户管理', 2, 'com.resourcepool.project.system.controller.SysUserController.edit()', 'PUT', 1, 'admin', NULL, '/system/user', '127.0.0.1', '内网IP', '{\"admin\":false,\"avatar\":\"\",\"createBy\":\"admin\",\"createTime\":\"2023-06-15 15:02:59\",\"delFlag\":\"0\",\"dept\":{\"ancestors\":\"0,100,200\",\"children\":[],\"deptId\":203,\"deptName\":\"销售部一组\",\"orderNum\":1,\"params\":{},\"parentId\":200,\"status\":\"0\"},\"deptId\":203,\"email\":\"\",\"loginIp\":\"\",\"nickName\":\"test2\",\"params\":{},\"phonenumber\":\"\",\"postIds\":[],\"roleIds\":[2],\"roles\":[{\"admin\":false,\"dataScope\":\"4\",\"deptCheckStrictly\":false,\"flag\":false,\"menuCheckStrictly\":false,\"params\":{},\"roleId\":2,\"roleKey\":\"ptjs\",\"roleName\":\"普通角色\",\"roleSort\":1,\"status\":\"0\"}],\"sex\":\"0\",\"status\":\"0\",\"updateBy\":\"admin\",\"useNum\":5,\"useNumTrn\":5,\"userId\":11,\"userName\":\"test2\"}', '{\"msg\":\"操作成功\",\"code\":200}', 0, NULL, '2023-06-15 15:03:10', 17);
INSERT INTO `sys_oper_log` VALUES (490, '部门管理', 1, 'com.resourcepool.project.system.controller.SysDeptController.add()', 'POST', 1, 'admin', NULL, '/system/dept', '127.0.0.1', '内网IP', '{\"ancestors\":\"0,100,200\",\"children\":[],\"createBy\":\"admin\",\"deptName\":\"销售二组\",\"orderNum\":0,\"params\":{},\"parentId\":200,\"status\":\"0\"}', '{\"msg\":\"操作成功\",\"code\":200}', 0, NULL, '2023-06-15 15:03:26', 29);
INSERT INTO `sys_oper_log` VALUES (491, '用户管理', 1, 'com.resourcepool.project.system.controller.SysUserController.add()', 'POST', 1, 'admin', NULL, '/system/user', '127.0.0.1', '内网IP', '{\"admin\":false,\"createBy\":\"admin\",\"deptId\":205,\"nickName\":\"test3\",\"params\":{},\"postIds\":[],\"roleIds\":[2],\"status\":\"0\",\"useNum\":5,\"useNumTrn\":5,\"userId\":12,\"userName\":\"test3\"}', '{\"msg\":\"操作成功\",\"code\":200}', 0, NULL, '2023-06-15 15:04:00', 90);
INSERT INTO `sys_oper_log` VALUES (492, '用户管理', 1, 'com.resourcepool.project.system.controller.SysUserController.add()', 'POST', 1, 'admin', NULL, '/system/user', '127.0.0.1', '内网IP', '{\"admin\":false,\"createBy\":\"admin\",\"deptId\":200,\"nickName\":\"demo\",\"params\":{},\"postIds\":[],\"roleIds\":[],\"status\":\"0\",\"useNum\":0,\"useNumTrn\":0,\"userId\":13,\"userName\":\"demo\"}', '{\"msg\":\"操作成功\",\"code\":200}', 0, NULL, '2023-06-15 15:04:15', 107);
INSERT INTO `sys_oper_log` VALUES (493, '客户资源', 6, 'com.resourcepool.project.business.controller.TCustomerController.importData()', 'POST', 1, 'admin', NULL, '/business/customer/importData', '127.0.0.1', '内网IP', '{\"updateSupport\":\"0\"}', '{\"msg\":\"恭喜您，数据已全部导入成功！共 45 条，数据如下：<br/>1、客户 任遵强1 导入成功<br/>2、客户 任遵强2 导入成功<br/>3、客户 任遵强3 导入成功<br/>4、客户 任遵强4 导入成功<br/>5、客户 任遵强5 导入成功<br/>6、客户 任遵强6 导入成功<br/>7、客户 任遵强7 导入成功<br/>8、客户 任遵强8 导入成功<br/>9、客户 任遵强9 导入成功<br/>10、客户 任遵强10 导入成功<br/>11、客户 任遵强11 导入成功<br/>12、客户 任遵强12 导入成功<br/>13、客户 任遵强13 导入成功<br/>14、客户 任遵强14 导入成功<br/>15、客户 任遵强15 导入成功<br/>16、客户 任遵强16 导入成功<br/>17、客户 任遵强17 导入成功<br/>18、客户 任遵强18 导入成功<br/>19、客户 任遵强19 导入成功<br/>20、客户 任遵强20 导入成功<br/>21、客户 任遵强21 导入成功<br/>22、客户 任遵强22 导入成功<br/>23、客户 任遵强23 导入成功<br/>24、客户 任遵强24 导入成功<br/>25、客户 任遵强25 导入成功<br/>26、客户 任遵强26 导入成功<br/>27、客户 任遵强27 导入成功<br/>28、客户 任遵强28 导入成功<br/>29、客户 任遵强29 导入成功<br/>30、客户 任遵强30 导入成功<br/>31、客户 任遵强31 导入成功<br/>32、客户 任遵强32 导入成功<br/>33、客户 任遵强33 导入成功<br/>34、客户 任遵强34 导入成功<br/>35、客户 任遵强35 导入成功<br/>36、客户 任遵强36 导入成功<br/>37、客户 任遵强37 导入成功<br/>38、客户 任遵强38 导入成功<br/>39、客户 任遵强39 导入成功<br/>40、客户 任遵强40 导入成功<br/>41、客户 任遵强41 导入成功<br/>42、客户 任遵强42 导入成功<br/>43、客户 任遵强43 导入成功<br/>44、客户 任遵强44 导入成功<br/>45、客户 任遵强45 导入成功\",\"code\":200}', 0, NULL, '2023-06-15 15:04:59', 672);
INSERT INTO `sys_oper_log` VALUES (494, '客户资源', 2, 'com.resourcepool.project.business.controller.TCustomerController.getBookIds()', 'POST', 1, 'test', NULL, '/business/customer/getBookIds/9,10,11,12,13,14,15,16,17,18', '127.0.0.1', '内网IP', '[9,10,11,12,13,14,15,16,17,18]', NULL, 1, '\r\n### Error querying database.  Cause: java.sql.SQLSyntaxErrorException: Unknown column \'d.dept_id\' in \'IN/ALL/ANY subquery\'\r\n### The error may exist in file [D:\\project\\huxiangwei\\ResourcePool\\ResourcePool-service\\target\\classes\\mybatis\\business\\TCustomerBookMapper.xml]\r\n### The error may involve com.resourcepool.project.business.mapper.TCustomerBookMapper.selectTCustomerBookList-Inline\r\n### The error occurred while setting parameters\r\n### SQL: select             t1.book_id,             t1.customer_id,             t1.user_id,             t1.customer_name,             t1.create_time,             t1.is_recovery,             t1.end_time,             t1.user_name,             t1.customer_phone,             t1.certificate_type,             t1.certificate_speciality,             t1.remark,             t1.addr,             t1.user_name,             t1.sources,             t1.notes,             t1.dept_id         from t_customer_book t1                WHERE  t1.user_id = ?                                                                               AND (d.dept_id IN ( SELECT dept_id FROM sys_dept WHERE dept_id = 204 or find_in_set( 204 , ancestors ) ))          order by t1.create_time desc\r\n### Cause: java.sql.SQLSyntaxErrorException: Unknown column \'d.dept_id\' in \'IN/ALL/ANY subquery\'\n; bad SQL grammar []; nested exception is java.sql.SQLSyntaxErrorException: Unknown column \'d.dept_id\' in \'IN/ALL/ANY subquery\'', '2023-06-15 15:05:20', 44);
INSERT INTO `sys_oper_log` VALUES (495, '客户资源', 2, 'com.resourcepool.project.business.controller.TCustomerController.getBookIds()', 'POST', 1, 'admin', NULL, '/business/customer/getBookIds/9,10,11,12,13,14,15,16,17,18', '127.0.0.1', '内网IP', '[9,10,11,12,13,14,15,16,17,18]', '{\"msg\":\"您已没有领取次数！\",\"code\":500}', 0, NULL, '2023-06-15 15:08:31', 23);
INSERT INTO `sys_oper_log` VALUES (496, '客户资源', 2, 'com.resourcepool.project.business.controller.TCustomerController.getBookIds()', 'POST', 1, 'test', NULL, '/business/customer/getBookIds/9,10,11,12,13,14,15,16,17,18', '127.0.0.1', '内网IP', '[9,10,11,12,13,14,15,16,17,18]', '{\"msg\":\"您已没有领取次数！\",\"code\":500}', 0, NULL, '2023-06-15 15:08:36', 167);
INSERT INTO `sys_oper_log` VALUES (497, '客户通讯录', 2, 'com.resourcepool.project.business.controller.TCustomerBookController.edit()', 'PUT', 1, 'test', NULL, '/business/book', '127.0.0.1', '内网IP', '{\"bookId\":9,\"endTime\":\"2023-06-15\",\"params\":{},\"pass\":\"****\"}', '{\"msg\":\"操作成功\",\"code\":200}', 0, NULL, '2023-06-15 15:10:24', 13);
INSERT INTO `sys_oper_log` VALUES (498, '客户资源', 2, 'com.resourcepool.project.business.controller.TCustomerController.getBookIds()', 'POST', 1, 'test2', NULL, '/business/customer/getBookIds/14,15,16', '127.0.0.1', '内网IP', '[14,15,16]', '{\"msg\":\"操作成功\",\"code\":200}', 0, NULL, '2023-06-15 15:10:42', 81);
INSERT INTO `sys_oper_log` VALUES (499, '角色管理', 1, 'com.resourcepool.project.system.controller.SysRoleController.add()', 'POST', 1, 'admin', NULL, '/system/role', '127.0.0.1', '内网IP', '{\"admin\":false,\"createBy\":\"admin\",\"deptCheckStrictly\":true,\"deptIds\":[],\"flag\":false,\"menuCheckStrictly\":true,\"menuIds\":[2006,2007,2013,2025,2019,2026,2008,2009,2010,2012,2014,2015,2016,2018,2020,2021,2022,2024,2027,2028,2029,2031],\"params\":{},\"roleId\":4,\"roleKey\":\"ptyg\",\"roleName\":\"普通员工\",\"roleSort\":0,\"status\":\"0\"}', '{\"msg\":\"操作成功\",\"code\":200}', 0, NULL, '2023-06-15 15:12:06', 50);
INSERT INTO `sys_oper_log` VALUES (500, '角色管理', 2, 'com.resourcepool.project.system.controller.SysRoleController.dataScope()', 'PUT', 1, 'admin', NULL, '/system/role/dataScope', '127.0.0.1', '内网IP', '{\"admin\":false,\"createTime\":\"2023-06-15 15:12:06\",\"dataScope\":\"5\",\"delFlag\":\"0\",\"deptCheckStrictly\":true,\"deptIds\":[],\"flag\":false,\"menuCheckStrictly\":true,\"params\":{},\"roleId\":4,\"roleKey\":\"ptyg\",\"roleName\":\"普通员工\",\"roleSort\":0,\"status\":\"0\"}', '{\"msg\":\"操作成功\",\"code\":200}', 0, NULL, '2023-06-15 15:12:14', 24);
INSERT INTO `sys_oper_log` VALUES (501, '角色管理', 1, 'com.resourcepool.project.system.controller.SysRoleController.add()', 'POST', 1, 'admin', NULL, '/system/role', '127.0.0.1', '内网IP', '{\"admin\":false,\"createBy\":\"admin\",\"deptCheckStrictly\":true,\"deptIds\":[],\"flag\":false,\"menuCheckStrictly\":true,\"menuIds\":[2006,2007,2013,2025,2019,2026,2008,2009,2010,2012,2014,2015,2016,2018,2020,2021,2022,2024,2027,2028,2029,2031],\"params\":{},\"roleId\":5,\"roleKey\":\"xzz\",\"roleName\":\"小组长\",\"roleSort\":0,\"status\":\"0\"}', '{\"msg\":\"操作成功\",\"code\":200}', 0, NULL, '2023-06-15 15:12:37', 34);
INSERT INTO `sys_oper_log` VALUES (502, '角色管理', 2, 'com.resourcepool.project.system.controller.SysRoleController.dataScope()', 'PUT', 1, 'admin', NULL, '/system/role/dataScope', '127.0.0.1', '内网IP', '{\"admin\":false,\"createTime\":\"2023-06-15 15:12:37\",\"dataScope\":\"4\",\"delFlag\":\"0\",\"deptCheckStrictly\":true,\"deptIds\":[],\"flag\":false,\"menuCheckStrictly\":true,\"params\":{},\"roleId\":5,\"roleKey\":\"xzz\",\"roleName\":\"小组长\",\"roleSort\":0,\"status\":\"0\"}', '{\"msg\":\"操作成功\",\"code\":200}', 0, NULL, '2023-06-15 15:12:42', 21);
INSERT INTO `sys_oper_log` VALUES (503, '角色管理', 1, 'com.resourcepool.project.system.controller.SysRoleController.add()', 'POST', 1, 'admin', NULL, '/system/role', '127.0.0.1', '内网IP', '{\"admin\":false,\"createBy\":\"admin\",\"deptCheckStrictly\":true,\"deptIds\":[],\"flag\":false,\"menuCheckStrictly\":true,\"menuIds\":[2006,2007,2013,2025,2019,2026,2008,2009,2010,2012,2014,2015,2016,2018,2020,2021,2022,2024,2027,2028,2029,2031],\"params\":{},\"roleId\":6,\"roleKey\":\"bmjl\",\"roleName\":\"部门经理\",\"roleSort\":0,\"status\":\"0\"}', '{\"msg\":\"操作成功\",\"code\":200}', 0, NULL, '2023-06-15 15:13:05', 35);
INSERT INTO `sys_oper_log` VALUES (504, '角色管理', 2, 'com.resourcepool.project.system.controller.SysRoleController.dataScope()', 'PUT', 1, 'admin', NULL, '/system/role/dataScope', '127.0.0.1', '内网IP', '{\"admin\":false,\"createTime\":\"2023-06-15 15:13:05\",\"dataScope\":\"4\",\"delFlag\":\"0\",\"deptCheckStrictly\":true,\"deptIds\":[],\"flag\":false,\"menuCheckStrictly\":true,\"params\":{},\"roleId\":6,\"roleKey\":\"bmjl\",\"roleName\":\"部门经理\",\"roleSort\":0,\"status\":\"0\"}', '{\"msg\":\"操作成功\",\"code\":200}', 0, NULL, '2023-06-15 15:13:21', 10);
INSERT INTO `sys_oper_log` VALUES (505, '用户管理', 2, 'com.resourcepool.project.system.controller.SysUserController.edit()', 'PUT', 1, 'admin', NULL, '/system/user', '127.0.0.1', '内网IP', '{\"admin\":false,\"avatar\":\"\",\"createBy\":\"admin\",\"createTime\":\"2023-06-15 15:02:22\",\"delFlag\":\"0\",\"dept\":{\"ancestors\":\"0,100,200,203\",\"children\":[],\"deptId\":204,\"deptName\":\"销售部一组组员\",\"orderNum\":0,\"params\":{},\"parentId\":203,\"status\":\"0\"},\"deptId\":204,\"email\":\"\",\"loginDate\":\"2023-06-15 15:05:16\",\"loginIp\":\"127.0.0.1\",\"nickName\":\"test\",\"params\":{},\"phonenumber\":\"\",\"postIds\":[],\"roleIds\":[4],\"roles\":[{\"admin\":false,\"dataScope\":\"4\",\"deptCheckStrictly\":false,\"flag\":false,\"menuCheckStrictly\":false,\"params\":{},\"roleId\":2,\"roleKey\":\"ptjs\",\"roleName\":\"普通角色\",\"roleSort\":1,\"status\":\"0\"}],\"sex\":\"0\",\"status\":\"0\",\"updateBy\":\"admin\",\"useNum\":5,\"useNumTrn\":5,\"userId\":9,\"userName\":\"test\"}', '{\"msg\":\"操作成功\",\"code\":200}', 0, NULL, '2023-06-15 15:13:29', 33);
INSERT INTO `sys_oper_log` VALUES (506, '用户管理', 2, 'com.resourcepool.project.system.controller.SysUserController.edit()', 'PUT', 1, 'admin', NULL, '/system/user', '127.0.0.1', '内网IP', '{\"admin\":false,\"avatar\":\"\",\"createBy\":\"admin\",\"createTime\":\"2023-06-15 15:02:39\",\"delFlag\":\"0\",\"dept\":{\"ancestors\":\"0,100,200,203\",\"children\":[],\"deptId\":204,\"deptName\":\"销售部一组组员\",\"orderNum\":0,\"params\":{},\"parentId\":203,\"status\":\"0\"},\"deptId\":204,\"email\":\"\",\"loginIp\":\"\",\"nickName\":\"test1\",\"params\":{},\"phonenumber\":\"\",\"postIds\":[],\"roleIds\":[4],\"roles\":[{\"admin\":false,\"dataScope\":\"4\",\"deptCheckStrictly\":false,\"flag\":false,\"menuCheckStrictly\":false,\"params\":{},\"roleId\":2,\"roleKey\":\"ptjs\",\"roleName\":\"普通角色\",\"roleSort\":1,\"status\":\"0\"}],\"sex\":\"0\",\"status\":\"0\",\"updateBy\":\"admin\",\"useNum\":5,\"useNumTrn\":5,\"userId\":10,\"userName\":\"test1\"}', '{\"msg\":\"操作成功\",\"code\":200}', 0, NULL, '2023-06-15 15:13:38', 16);
INSERT INTO `sys_oper_log` VALUES (507, '用户管理', 2, 'com.resourcepool.project.system.controller.SysUserController.edit()', 'PUT', 1, 'admin', NULL, '/system/user', '127.0.0.1', '内网IP', '{\"admin\":false,\"avatar\":\"\",\"createBy\":\"admin\",\"createTime\":\"2023-06-15 15:02:59\",\"delFlag\":\"0\",\"dept\":{\"ancestors\":\"0,100,200\",\"children\":[],\"deptId\":203,\"deptName\":\"销售部一组\",\"orderNum\":1,\"params\":{},\"parentId\":200,\"status\":\"0\"},\"deptId\":203,\"email\":\"\",\"loginDate\":\"2023-06-15 15:10:37\",\"loginIp\":\"127.0.0.1\",\"nickName\":\"test2\",\"params\":{},\"phonenumber\":\"\",\"postIds\":[],\"roleIds\":[5],\"roles\":[{\"admin\":false,\"dataScope\":\"4\",\"deptCheckStrictly\":false,\"flag\":false,\"menuCheckStrictly\":false,\"params\":{},\"roleId\":2,\"roleKey\":\"ptjs\",\"roleName\":\"普通角色\",\"roleSort\":1,\"status\":\"0\"}],\"sex\":\"0\",\"status\":\"0\",\"updateBy\":\"admin\",\"useNum\":5,\"useNumTrn\":5,\"userId\":11,\"userName\":\"test2\"}', '{\"msg\":\"操作成功\",\"code\":200}', 0, NULL, '2023-06-15 15:13:42', 31);
INSERT INTO `sys_oper_log` VALUES (508, '用户管理', 2, 'com.resourcepool.project.system.controller.SysUserController.edit()', 'PUT', 1, 'admin', NULL, '/system/user', '127.0.0.1', '内网IP', '{\"admin\":false,\"avatar\":\"\",\"createBy\":\"admin\",\"createTime\":\"2023-06-15 15:04:00\",\"delFlag\":\"0\",\"dept\":{\"ancestors\":\"0,100,200\",\"children\":[],\"deptId\":205,\"deptName\":\"销售二组\",\"orderNum\":0,\"params\":{},\"parentId\":200,\"status\":\"0\"},\"deptId\":205,\"email\":\"\",\"loginDate\":\"2023-06-15 15:10:57\",\"loginIp\":\"127.0.0.1\",\"nickName\":\"test3\",\"params\":{},\"phonenumber\":\"\",\"postIds\":[],\"roleIds\":[5],\"roles\":[{\"admin\":false,\"dataScope\":\"4\",\"deptCheckStrictly\":false,\"flag\":false,\"menuCheckStrictly\":false,\"params\":{},\"roleId\":2,\"roleKey\":\"ptjs\",\"roleName\":\"普通角色\",\"roleSort\":1,\"status\":\"0\"}],\"sex\":\"0\",\"status\":\"0\",\"updateBy\":\"admin\",\"useNum\":5,\"useNumTrn\":5,\"userId\":12,\"userName\":\"test3\"}', '{\"msg\":\"操作成功\",\"code\":200}', 0, NULL, '2023-06-15 15:13:46', 16);
INSERT INTO `sys_oper_log` VALUES (509, '用户管理', 2, 'com.resourcepool.project.system.controller.SysUserController.edit()', 'PUT', 1, 'admin', NULL, '/system/user', '127.0.0.1', '内网IP', '{\"admin\":false,\"avatar\":\"\",\"createBy\":\"admin\",\"createTime\":\"2023-06-15 15:04:15\",\"delFlag\":\"0\",\"dept\":{\"ancestors\":\"0,100\",\"children\":[],\"deptId\":200,\"deptName\":\"销售部\",\"orderNum\":1,\"params\":{},\"parentId\":100,\"status\":\"0\"},\"deptId\":200,\"email\":\"\",\"loginIp\":\"\",\"nickName\":\"demo\",\"params\":{},\"phonenumber\":\"\",\"postIds\":[],\"roleIds\":[6],\"roles\":[],\"sex\":\"0\",\"status\":\"0\",\"updateBy\":\"admin\",\"useNum\":0,\"useNumTrn\":0,\"userId\":13,\"userName\":\"demo\"}', '{\"msg\":\"操作成功\",\"code\":200}', 0, NULL, '2023-06-15 15:13:50', 16);
INSERT INTO `sys_oper_log` VALUES (510, '客户资源', 2, 'com.resourcepool.project.business.controller.TCustomerController.getBookIds()', 'POST', 1, 'test1', NULL, '/business/customer/getBookIds/9,10,11,12,13,14,15,16,17,18', '127.0.0.1', '内网IP', '[9,10,11,12,13,14,15,16,17,18]', '{\"msg\":\"操作成功\",\"code\":200}', 0, NULL, '2023-06-15 15:14:40', 207);
INSERT INTO `sys_oper_log` VALUES (511, '客户资源', 2, 'com.resourcepool.project.business.controller.TCustomerController.getBookIds()', 'POST', 1, 'test1', NULL, '/business/customer/getBookIds/9,10,11,12,13,14,15,16,17,18', '127.0.0.1', '内网IP', '[9,10,11,12,13,14,15,16,17,18]', '{\"msg\":\"您已没有领取次数！\",\"code\":500}', 0, NULL, '2023-06-15 15:17:34', 151);
INSERT INTO `sys_oper_log` VALUES (512, '客户资源', 2, 'com.resourcepool.project.business.controller.TCustomerController.getBookIds()', 'POST', 1, 'test', NULL, '/business/customer/getBookIds/14,15,16', '127.0.0.1', '内网IP', '[14,15,16]', '{\"msg\":\"操作成功\",\"code\":200}', 0, NULL, '2023-06-15 15:20:31', 93);
INSERT INTO `sys_oper_log` VALUES (513, '客户资源', 2, 'com.resourcepool.project.business.controller.TCustomerController.getBookIds()', 'POST', 1, 'test2', NULL, '/business/customer/getBookIds/17,18,19', '127.0.0.1', '内网IP', '[17,18,19]', '{\"msg\":\"操作成功\",\"code\":200}', 0, NULL, '2023-06-15 15:20:51', 84);
INSERT INTO `sys_oper_log` VALUES (514, '客户资源', 2, 'com.resourcepool.project.business.controller.TCustomerController.getBookIds()', 'POST', 1, 'test3', NULL, '/business/customer/getBookIds/20', '127.0.0.1', '内网IP', '[20]', '{\"msg\":\"操作成功\",\"code\":200}', 0, NULL, '2023-06-15 15:21:10', 24);
INSERT INTO `sys_oper_log` VALUES (515, '企业资源', 6, 'com.resourcepool.project.business.controller.TTranslateController.importData()', 'POST', 1, 'admin', NULL, '/business/translate/importData', '127.0.0.1', '内网IP', '{\"updateSupport\":\"0\"}', '{\"msg\":\"恭喜您，数据已全部导入成功！共 33 条，数据如下：<br/>1、企业 阿里1 导入成功<br/>2、企业 阿里2 导入成功<br/>3、企业 阿里3 导入成功<br/>4、企业 阿里4 导入成功<br/>5、企业 阿里5 导入成功<br/>6、企业 阿里6 导入成功<br/>7、企业 阿里7 导入成功<br/>8、企业 阿里8 导入成功<br/>9、企业 阿里9 导入成功<br/>10、企业 阿里10 导入成功<br/>11、企业 阿里11 导入成功<br/>12、企业 阿里12 导入成功<br/>13、企业 阿里13 导入成功<br/>14、企业 阿里14 导入成功<br/>15、企业 阿里15 导入成功<br/>16、企业 阿里16 导入成功<br/>17、企业 阿里17 导入成功<br/>18、企业 阿里18 导入成功<br/>19、企业 阿里19 导入成功<br/>20、企业 阿里20 导入成功<br/>21、企业 阿里21 导入成功<br/>22、企业 阿里22 导入成功<br/>23、企业 阿里23 导入成功<br/>24、企业 阿里24 导入成功<br/>25、企业 阿里25 导入成功<br/>26、企业 阿里26 导入成功<br/>27、企业 阿里27 导入成功<br/>28、企业 阿里28 导入成功<br/>29、企业 阿里29 导入成功<br/>30、企业 阿里30 导入成功<br/>31、企业 阿里31 导入成功<br/>32、企业 阿里32 导入成功<br/>33、企业 阿里33 导入成功\",\"code\":200}', 0, NULL, '2023-06-15 15:25:24', 577);
INSERT INTO `sys_oper_log` VALUES (516, '企业资源', 2, 'com.resourcepool.project.business.controller.TTranslateController.getBook()', 'POST', 1, 'test', NULL, '/business/translate/getBook', '127.0.0.1', '内网IP', '{\"addr\":\"1\",\"contacts\":\"任遵强1\",\"createBy\":\"admin\",\"createTime\":\"2023-06-15 15:25:24\",\"customerDemand\":\"2\",\"isDel\":0,\"isUse\":0,\"notes\":\"4\",\"params\":{},\"pass\":\"****\",\"phone\":\"18209872612\",\"sources\":\"3\",\"translateId\":465,\"translateName\":\"阿里1\"}', NULL, 1, '\r\n### Error updating database.  Cause: java.sql.SQLSyntaxErrorException: Unknown column \'dept_id\' in \'field list\'\r\n### The error may exist in file [D:\\project\\huxiangwei\\ResourcePool\\ResourcePool-service\\target\\classes\\mybatis\\business\\TTranslateBookMapper.xml]\r\n### The error may involve com.resourcepool.project.business.mapper.TTranslateBookMapper.insertTTranslateBook-Inline\r\n### The error occurred while setting parameters\r\n### SQL: insert into t_translate_book          ( translate_id,             translate_name,             contacts,             phone,             addr,             customer_demand,             sources,             user_id,             user_name,                          create_time,             notes,             dept_id )           values ( ?,             ?,             ?,             ?,             ?,             ?,             ?,             ?,             ?,                          ?,             ?,             ? )\r\n### Cause: java.sql.SQLSyntaxErrorException: Unknown column \'dept_id\' in \'field list\'\n; bad SQL grammar []; nested exception is java.sql.SQLSyntaxErrorException: Unknown column \'dept_id\' in \'field list\'', '2023-06-15 15:25:44', 50);
INSERT INTO `sys_oper_log` VALUES (517, '企业资源', 2, 'com.resourcepool.project.business.controller.TTranslateController.getBook()', 'POST', 1, 'test', NULL, '/business/translate/getBook', '127.0.0.1', '内网IP', '{\"addr\":\"1\",\"contacts\":\"任遵强1\",\"createBy\":\"admin\",\"createTime\":\"2023-06-15 15:25:24\",\"customerDemand\":\"2\",\"isDel\":0,\"isUse\":0,\"notes\":\"4\",\"params\":{},\"pass\":\"****\",\"phone\":\"18209872612\",\"sources\":\"3\",\"translateId\":465,\"translateName\":\"阿里1\"}', NULL, 1, '\r\n### Error querying database.  Cause: java.sql.SQLSyntaxErrorException: Unknown column \'t1.dept_id\' in \'field list\'\r\n### The error may exist in file [D:\\project\\huxiangwei\\ResourcePool\\ResourcePool-service\\target\\classes\\mybatis\\business\\TTranslateBookMapper.xml]\r\n### The error may involve com.resourcepool.project.business.mapper.TTranslateBookMapper.selectTTranslateBookList-Inline\r\n### The error occurred while setting parameters\r\n### SQL: select             t1.translate_book_id,             t1.translate_id,             t1.translate_name,             t1.contacts,             t1.phone,             t1.addr,             t1.customer_demand,             t1.sources,             t1.user_id,             t1.user_name,             t1.is_recovery,             t1.create_time,             t1.notes,             t1.dept_id         from t_translate_book t1                WHERE  t1.user_id = ?          order by t1.create_time desc\r\n### Cause: java.sql.SQLSyntaxErrorException: Unknown column \'t1.dept_id\' in \'field list\'\n; bad SQL grammar []; nested exception is java.sql.SQLSyntaxErrorException: Unknown column \'t1.dept_id\' in \'field list\'', '2023-06-15 15:26:33', 51);
INSERT INTO `sys_oper_log` VALUES (518, '企业资源', 2, 'com.resourcepool.project.business.controller.TTranslateController.getBook()', 'POST', 1, 'test', NULL, '/business/translate/getBook', '127.0.0.1', '内网IP', '{\"addr\":\"1\",\"contacts\":\"任遵强1\",\"createBy\":\"admin\",\"createTime\":\"2023-06-15 15:25:24\",\"customerDemand\":\"2\",\"isDel\":0,\"isUse\":0,\"notes\":\"4\",\"params\":{},\"pass\":\"****\",\"phone\":\"18209872612\",\"sources\":\"3\",\"translateId\":465,\"translateName\":\"阿里1\"}', NULL, 1, '\r\n### Error querying database.  Cause: java.sql.SQLSyntaxErrorException: Unknown column \'t1.dept_id\' in \'field list\'\r\n### The error may exist in file [D:\\project\\huxiangwei\\ResourcePool\\ResourcePool-service\\target\\classes\\mybatis\\business\\TTranslateBookMapper.xml]\r\n### The error may involve com.resourcepool.project.business.mapper.TTranslateBookMapper.selectTTranslateBookList-Inline\r\n### The error occurred while setting parameters\r\n### SQL: select             t1.translate_book_id,             t1.translate_id,             t1.translate_name,             t1.contacts,             t1.phone,             t1.addr,             t1.customer_demand,             t1.sources,             t1.user_id,             t1.user_name,             t1.is_recovery,             t1.create_time,             t1.notes,             t1.dept_id         from t_translate_book t1                WHERE  t1.user_id = ?          order by t1.create_time desc\r\n### Cause: java.sql.SQLSyntaxErrorException: Unknown column \'t1.dept_id\' in \'field list\'\n; bad SQL grammar []; nested exception is java.sql.SQLSyntaxErrorException: Unknown column \'t1.dept_id\' in \'field list\'', '2023-06-15 15:33:02', 17);
INSERT INTO `sys_oper_log` VALUES (519, '企业资源', 2, 'com.resourcepool.project.business.controller.TTranslateController.getBook()', 'POST', 1, 'test', NULL, '/business/translate/getBook', '127.0.0.1', '内网IP', '{\"addr\":\"1\",\"contacts\":\"任遵强1\",\"createBy\":\"admin\",\"createTime\":\"2023-06-15 15:25:24\",\"customerDemand\":\"2\",\"isDel\":0,\"isUse\":0,\"notes\":\"4\",\"params\":{},\"pass\":\"****\",\"phone\":\"18209872612\",\"sources\":\"3\",\"translateId\":465,\"translateName\":\"阿里1\"}', '{\"msg\":\"操作成功\",\"code\":200}', 0, NULL, '2023-06-15 15:33:43', 66);
INSERT INTO `sys_oper_log` VALUES (520, '企业资源', 2, 'com.resourcepool.project.business.controller.TTranslateController.getBook()', 'POST', 1, 'test', NULL, '/business/translate/getBook', '127.0.0.1', '内网IP', '{\"addr\":\"2\",\"contacts\":\"任遵强2\",\"createBy\":\"admin\",\"createTime\":\"2023-06-15 15:25:24\",\"customerDemand\":\"3\",\"isDel\":0,\"isUse\":0,\"notes\":\"5\",\"params\":{},\"pass\":\"****\",\"phone\":\"18209872613\",\"sources\":\"4\",\"translateId\":466,\"translateName\":\"阿里2\"}', '{\"msg\":\"操作成功\",\"code\":200}', 0, NULL, '2023-06-15 15:33:44', 25);
INSERT INTO `sys_oper_log` VALUES (521, '企业资源', 2, 'com.resourcepool.project.business.controller.TTranslateController.getBook()', 'POST', 1, 'test', NULL, '/business/translate/getBook', '127.0.0.1', '内网IP', '{\"addr\":\"3\",\"contacts\":\"任遵强3\",\"createBy\":\"admin\",\"createTime\":\"2023-06-15 15:25:24\",\"customerDemand\":\"4\",\"isDel\":0,\"isUse\":0,\"notes\":\"6\",\"params\":{},\"pass\":\"****\",\"phone\":\"18209872614\",\"sources\":\"5\",\"translateId\":467,\"translateName\":\"阿里3\"}', '{\"msg\":\"操作成功\",\"code\":200}', 0, NULL, '2023-06-15 15:33:44', 37);
INSERT INTO `sys_oper_log` VALUES (522, '企业资源', 2, 'com.resourcepool.project.business.controller.TTranslateController.getBook()', 'POST', 1, 'test', NULL, '/business/translate/getBook', '127.0.0.1', '内网IP', '{\"addr\":\"4\",\"contacts\":\"任遵强4\",\"createBy\":\"admin\",\"createTime\":\"2023-06-15 15:25:24\",\"customerDemand\":\"5\",\"isDel\":0,\"isUse\":0,\"notes\":\"7\",\"params\":{},\"pass\":\"****\",\"phone\":\"18209872615\",\"sources\":\"6\",\"translateId\":468,\"translateName\":\"阿里4\"}', '{\"msg\":\"操作成功\",\"code\":200}', 0, NULL, '2023-06-15 15:33:44', 24);
INSERT INTO `sys_oper_log` VALUES (523, '企业资源', 2, 'com.resourcepool.project.business.controller.TTranslateController.getBook()', 'POST', 1, 'test', NULL, '/business/translate/getBook', '127.0.0.1', '内网IP', '{\"addr\":\"5\",\"contacts\":\"任遵强5\",\"createBy\":\"admin\",\"createTime\":\"2023-06-15 15:25:24\",\"customerDemand\":\"6\",\"isDel\":0,\"isUse\":0,\"notes\":\"8\",\"params\":{},\"pass\":\"****\",\"phone\":\"18209872616\",\"sources\":\"7\",\"translateId\":469,\"translateName\":\"阿里5\"}', '{\"msg\":\"操作成功\",\"code\":200}', 0, NULL, '2023-06-15 15:33:45', 37);
INSERT INTO `sys_oper_log` VALUES (524, '企业资源', 2, 'com.resourcepool.project.business.controller.TTranslateController.getBook()', 'POST', 1, 'test', NULL, '/business/translate/getBook', '127.0.0.1', '内网IP', '{\"addr\":\"6\",\"contacts\":\"任遵强6\",\"createBy\":\"admin\",\"createTime\":\"2023-06-15 15:25:24\",\"customerDemand\":\"7\",\"isDel\":0,\"isUse\":0,\"notes\":\"9\",\"params\":{},\"pass\":\"****\",\"phone\":\"18209872617\",\"sources\":\"8\",\"translateId\":470,\"translateName\":\"阿里6\"}', '{\"msg\":\"您已没有领取次数！\",\"code\":500}', 0, NULL, '2023-06-15 15:33:45', 5);
INSERT INTO `sys_oper_log` VALUES (525, '企业资源', 2, 'com.resourcepool.project.business.controller.TTranslateController.getBook()', 'POST', 1, 'test1', NULL, '/business/translate/getBook', '127.0.0.1', '内网IP', '{\"addr\":\"6\",\"contacts\":\"任遵强6\",\"createBy\":\"admin\",\"createTime\":\"2023-06-15 15:25:24\",\"customerDemand\":\"7\",\"isDel\":0,\"isUse\":0,\"notes\":\"9\",\"params\":{},\"pass\":\"****\",\"phone\":\"18209872617\",\"sources\":\"8\",\"translateId\":470,\"translateName\":\"阿里6\"}', '{\"msg\":\"操作成功\",\"code\":200}', 0, NULL, '2023-06-15 15:34:00', 34);
INSERT INTO `sys_oper_log` VALUES (526, '企业资源', 2, 'com.resourcepool.project.business.controller.TTranslateController.getBook()', 'POST', 1, 'test1', NULL, '/business/translate/getBook', '127.0.0.1', '内网IP', '{\"addr\":\"7\",\"contacts\":\"任遵强7\",\"createBy\":\"admin\",\"createTime\":\"2023-06-15 15:25:24\",\"customerDemand\":\"8\",\"isDel\":0,\"isUse\":0,\"notes\":\"10\",\"params\":{},\"pass\":\"****\",\"phone\":\"18209872618\",\"sources\":\"9\",\"translateId\":471,\"translateName\":\"阿里7\"}', '{\"msg\":\"操作成功\",\"code\":200}', 0, NULL, '2023-06-15 15:34:01', 32);
INSERT INTO `sys_oper_log` VALUES (527, '企业资源', 2, 'com.resourcepool.project.business.controller.TTranslateController.getBook()', 'POST', 1, 'test2', NULL, '/business/translate/getBook', '127.0.0.1', '内网IP', '{\"addr\":\"8\",\"contacts\":\"任遵强8\",\"createBy\":\"admin\",\"createTime\":\"2023-06-15 15:25:24\",\"customerDemand\":\"9\",\"isDel\":0,\"isUse\":0,\"notes\":\"11\",\"params\":{},\"pass\":\"****\",\"phone\":\"18209872619\",\"sources\":\"10\",\"translateId\":472,\"translateName\":\"阿里8\"}', '{\"msg\":\"操作成功\",\"code\":200}', 0, NULL, '2023-06-15 15:34:14', 17);
INSERT INTO `sys_oper_log` VALUES (528, '企业资源', 2, 'com.resourcepool.project.business.controller.TTranslateController.getBook()', 'POST', 1, 'test2', NULL, '/business/translate/getBook', '127.0.0.1', '内网IP', '{\"addr\":\"9\",\"contacts\":\"任遵强9\",\"createBy\":\"admin\",\"createTime\":\"2023-06-15 15:25:24\",\"customerDemand\":\"10\",\"isDel\":0,\"isUse\":0,\"notes\":\"12\",\"params\":{},\"pass\":\"****\",\"phone\":\"18209872620\",\"sources\":\"11\",\"translateId\":473,\"translateName\":\"阿里9\"}', '{\"msg\":\"操作成功\",\"code\":200}', 0, NULL, '2023-06-15 15:34:14', 33);
INSERT INTO `sys_oper_log` VALUES (529, '企业资源', 2, 'com.resourcepool.project.business.controller.TTranslateController.getBook()', 'POST', 1, 'test3', NULL, '/business/translate/getBook', '127.0.0.1', '内网IP', '{\"addr\":\"10\",\"contacts\":\"任遵强10\",\"createBy\":\"admin\",\"createTime\":\"2023-06-15 15:25:24\",\"customerDemand\":\"11\",\"isDel\":0,\"isUse\":0,\"notes\":\"13\",\"params\":{},\"pass\":\"****\",\"phone\":\"18209872621\",\"sources\":\"12\",\"translateId\":474,\"translateName\":\"阿里10\"}', '{\"msg\":\"操作成功\",\"code\":200}', 0, NULL, '2023-06-15 15:34:28', 34);
INSERT INTO `sys_oper_log` VALUES (530, '企业资源', 2, 'com.resourcepool.project.business.controller.TTranslateController.getBook()', 'POST', 1, 'test3', NULL, '/business/translate/getBook', '127.0.0.1', '内网IP', '{\"addr\":\"11\",\"contacts\":\"任遵强11\",\"createBy\":\"admin\",\"createTime\":\"2023-06-15 15:25:24\",\"customerDemand\":\"12\",\"isDel\":0,\"isUse\":0,\"notes\":\"14\",\"params\":{},\"pass\":\"****\",\"phone\":\"18209872622\",\"sources\":\"13\",\"translateId\":475,\"translateName\":\"阿里11\"}', '{\"msg\":\"操作成功\",\"code\":200}', 0, NULL, '2023-06-15 15:34:29', 23);
INSERT INTO `sys_oper_log` VALUES (531, '企业资源', 2, 'com.resourcepool.project.business.controller.TTranslateController.getBook()', 'POST', 1, 'demo', NULL, '/business/translate/getBook', '127.0.0.1', '内网IP', '{\"addr\":\"12\",\"contacts\":\"任遵强12\",\"createBy\":\"admin\",\"createTime\":\"2023-06-15 15:25:24\",\"customerDemand\":\"13\",\"isDel\":0,\"isUse\":0,\"notes\":\"15\",\"params\":{},\"pass\":\"****\",\"phone\":\"18209872623\",\"sources\":\"14\",\"translateId\":476,\"translateName\":\"阿里12\"}', '{\"msg\":\"您已没有领取次数！\",\"code\":500}', 0, NULL, '2023-06-15 15:35:03', 2);
INSERT INTO `sys_oper_log` VALUES (532, '客户沟通记录', 1, 'com.resourcepool.project.business.controller.TCustomerConnectController.add()', 'POST', 1, 'admin', NULL, '/business/customerConnect', '127.0.0.1', '内网IP', '{\"content\":\"123123\",\"createTime\":\"2023-06-20 15:02:09\",\"customerConnectId\":1,\"customerId\":20,\"customerName\":\"任遵强12\",\"params\":{},\"userId\":1,\"userName\":\"超级管理员\"}', '{\"msg\":\"操作成功\",\"code\":200}', 0, NULL, '2023-06-20 15:02:09', 18);
INSERT INTO `sys_oper_log` VALUES (533, '企业沟通记录', 1, 'com.resourcepool.project.business.controller.TTranslateConnectController.add()', 'POST', 1, 'admin', NULL, '/business/translateConnect', '127.0.0.1', '内网IP', '{\"content\":\"12331\",\"createTime\":\"2023-06-20 15:07:06\",\"params\":{},\"translateConnectId\":1,\"translateId\":474,\"translateName\":\"阿里10\",\"userId\":1,\"userName\":\"超级管理员\"}', '{\"msg\":\"操作成功\",\"code\":200}', 0, NULL, '2023-06-20 15:07:06', 12);
INSERT INTO `sys_oper_log` VALUES (534, '客户沟通记录', 1, 'com.resourcepool.project.business.controller.TCustomerConnectController.add()', 'POST', 1, 'admin', NULL, '/business/customerConnect', '127.0.0.1', '内网IP', '{\"content\":\"123\",\"createTime\":\"2023-06-20 15:11:19\",\"customerConnectId\":2,\"customerId\":17,\"customerName\":\"任遵强9\",\"params\":{},\"userId\":1,\"userName\":\"超级管理员\"}', '{\"msg\":\"操作成功\",\"code\":200}', 0, NULL, '2023-06-20 15:11:19', 48);
INSERT INTO `sys_oper_log` VALUES (535, '企业沟通记录', 1, 'com.resourcepool.project.business.controller.TTranslateConnectController.add()', 'POST', 1, 'admin', NULL, '/business/translateConnect', '127.0.0.1', '内网IP', '{\"content\":\"123\",\"createTime\":\"2023-06-20 15:12:32\",\"params\":{},\"translateConnectId\":2,\"translateId\":475,\"translateName\":\"阿里11\",\"userId\":1,\"userName\":\"超级管理员\"}', '{\"msg\":\"操作成功\",\"code\":200}', 0, NULL, '2023-06-20 15:12:32', 22);
INSERT INTO `sys_oper_log` VALUES (536, '企业沟通记录', 1, 'com.resourcepool.project.business.controller.TTranslateConnectController.add()', 'POST', 1, 'admin', NULL, '/business/translateConnect', '127.0.0.1', '内网IP', '{\"content\":\"213\",\"createTime\":\"2023-06-20 15:12:49\",\"params\":{},\"translateConnectId\":3,\"translateId\":473,\"translateName\":\"阿里9\",\"userId\":1,\"userName\":\"超级管理员\"}', '{\"msg\":\"操作成功\",\"code\":200}', 0, NULL, '2023-06-20 15:12:49', 8);
INSERT INTO `sys_oper_log` VALUES (537, '客户沟通记录', 1, 'com.resourcepool.project.business.controller.TCustomerConnectController.add()', 'POST', 1, 'admin', NULL, '/business/customerConnect', '127.0.0.1', '内网IP', '{\"content\":\"21313\",\"createTime\":\"2023-06-20 15:13:23\",\"customerConnectId\":3,\"customerId\":18,\"customerName\":\"任遵强10\",\"params\":{},\"userId\":1,\"userName\":\"超级管理员\"}', '{\"msg\":\"操作成功\",\"code\":200}', 0, NULL, '2023-06-20 15:13:23', 23);

-- ----------------------------
-- Table structure for sys_post
-- ----------------------------
DROP TABLE IF EXISTS `sys_post`;
CREATE TABLE `sys_post`  (
  `post_id` bigint(20) NOT NULL AUTO_INCREMENT COMMENT '岗位ID',
  `post_code` varchar(64) CHARACTER SET utf8mb4 COLLATE utf8mb4_general_ci NOT NULL COMMENT '岗位编码',
  `post_name` varchar(50) CHARACTER SET utf8mb4 COLLATE utf8mb4_general_ci NOT NULL COMMENT '岗位名称',
  `post_sort` int(4) NOT NULL COMMENT '显示顺序',
  `status` char(1) CHARACTER SET utf8mb4 COLLATE utf8mb4_general_ci NOT NULL COMMENT '状态（0正常 1停用）',
  `create_by` varchar(64) CHARACTER SET utf8mb4 COLLATE utf8mb4_general_ci NULL DEFAULT '' COMMENT '创建者',
  `create_time` datetime NULL DEFAULT NULL COMMENT '创建时间',
  `update_by` varchar(64) CHARACTER SET utf8mb4 COLLATE utf8mb4_general_ci NULL DEFAULT '' COMMENT '更新者',
  `update_time` datetime NULL DEFAULT NULL COMMENT '更新时间',
  `remark` varchar(500) CHARACTER SET utf8mb4 COLLATE utf8mb4_general_ci NULL DEFAULT NULL COMMENT '备注',
  PRIMARY KEY (`post_id`) USING BTREE
) ENGINE = InnoDB AUTO_INCREMENT = 1 CHARACTER SET = utf8mb4 COLLATE = utf8mb4_general_ci COMMENT = '岗位信息表' ROW_FORMAT = DYNAMIC;

-- ----------------------------
-- Records of sys_post
-- ----------------------------

-- ----------------------------
-- Table structure for sys_role
-- ----------------------------
DROP TABLE IF EXISTS `sys_role`;
CREATE TABLE `sys_role`  (
  `role_id` bigint(20) NOT NULL AUTO_INCREMENT COMMENT '角色ID',
  `role_name` varchar(30) CHARACTER SET utf8mb4 COLLATE utf8mb4_general_ci NOT NULL COMMENT '角色名称',
  `role_key` varchar(100) CHARACTER SET utf8mb4 COLLATE utf8mb4_general_ci NOT NULL COMMENT '角色权限字符串',
  `role_sort` int(4) NOT NULL COMMENT '显示顺序',
  `data_scope` char(1) CHARACTER SET utf8mb4 COLLATE utf8mb4_general_ci NULL DEFAULT '1' COMMENT '数据范围（1：全部数据权限 2：自定数据权限 3：本部门数据权限 4：本部门及以下数据权限）',
  `menu_check_strictly` tinyint(1) NULL DEFAULT 1 COMMENT '菜单树选择项是否关联显示',
  `dept_check_strictly` tinyint(1) NULL DEFAULT 1 COMMENT '部门树选择项是否关联显示',
  `status` char(1) CHARACTER SET utf8mb4 COLLATE utf8mb4_general_ci NOT NULL COMMENT '角色状态（0正常 1停用）',
  `del_flag` char(1) CHARACTER SET utf8mb4 COLLATE utf8mb4_general_ci NULL DEFAULT '0' COMMENT '删除标志（0代表存在 2代表删除）',
  `create_by` varchar(64) CHARACTER SET utf8mb4 COLLATE utf8mb4_general_ci NULL DEFAULT '' COMMENT '创建者',
  `create_time` datetime NULL DEFAULT NULL COMMENT '创建时间',
  `update_by` varchar(64) CHARACTER SET utf8mb4 COLLATE utf8mb4_general_ci NULL DEFAULT '' COMMENT '更新者',
  `update_time` datetime NULL DEFAULT NULL COMMENT '更新时间',
  `remark` varchar(500) CHARACTER SET utf8mb4 COLLATE utf8mb4_general_ci NULL DEFAULT NULL COMMENT '备注',
  PRIMARY KEY (`role_id`) USING BTREE
) ENGINE = InnoDB AUTO_INCREMENT = 7 CHARACTER SET = utf8mb4 COLLATE = utf8mb4_general_ci COMMENT = '角色信息表' ROW_FORMAT = DYNAMIC;

-- ----------------------------
-- Records of sys_role
-- ----------------------------
INSERT INTO `sys_role` VALUES (1, '超级管理员', 'admin', 1, '1', 1, 1, '0', '0', 'admin', '2023-06-07 14:58:45', '', NULL, '超级管理员');
INSERT INTO `sys_role` VALUES (2, '普通角色', 'ptjs', 1, '4', 1, 1, '0', '0', 'admin', '2023-06-08 18:55:48', 'admin', '2023-06-15 09:10:16', NULL);
INSERT INTO `sys_role` VALUES (3, '董事长', 'dsz', 0, '1', 1, 1, '0', '0', 'admin', '2023-06-14 23:41:34', '', '2023-06-14 23:42:19', NULL);
INSERT INTO `sys_role` VALUES (4, '普通员工', 'ptyg', 0, '5', 1, 1, '0', '0', 'admin', '2023-06-15 15:12:06', '', '2023-06-15 15:12:14', NULL);
INSERT INTO `sys_role` VALUES (5, '小组长', 'xzz', 0, '4', 1, 1, '0', '0', 'admin', '2023-06-15 15:12:37', '', '2023-06-15 15:12:42', NULL);
INSERT INTO `sys_role` VALUES (6, '部门经理', 'bmjl', 0, '4', 1, 1, '0', '0', 'admin', '2023-06-15 15:13:05', '', '2023-06-15 15:13:21', NULL);

-- ----------------------------
-- Table structure for sys_role_dept
-- ----------------------------
DROP TABLE IF EXISTS `sys_role_dept`;
CREATE TABLE `sys_role_dept`  (
  `role_id` bigint(20) NOT NULL COMMENT '角色ID',
  `dept_id` bigint(20) NOT NULL COMMENT '部门ID',
  PRIMARY KEY (`role_id`, `dept_id`) USING BTREE
) ENGINE = InnoDB CHARACTER SET = utf8mb4 COLLATE = utf8mb4_general_ci COMMENT = '角色和部门关联表' ROW_FORMAT = DYNAMIC;

-- ----------------------------
-- Records of sys_role_dept
-- ----------------------------

-- ----------------------------
-- Table structure for sys_role_menu
-- ----------------------------
DROP TABLE IF EXISTS `sys_role_menu`;
CREATE TABLE `sys_role_menu`  (
  `role_id` bigint(20) NOT NULL COMMENT '角色ID',
  `menu_id` bigint(20) NOT NULL COMMENT '菜单ID',
  PRIMARY KEY (`role_id`, `menu_id`) USING BTREE
) ENGINE = InnoDB CHARACTER SET = utf8mb4 COLLATE = utf8mb4_general_ci COMMENT = '角色和菜单关联表' ROW_FORMAT = DYNAMIC;

-- ----------------------------
-- Records of sys_role_menu
-- ----------------------------
INSERT INTO `sys_role_menu` VALUES (2, 2006);
INSERT INTO `sys_role_menu` VALUES (2, 2007);
INSERT INTO `sys_role_menu` VALUES (2, 2008);
INSERT INTO `sys_role_menu` VALUES (2, 2009);
INSERT INTO `sys_role_menu` VALUES (2, 2010);
INSERT INTO `sys_role_menu` VALUES (2, 2012);
INSERT INTO `sys_role_menu` VALUES (2, 2013);
INSERT INTO `sys_role_menu` VALUES (2, 2014);
INSERT INTO `sys_role_menu` VALUES (2, 2015);
INSERT INTO `sys_role_menu` VALUES (2, 2016);
INSERT INTO `sys_role_menu` VALUES (2, 2018);
INSERT INTO `sys_role_menu` VALUES (2, 2019);
INSERT INTO `sys_role_menu` VALUES (2, 2020);
INSERT INTO `sys_role_menu` VALUES (2, 2021);
INSERT INTO `sys_role_menu` VALUES (2, 2022);
INSERT INTO `sys_role_menu` VALUES (2, 2024);
INSERT INTO `sys_role_menu` VALUES (2, 2025);
INSERT INTO `sys_role_menu` VALUES (2, 2026);
INSERT INTO `sys_role_menu` VALUES (2, 2027);
INSERT INTO `sys_role_menu` VALUES (2, 2028);
INSERT INTO `sys_role_menu` VALUES (2, 2029);
INSERT INTO `sys_role_menu` VALUES (2, 2031);
INSERT INTO `sys_role_menu` VALUES (3, 2006);
INSERT INTO `sys_role_menu` VALUES (3, 2007);
INSERT INTO `sys_role_menu` VALUES (3, 2008);
INSERT INTO `sys_role_menu` VALUES (3, 2009);
INSERT INTO `sys_role_menu` VALUES (3, 2010);
INSERT INTO `sys_role_menu` VALUES (3, 2011);
INSERT INTO `sys_role_menu` VALUES (3, 2012);
INSERT INTO `sys_role_menu` VALUES (3, 2013);
INSERT INTO `sys_role_menu` VALUES (3, 2014);
INSERT INTO `sys_role_menu` VALUES (3, 2015);
INSERT INTO `sys_role_menu` VALUES (3, 2016);
INSERT INTO `sys_role_menu` VALUES (3, 2017);
INSERT INTO `sys_role_menu` VALUES (3, 2018);
INSERT INTO `sys_role_menu` VALUES (3, 2019);
INSERT INTO `sys_role_menu` VALUES (3, 2020);
INSERT INTO `sys_role_menu` VALUES (3, 2021);
INSERT INTO `sys_role_menu` VALUES (3, 2022);
INSERT INTO `sys_role_menu` VALUES (3, 2023);
INSERT INTO `sys_role_menu` VALUES (3, 2024);
INSERT INTO `sys_role_menu` VALUES (3, 2025);
INSERT INTO `sys_role_menu` VALUES (3, 2026);
INSERT INTO `sys_role_menu` VALUES (3, 2027);
INSERT INTO `sys_role_menu` VALUES (3, 2028);
INSERT INTO `sys_role_menu` VALUES (3, 2029);
INSERT INTO `sys_role_menu` VALUES (3, 2030);
INSERT INTO `sys_role_menu` VALUES (3, 2031);
INSERT INTO `sys_role_menu` VALUES (4, 2006);
INSERT INTO `sys_role_menu` VALUES (4, 2007);
INSERT INTO `sys_role_menu` VALUES (4, 2008);
INSERT INTO `sys_role_menu` VALUES (4, 2009);
INSERT INTO `sys_role_menu` VALUES (4, 2010);
INSERT INTO `sys_role_menu` VALUES (4, 2012);
INSERT INTO `sys_role_menu` VALUES (4, 2013);
INSERT INTO `sys_role_menu` VALUES (4, 2014);
INSERT INTO `sys_role_menu` VALUES (4, 2015);
INSERT INTO `sys_role_menu` VALUES (4, 2016);
INSERT INTO `sys_role_menu` VALUES (4, 2018);
INSERT INTO `sys_role_menu` VALUES (4, 2019);
INSERT INTO `sys_role_menu` VALUES (4, 2020);
INSERT INTO `sys_role_menu` VALUES (4, 2021);
INSERT INTO `sys_role_menu` VALUES (4, 2022);
INSERT INTO `sys_role_menu` VALUES (4, 2024);
INSERT INTO `sys_role_menu` VALUES (4, 2025);
INSERT INTO `sys_role_menu` VALUES (4, 2026);
INSERT INTO `sys_role_menu` VALUES (4, 2027);
INSERT INTO `sys_role_menu` VALUES (4, 2028);
INSERT INTO `sys_role_menu` VALUES (4, 2029);
INSERT INTO `sys_role_menu` VALUES (4, 2031);
INSERT INTO `sys_role_menu` VALUES (5, 2006);
INSERT INTO `sys_role_menu` VALUES (5, 2007);
INSERT INTO `sys_role_menu` VALUES (5, 2008);
INSERT INTO `sys_role_menu` VALUES (5, 2009);
INSERT INTO `sys_role_menu` VALUES (5, 2010);
INSERT INTO `sys_role_menu` VALUES (5, 2012);
INSERT INTO `sys_role_menu` VALUES (5, 2013);
INSERT INTO `sys_role_menu` VALUES (5, 2014);
INSERT INTO `sys_role_menu` VALUES (5, 2015);
INSERT INTO `sys_role_menu` VALUES (5, 2016);
INSERT INTO `sys_role_menu` VALUES (5, 2018);
INSERT INTO `sys_role_menu` VALUES (5, 2019);
INSERT INTO `sys_role_menu` VALUES (5, 2020);
INSERT INTO `sys_role_menu` VALUES (5, 2021);
INSERT INTO `sys_role_menu` VALUES (5, 2022);
INSERT INTO `sys_role_menu` VALUES (5, 2024);
INSERT INTO `sys_role_menu` VALUES (5, 2025);
INSERT INTO `sys_role_menu` VALUES (5, 2026);
INSERT INTO `sys_role_menu` VALUES (5, 2027);
INSERT INTO `sys_role_menu` VALUES (5, 2028);
INSERT INTO `sys_role_menu` VALUES (5, 2029);
INSERT INTO `sys_role_menu` VALUES (5, 2031);
INSERT INTO `sys_role_menu` VALUES (6, 2006);
INSERT INTO `sys_role_menu` VALUES (6, 2007);
INSERT INTO `sys_role_menu` VALUES (6, 2008);
INSERT INTO `sys_role_menu` VALUES (6, 2009);
INSERT INTO `sys_role_menu` VALUES (6, 2010);
INSERT INTO `sys_role_menu` VALUES (6, 2012);
INSERT INTO `sys_role_menu` VALUES (6, 2013);
INSERT INTO `sys_role_menu` VALUES (6, 2014);
INSERT INTO `sys_role_menu` VALUES (6, 2015);
INSERT INTO `sys_role_menu` VALUES (6, 2016);
INSERT INTO `sys_role_menu` VALUES (6, 2018);
INSERT INTO `sys_role_menu` VALUES (6, 2019);
INSERT INTO `sys_role_menu` VALUES (6, 2020);
INSERT INTO `sys_role_menu` VALUES (6, 2021);
INSERT INTO `sys_role_menu` VALUES (6, 2022);
INSERT INTO `sys_role_menu` VALUES (6, 2024);
INSERT INTO `sys_role_menu` VALUES (6, 2025);
INSERT INTO `sys_role_menu` VALUES (6, 2026);
INSERT INTO `sys_role_menu` VALUES (6, 2027);
INSERT INTO `sys_role_menu` VALUES (6, 2028);
INSERT INTO `sys_role_menu` VALUES (6, 2029);
INSERT INTO `sys_role_menu` VALUES (6, 2031);

-- ----------------------------
-- Table structure for sys_user
-- ----------------------------
DROP TABLE IF EXISTS `sys_user`;
CREATE TABLE `sys_user`  (
  `user_id` bigint(20) UNSIGNED ZEROFILL NOT NULL AUTO_INCREMENT COMMENT '用户ID',
  `dept_id` bigint(20) NULL DEFAULT NULL COMMENT '部门ID',
  `user_name` varchar(30) CHARACTER SET utf8mb4 COLLATE utf8mb4_general_ci NOT NULL COMMENT '用户账号',
  `nick_name` varchar(30) CHARACTER SET utf8mb4 COLLATE utf8mb4_general_ci NOT NULL COMMENT '用户昵称',
  `user_type` varchar(2) CHARACTER SET utf8mb4 COLLATE utf8mb4_general_ci NULL DEFAULT '00' COMMENT '用户类型（00系统用户）',
  `email` varchar(50) CHARACTER SET utf8mb4 COLLATE utf8mb4_general_ci NULL DEFAULT '' COMMENT '用户邮箱',
  `phonenumber` varchar(11) CHARACTER SET utf8mb4 COLLATE utf8mb4_general_ci NULL DEFAULT '' COMMENT '手机号码',
  `sex` char(1) CHARACTER SET utf8mb4 COLLATE utf8mb4_general_ci NULL DEFAULT '0' COMMENT '用户性别（0男 1女 2未知）',
  `avatar` varchar(100) CHARACTER SET utf8mb4 COLLATE utf8mb4_general_ci NULL DEFAULT '' COMMENT '头像地址',
  `password` varchar(100) CHARACTER SET utf8mb4 COLLATE utf8mb4_general_ci NULL DEFAULT '' COMMENT '密码',
  `status` char(1) CHARACTER SET utf8mb4 COLLATE utf8mb4_general_ci NULL DEFAULT '0' COMMENT '帐号状态（0正常 1停用）',
  `del_flag` char(1) CHARACTER SET utf8mb4 COLLATE utf8mb4_general_ci NULL DEFAULT '0' COMMENT '删除标志（0代表存在 2代表删除）',
  `login_ip` varchar(128) CHARACTER SET utf8mb4 COLLATE utf8mb4_general_ci NULL DEFAULT '' COMMENT '最后登录IP',
  `login_date` datetime NULL DEFAULT NULL COMMENT '最后登录时间',
  `create_by` varchar(64) CHARACTER SET utf8mb4 COLLATE utf8mb4_general_ci NULL DEFAULT '' COMMENT '创建者',
  `create_time` datetime NULL DEFAULT NULL COMMENT '创建时间',
  `update_by` varchar(64) CHARACTER SET utf8mb4 COLLATE utf8mb4_general_ci NULL DEFAULT '' COMMENT '更新者',
  `update_time` datetime NULL DEFAULT NULL COMMENT '更新时间',
  `remark` varchar(500) CHARACTER SET utf8mb4 COLLATE utf8mb4_general_ci NULL DEFAULT NULL COMMENT '备注',
  `use_num` int(11) NULL DEFAULT 0 COMMENT '人才领取次数',
  `use_num_trn` int(11) NULL DEFAULT 0 COMMENT '企业领取次数',
  PRIMARY KEY (`user_id`) USING BTREE
) ENGINE = InnoDB AUTO_INCREMENT = 14 CHARACTER SET = utf8mb4 COLLATE = utf8mb4_general_ci COMMENT = '用户信息表' ROW_FORMAT = DYNAMIC;

-- ----------------------------
-- Records of sys_user
-- ----------------------------
INSERT INTO `sys_user` VALUES (00000000000000000001, 201, 'admin', '超级管理员', '00', '', '15888888888', '1', '/profile/avatar/2023/06/14/blob_20230614204958A002.png', '$2a$10$7JB720yubVSZvUI0rEqK/.VqGOZTH.ulu33dHOiBE8ByOhJIrdAu2', '0', '0', '127.0.0.1', '2023-06-20 15:00:00', 'admin', '2023-06-07 14:58:45', '', '2023-06-20 14:59:59', '管理员', 0, NULL);
INSERT INTO `sys_user` VALUES (00000000000000000003, 201, '小伟', '小伟', '00', '', '18209896746', '0', '', '$2a$10$d5NDMHOw6xejljGk9Avei.cs4js5neutrKQ5eTcKu/nypHDaoHgwS', '0', '2', '43.247.209.216', '2023-06-14 22:39:01', 'admin', '2023-06-14 21:07:22', 'admin', '2023-06-14 22:39:00', '测试', 200, 200);
INSERT INTO `sys_user` VALUES (00000000000000000004, 204, '黄柯', '黄柯', '00', '', '', '0', '', '$2a$10$GhnQT4AH553KiLV0ehBRauhJreBoUUzVGIvo0p1WyGwIB7O.ZjI12', '0', '2', '127.0.0.1', '2023-06-15 10:01:06', 'admin', '2023-06-14 23:03:12', 'admin', '2023-06-15 10:01:05', NULL, 5, 4);
INSERT INTO `sys_user` VALUES (00000000000000000005, 100, '李紫云', '李紫云', '00', '', '', '0', '', '$2a$10$iZezdfj3uL9rbJ0TyjVXgeE.3Acft6wQhVbHuHncUJR/UVV0WAuri', '0', '2', '', NULL, 'admin', '2023-06-14 23:04:12', 'admin', '2023-06-14 23:46:17', NULL, 30, 40);
INSERT INTO `sys_user` VALUES (00000000000000000006, 204, '胡永顺', '胡永顺', '00', '', '', '0', '', '$2a$10$nSDtXX1vPUAeO7dFM.eXte9dLUJD/DP6EWWSlCZgdCpRkWTlwWjcu', '0', '2', '43.247.209.216', '2023-06-14 23:50:40', 'admin', '2023-06-14 23:04:47', 'admin', '2023-06-14 23:50:40', NULL, 0, 40);
INSERT INTO `sys_user` VALUES (00000000000000000007, 100, '胡永超', '胡永超', '00', '', '', '0', '', '$2a$10$Xmxf2xt1WBZ7arClfMM.EeS9e8vCDF3azir58e1QtwhQasw8bV.Ii', '0', '2', '43.247.209.216', '2023-06-14 23:51:02', 'admin', '2023-06-14 23:05:16', 'admin', '2023-06-14 23:51:02', NULL, 60, 40);
INSERT INTO `sys_user` VALUES (00000000000000000008, 204, '胡向伟', '胡向伟', '00', '', '', '0', '', '$2a$10$cLbhzo8sB7tRfUg.hyr77O97GG03R/a4l6/kaRlTESaAu6Z4zjoTa', '0', '2', '', NULL, 'admin', '2023-06-14 23:54:07', '', NULL, NULL, 50, 40);
INSERT INTO `sys_user` VALUES (00000000000000000009, 204, 'test', 'test', '00', '', '', '0', '', '$2a$10$EHM.SYu0Zn3oGwNpf7RVCOPy4HlIJqTB1kX5jyzqf1ZVLFLY6MLsK', '0', '0', '127.0.0.1', '2023-06-15 15:25:40', 'admin', '2023-06-15 15:02:22', 'admin', '2023-06-15 15:25:40', NULL, 5, 5);
INSERT INTO `sys_user` VALUES (00000000000000000010, 204, 'test1', 'test1', '00', '', '', '0', '', '$2a$10$G4yRvG8ZtxYpmvNTwx.ZQu667ZN56uQy8gSU3yriGK1oT9l7UhuAO', '0', '0', '127.0.0.1', '2023-06-15 15:33:56', 'admin', '2023-06-15 15:02:39', 'admin', '2023-06-15 15:33:56', NULL, 5, 5);
INSERT INTO `sys_user` VALUES (00000000000000000011, 203, 'test2', 'test2', '00', '', '', '0', '', '$2a$10$fayFgi2YYYdSBSk1bf/n.eFtSXVohOjyDk0SeNYiFZfAc7Th6XxzC', '0', '0', '127.0.0.1', '2023-06-15 15:34:12', 'admin', '2023-06-15 15:02:59', 'admin', '2023-06-15 15:34:11', NULL, 5, 5);
INSERT INTO `sys_user` VALUES (00000000000000000012, 205, 'test3', 'test3', '00', '', '', '0', '', '$2a$10$ZcD2ZlQx/CoEE.THHxJ5vOVoa0s7nILA./NgRRGPgK.Z5s9SQBJq6', '0', '0', '127.0.0.1', '2023-06-15 15:34:25', 'admin', '2023-06-15 15:04:00', 'admin', '2023-06-15 15:34:25', NULL, 5, 5);
INSERT INTO `sys_user` VALUES (00000000000000000013, 200, 'demo', 'demo', '00', '', '', '0', '', '$2a$10$f5pzLZ0ggNsZTEQWEZCmC.Odde/ALaeFb.MKdI88gq5SJ8xKoUihK', '0', '0', '127.0.0.1', '2023-06-15 15:34:51', 'admin', '2023-06-15 15:04:15', 'admin', '2023-06-15 15:34:50', NULL, 0, 0);

-- ----------------------------
-- Table structure for sys_user_post
-- ----------------------------
DROP TABLE IF EXISTS `sys_user_post`;
CREATE TABLE `sys_user_post`  (
  `user_id` bigint(20) NOT NULL COMMENT '用户ID',
  `post_id` bigint(20) NOT NULL COMMENT '岗位ID',
  PRIMARY KEY (`user_id`, `post_id`) USING BTREE
) ENGINE = InnoDB CHARACTER SET = utf8mb4 COLLATE = utf8mb4_general_ci COMMENT = '用户与岗位关联表' ROW_FORMAT = DYNAMIC;

-- ----------------------------
-- Records of sys_user_post
-- ----------------------------

-- ----------------------------
-- Table structure for sys_user_role
-- ----------------------------
DROP TABLE IF EXISTS `sys_user_role`;
CREATE TABLE `sys_user_role`  (
  `user_id` bigint(20) NOT NULL COMMENT '用户ID',
  `role_id` bigint(20) NOT NULL COMMENT '角色ID',
  PRIMARY KEY (`user_id`, `role_id`) USING BTREE
) ENGINE = InnoDB CHARACTER SET = utf8mb4 COLLATE = utf8mb4_general_ci COMMENT = '用户和角色关联表' ROW_FORMAT = DYNAMIC;

-- ----------------------------
-- Records of sys_user_role
-- ----------------------------
INSERT INTO `sys_user_role` VALUES (1, 1);
INSERT INTO `sys_user_role` VALUES (2, 2);
INSERT INTO `sys_user_role` VALUES (9, 4);
INSERT INTO `sys_user_role` VALUES (10, 4);
INSERT INTO `sys_user_role` VALUES (11, 5);
INSERT INTO `sys_user_role` VALUES (12, 5);
INSERT INTO `sys_user_role` VALUES (13, 6);

-- ----------------------------
-- Table structure for t_customer
-- ----------------------------
DROP TABLE IF EXISTS `t_customer`;
CREATE TABLE `t_customer`  (
  `customer_id` int(11) NOT NULL AUTO_INCREMENT COMMENT '主键',
  `customer_name` varchar(255) CHARACTER SET utf8mb4 COLLATE utf8mb4_general_ci NULL DEFAULT NULL COMMENT '客户名称',
  `customer_phone` varchar(255) CHARACTER SET utf8mb4 COLLATE utf8mb4_general_ci NULL DEFAULT NULL COMMENT '联系电话',
  `certificate_type` varchar(255) CHARACTER SET utf8mb4 COLLATE utf8mb4_general_ci NULL DEFAULT NULL COMMENT '证书类型',
  `certificate_speciality` varchar(255) CHARACTER SET utf8mb4 COLLATE utf8mb4_general_ci NULL DEFAULT NULL COMMENT '证书专业',
  `remark` varchar(255) CHARACTER SET utf8mb4 COLLATE utf8mb4_general_ci NULL DEFAULT NULL COMMENT '初始/转注',
  `addr` varchar(255) CHARACTER SET utf8mb4 COLLATE utf8mb4_general_ci NULL DEFAULT NULL COMMENT '省份-城市',
  `sources` varchar(255) CHARACTER SET utf8mb4 COLLATE utf8mb4_general_ci NULL DEFAULT NULL COMMENT '客户来源',
  `create_by` varchar(255) CHARACTER SET utf8mb4 COLLATE utf8mb4_general_ci NULL DEFAULT NULL COMMENT '创建者',
  `create_time` datetime NULL DEFAULT NULL COMMENT '创建日期',
  `is_use` tinyint(1) NULL DEFAULT 0 COMMENT '是否领取 0未领取 1已领取',
  `is_del` tinyint(1) NULL DEFAULT 0 COMMENT '是否删除 0未删除 1已删除',
  `notes` varchar(255) CHARACTER SET utf8mb4 COLLATE utf8mb4_general_ci NULL DEFAULT NULL COMMENT '备注',
  PRIMARY KEY (`customer_id`) USING BTREE
) ENGINE = InnoDB AUTO_INCREMENT = 54 CHARACTER SET = utf8mb4 COLLATE = utf8mb4_general_ci COMMENT = '客户资源' ROW_FORMAT = DYNAMIC;

-- ----------------------------
-- Records of t_customer
-- ----------------------------
INSERT INTO `t_customer` VALUES (9, '任遵强1', '18209872612', '1', '2', '3', '4', '5', 'admin', '2023-06-15 15:04:58', 0, 1, '6');
INSERT INTO `t_customer` VALUES (10, '任遵强2', '18209872613', '2', '3', '4', '5', '6', 'admin', '2023-06-15 15:04:59', 0, 1, '7');
INSERT INTO `t_customer` VALUES (11, '任遵强3', '18209872614', '3', '4', '5', '6', '7', 'admin', '2023-06-15 15:04:59', 0, 1, '8');
INSERT INTO `t_customer` VALUES (12, '任遵强4', '18209872615', '4', '5', '6', '7', '8', 'admin', '2023-06-15 15:04:59', 0, 1, '9');
INSERT INTO `t_customer` VALUES (13, '任遵强5', '18209872616', '5', '6', '7', '8', '9', 'admin', '2023-06-15 15:04:59', 0, 1, '10');
INSERT INTO `t_customer` VALUES (14, '任遵强6', '18209872617', '6', '7', '8', '9', '10', 'admin', '2023-06-15 15:04:59', 0, 1, '11');
INSERT INTO `t_customer` VALUES (15, '任遵强7', '18209872618', '7', '8', '9', '10', '11', 'admin', '2023-06-15 15:04:59', 0, 1, '12');
INSERT INTO `t_customer` VALUES (16, '任遵强8', '18209872619', '8', '9', '10', '11', '12', 'admin', '2023-06-15 15:04:59', 0, 1, '13');
INSERT INTO `t_customer` VALUES (17, '任遵强9', '18209872620', '9', '10', '11', '12', '13', 'admin', '2023-06-15 15:04:59', 0, 1, '14');
INSERT INTO `t_customer` VALUES (18, '任遵强10', '18209872621', '10', '11', '12', '13', '14', 'admin', '2023-06-15 15:04:59', 0, 1, '15');
INSERT INTO `t_customer` VALUES (19, '任遵强11', '18209872622', '11', '12', '13', '14', '15', 'admin', '2023-06-15 15:04:59', 0, 1, '16');
INSERT INTO `t_customer` VALUES (20, '任遵强12', '18209872623', '12', '13', '14', '15', '16', 'admin', '2023-06-15 15:04:59', 0, 1, '17');
INSERT INTO `t_customer` VALUES (21, '任遵强13', '18209872624', '13', '14', '15', '16', '17', 'admin', '2023-06-15 15:04:59', 0, 0, '18');
INSERT INTO `t_customer` VALUES (22, '任遵强14', '18209872625', '14', '15', '16', '17', '18', 'admin', '2023-06-15 15:04:59', 0, 0, '19');
INSERT INTO `t_customer` VALUES (23, '任遵强15', '18209872626', '15', '16', '17', '18', '19', 'admin', '2023-06-15 15:04:59', 0, 0, '20');
INSERT INTO `t_customer` VALUES (24, '任遵强16', '18209872627', '16', '17', '18', '19', '20', 'admin', '2023-06-15 15:04:59', 0, 0, '21');
INSERT INTO `t_customer` VALUES (25, '任遵强17', '18209872628', '17', '18', '19', '20', '21', 'admin', '2023-06-15 15:04:59', 0, 0, '22');
INSERT INTO `t_customer` VALUES (26, '任遵强18', '18209872629', '18', '19', '20', '21', '22', 'admin', '2023-06-15 15:04:59', 0, 0, '23');
INSERT INTO `t_customer` VALUES (27, '任遵强19', '18209872630', '19', '20', '21', '22', '23', 'admin', '2023-06-15 15:04:59', 0, 0, '24');
INSERT INTO `t_customer` VALUES (28, '任遵强20', '18209872631', '20', '21', '22', '23', '24', 'admin', '2023-06-15 15:04:59', 0, 0, '25');
INSERT INTO `t_customer` VALUES (29, '任遵强21', '18209872632', '21', '22', '23', '24', '25', 'admin', '2023-06-15 15:04:59', 0, 0, '26');
INSERT INTO `t_customer` VALUES (30, '任遵强22', '18209872633', '22', '23', '24', '25', '26', 'admin', '2023-06-15 15:04:59', 0, 0, '27');
INSERT INTO `t_customer` VALUES (31, '任遵强23', '18209872634', '23', '24', '25', '26', '27', 'admin', '2023-06-15 15:04:59', 0, 0, '28');
INSERT INTO `t_customer` VALUES (32, '任遵强24', '18209872635', '24', '25', '26', '27', '28', 'admin', '2023-06-15 15:04:59', 0, 0, '29');
INSERT INTO `t_customer` VALUES (33, '任遵强25', '18209872636', '25', '26', '27', '28', '29', 'admin', '2023-06-15 15:04:59', 0, 0, '30');
INSERT INTO `t_customer` VALUES (34, '任遵强26', '18209872637', '26', '27', '28', '29', '30', 'admin', '2023-06-15 15:04:59', 0, 0, '31');
INSERT INTO `t_customer` VALUES (35, '任遵强27', '18209872638', '27', '28', '29', '30', '31', 'admin', '2023-06-15 15:04:59', 0, 0, '32');
INSERT INTO `t_customer` VALUES (36, '任遵强28', '18209872639', '28', '29', '30', '31', '32', 'admin', '2023-06-15 15:04:59', 0, 0, '33');
INSERT INTO `t_customer` VALUES (37, '任遵强29', '18209872640', '29', '30', '31', '32', '33', 'admin', '2023-06-15 15:04:59', 0, 0, '34');
INSERT INTO `t_customer` VALUES (38, '任遵强30', '18209872641', '30', '31', '32', '33', '34', 'admin', '2023-06-15 15:04:59', 0, 0, '35');
INSERT INTO `t_customer` VALUES (39, '任遵强31', '18209872642', '31', '32', '33', '34', '35', 'admin', '2023-06-15 15:04:59', 0, 0, '36');
INSERT INTO `t_customer` VALUES (40, '任遵强32', '18209872643', '32', '33', '34', '35', '36', 'admin', '2023-06-15 15:04:59', 0, 0, '37');
INSERT INTO `t_customer` VALUES (41, '任遵强33', '18209872644', '33', '34', '35', '36', '37', 'admin', '2023-06-15 15:04:59', 0, 0, '38');
INSERT INTO `t_customer` VALUES (42, '任遵强34', '18209872645', '34', '35', '36', '37', '38', 'admin', '2023-06-15 15:04:59', 0, 0, '39');
INSERT INTO `t_customer` VALUES (43, '任遵强35', '18209872646', '35', '36', '37', '38', '39', 'admin', '2023-06-15 15:04:59', 0, 0, '40');
INSERT INTO `t_customer` VALUES (44, '任遵强36', '18209872647', '36', '37', '38', '39', '40', 'admin', '2023-06-15 15:04:59', 0, 0, '41');
INSERT INTO `t_customer` VALUES (45, '任遵强37', '18209872648', '37', '38', '39', '40', '41', 'admin', '2023-06-15 15:04:59', 0, 0, '42');
INSERT INTO `t_customer` VALUES (46, '任遵强38', '18209872649', '38', '39', '40', '41', '42', 'admin', '2023-06-15 15:04:59', 0, 0, '43');
INSERT INTO `t_customer` VALUES (47, '任遵强39', '18209872650', '39', '40', '41', '42', '43', 'admin', '2023-06-15 15:04:59', 0, 0, '44');
INSERT INTO `t_customer` VALUES (48, '任遵强40', '18209872651', '40', '41', '42', '43', '44', 'admin', '2023-06-15 15:04:59', 0, 0, '45');
INSERT INTO `t_customer` VALUES (49, '任遵强41', '18209872652', '41', '42', '43', '44', '45', 'admin', '2023-06-15 15:04:59', 0, 0, '46');
INSERT INTO `t_customer` VALUES (50, '任遵强42', '18209872653', '42', '43', '44', '45', '46', 'admin', '2023-06-15 15:04:59', 0, 0, '47');
INSERT INTO `t_customer` VALUES (51, '任遵强43', '18209872654', '43', '44', '45', '46', '47', 'admin', '2023-06-15 15:04:59', 0, 0, '48');
INSERT INTO `t_customer` VALUES (52, '任遵强44', '18209872655', '44', '45', '46', '47', '48', 'admin', '2023-06-15 15:04:59', 0, 0, '49');
INSERT INTO `t_customer` VALUES (53, '任遵强45', '18209872656', '45', '46', '47', '48', '49', 'admin', '2023-06-15 15:04:59', 0, 0, '50');

-- ----------------------------
-- Table structure for t_customer_book
-- ----------------------------
DROP TABLE IF EXISTS `t_customer_book`;
CREATE TABLE `t_customer_book`  (
  `book_id` int(11) NOT NULL AUTO_INCREMENT COMMENT '主键',
  `customer_id` int(11) NULL DEFAULT NULL COMMENT '客户id',
  `customer_name` varchar(255) CHARACTER SET utf8mb4 COLLATE utf8mb4_general_ci NULL DEFAULT NULL COMMENT '客户名称',
  `user_id` int(11) NULL DEFAULT NULL COMMENT '用户id',
  `user_name` varchar(255) CHARACTER SET utf8mb4 COLLATE utf8mb4_general_ci NULL DEFAULT NULL COMMENT '用户名称',
  `customer_phone` varchar(255) CHARACTER SET utf8mb4 COLLATE utf8mb4_general_ci NULL DEFAULT NULL COMMENT '联系电话',
  `certificate_type` varchar(255) CHARACTER SET utf8mb4 COLLATE utf8mb4_general_ci NULL DEFAULT NULL COMMENT '证书类型',
  `certificate_speciality` varchar(255) CHARACTER SET utf8mb4 COLLATE utf8mb4_general_ci NULL DEFAULT NULL COMMENT '证书专业',
  `remark` varchar(255) CHARACTER SET utf8mb4 COLLATE utf8mb4_general_ci NULL DEFAULT NULL COMMENT '初始/转注',
  `addr` varchar(255) CHARACTER SET utf8mb4 COLLATE utf8mb4_general_ci NULL DEFAULT NULL COMMENT '省份-城市',
  `sources` varchar(255) CHARACTER SET utf8mb4 COLLATE utf8mb4_general_ci NULL DEFAULT NULL COMMENT '客户来源',
  `is_recovery` tinyint(1) NULL DEFAULT 0 COMMENT '是否回收 0未回收 1已回收',
  `create_time` datetime NULL DEFAULT NULL COMMENT '领用时间',
  `end_time` datetime NULL DEFAULT NULL COMMENT '到期时间',
  `notes` varchar(255) CHARACTER SET utf8mb4 COLLATE utf8mb4_general_ci NULL DEFAULT NULL COMMENT '备注',
  `dept_id` int(11) NULL DEFAULT NULL COMMENT '部门ID',
  PRIMARY KEY (`book_id`) USING BTREE
) ENGINE = InnoDB AUTO_INCREMENT = 36 CHARACTER SET = utf8mb4 COLLATE = utf8mb4_general_ci COMMENT = '客户通讯录' ROW_FORMAT = DYNAMIC;

-- ----------------------------
-- Records of t_customer_book
-- ----------------------------
INSERT INTO `t_customer_book` VALUES (24, 9, '任遵强1', 10, 'test1', '18209872612', '1', '2', '3', '4', '5', 0, '2023-06-15 15:17:34', NULL, '6', 204);
INSERT INTO `t_customer_book` VALUES (25, 10, '任遵强2', 10, 'test1', '18209872613', '2', '3', '4', '5', '6', 0, '2023-06-15 15:17:34', NULL, '7', 204);
INSERT INTO `t_customer_book` VALUES (26, 11, '任遵强3', 10, 'test1', '18209872614', '3', '4', '5', '6', '7', 0, '2023-06-15 15:17:34', NULL, '8', 204);
INSERT INTO `t_customer_book` VALUES (27, 12, '任遵强4', 10, 'test1', '18209872615', '4', '5', '6', '7', '8', 0, '2023-06-15 15:17:34', NULL, '9', 204);
INSERT INTO `t_customer_book` VALUES (28, 13, '任遵强5', 10, 'test1', '18209872616', '5', '6', '7', '8', '9', 0, '2023-06-15 15:17:34', NULL, '10', 204);
INSERT INTO `t_customer_book` VALUES (29, 14, '任遵强6', 9, 'test', '18209872617', '6', '7', '8', '9', '10', 0, '2023-06-15 15:20:31', NULL, '11', 204);
INSERT INTO `t_customer_book` VALUES (30, 15, '任遵强7', 9, 'test', '18209872618', '7', '8', '9', '10', '11', 0, '2023-06-15 15:20:31', NULL, '12', 204);
INSERT INTO `t_customer_book` VALUES (31, 16, '任遵强8', 9, 'test', '18209872619', '8', '9', '10', '11', '12', 0, '2023-06-15 15:20:31', NULL, '13', 204);
INSERT INTO `t_customer_book` VALUES (32, 17, '任遵强9', 11, 'test2', '18209872620', '9', '10', '11', '12', '13', 0, '2023-06-15 15:20:52', NULL, '14', 203);
INSERT INTO `t_customer_book` VALUES (33, 18, '任遵强10', 11, 'test2', '18209872621', '10', '11', '12', '13', '14', 0, '2023-06-15 15:20:52', NULL, '15', 203);
INSERT INTO `t_customer_book` VALUES (34, 19, '任遵强11', 11, 'test2', '18209872622', '11', '12', '13', '14', '15', 0, '2023-06-15 15:20:52', NULL, '16', 203);
INSERT INTO `t_customer_book` VALUES (35, 20, '任遵强12', 12, 'test3', '18209872623', '12', '13', '14', '15', '16', 0, '2023-06-15 15:21:10', NULL, '17', 205);

-- ----------------------------
-- Table structure for t_customer_connect
-- ----------------------------
DROP TABLE IF EXISTS `t_customer_connect`;
CREATE TABLE `t_customer_connect`  (
  `customer_connect_id` int(11) NOT NULL AUTO_INCREMENT COMMENT '主键',
  `user_id` int(11) NULL DEFAULT NULL COMMENT '录入用户id',
  `user_name` varchar(255) CHARACTER SET utf8mb4 COLLATE utf8mb4_general_ci NULL DEFAULT NULL COMMENT '录入用户',
  `customer_id` int(11) NULL DEFAULT NULL COMMENT '客户id',
  `content` varchar(500) CHARACTER SET utf8mb4 COLLATE utf8mb4_general_ci NULL DEFAULT NULL COMMENT '回访内容',
  `create_time` datetime NULL DEFAULT NULL COMMENT '回访时间',
  `customer_name` varchar(255) CHARACTER SET utf8mb4 COLLATE utf8mb4_general_ci NULL DEFAULT NULL COMMENT '客户名称',
  PRIMARY KEY (`customer_connect_id`) USING BTREE
) ENGINE = InnoDB AUTO_INCREMENT = 4 CHARACTER SET = utf8mb4 COLLATE = utf8mb4_general_ci COMMENT = '客户沟通记录' ROW_FORMAT = DYNAMIC;

-- ----------------------------
-- Records of t_customer_connect
-- ----------------------------
INSERT INTO `t_customer_connect` VALUES (1, 1, '超级管理员', 20, '123123', '2023-06-20 15:02:10', '任遵强12');
INSERT INTO `t_customer_connect` VALUES (2, 1, '超级管理员', 17, '123', '2023-06-20 15:11:20', '任遵强9');
INSERT INTO `t_customer_connect` VALUES (3, 1, '超级管理员', 18, '21313', '2023-06-20 15:13:23', '任遵强10');

-- ----------------------------
-- Table structure for t_translate
-- ----------------------------
DROP TABLE IF EXISTS `t_translate`;
CREATE TABLE `t_translate`  (
  `translate_id` int(11) NOT NULL AUTO_INCREMENT COMMENT '主键',
  `translate_name` varchar(255) CHARACTER SET utf8mb4 COLLATE utf8mb4_general_ci NULL DEFAULT NULL COMMENT '企业名称',
  `contacts` varchar(255) CHARACTER SET utf8mb4 COLLATE utf8mb4_general_ci NULL DEFAULT NULL COMMENT '联系人',
  `phone` varchar(255) CHARACTER SET utf8mb4 COLLATE utf8mb4_general_ci NULL DEFAULT NULL COMMENT '联系电话',
  `addr` varchar(255) CHARACTER SET utf8mb4 COLLATE utf8mb4_general_ci NULL DEFAULT NULL COMMENT '省份-城市',
  `customer_demand` varchar(255) CHARACTER SET utf8mb4 COLLATE utf8mb4_general_ci NULL DEFAULT NULL COMMENT '客户需求',
  `sources` varchar(255) CHARACTER SET utf8mb4 COLLATE utf8mb4_general_ci NULL DEFAULT NULL COMMENT '客户来源',
  `create_by` varchar(255) CHARACTER SET utf8mb4 COLLATE utf8mb4_general_ci NULL DEFAULT NULL COMMENT '创建者',
  `create_time` datetime NULL DEFAULT NULL COMMENT '创建日期',
  `is_use` tinyint(1) NULL DEFAULT 0 COMMENT '是否领取 0未领取 1已领取',
  `is_del` tinyint(1) NULL DEFAULT 0 COMMENT '是否删除 0未删除 1已删除',
  `notes` varchar(255) CHARACTER SET utf8mb4 COLLATE utf8mb4_general_ci NULL DEFAULT NULL COMMENT '备注',
  PRIMARY KEY (`translate_id`) USING BTREE
) ENGINE = InnoDB AUTO_INCREMENT = 498 CHARACTER SET = utf8mb4 COLLATE = utf8mb4_general_ci COMMENT = '企业资源' ROW_FORMAT = DYNAMIC;

-- ----------------------------
-- Records of t_translate
-- ----------------------------
INSERT INTO `t_translate` VALUES (465, '阿里1', '任遵强1', '18209872612', '1', '2', '3', 'admin', '2023-06-15 15:25:24', 0, 1, '4');
INSERT INTO `t_translate` VALUES (466, '阿里2', '任遵强2', '18209872613', '2', '3', '4', 'admin', '2023-06-15 15:25:24', 0, 1, '5');
INSERT INTO `t_translate` VALUES (467, '阿里3', '任遵强3', '18209872614', '3', '4', '5', 'admin', '2023-06-15 15:25:24', 0, 1, '6');
INSERT INTO `t_translate` VALUES (468, '阿里4', '任遵强4', '18209872615', '4', '5', '6', 'admin', '2023-06-15 15:25:24', 0, 1, '7');
INSERT INTO `t_translate` VALUES (469, '阿里5', '任遵强5', '18209872616', '5', '6', '7', 'admin', '2023-06-15 15:25:24', 0, 1, '8');
INSERT INTO `t_translate` VALUES (470, '阿里6', '任遵强6', '18209872617', '6', '7', '8', 'admin', '2023-06-15 15:25:24', 0, 1, '9');
INSERT INTO `t_translate` VALUES (471, '阿里7', '任遵强7', '18209872618', '7', '8', '9', 'admin', '2023-06-15 15:25:24', 0, 1, '10');
INSERT INTO `t_translate` VALUES (472, '阿里8', '任遵强8', '18209872619', '8', '9', '10', 'admin', '2023-06-15 15:25:24', 0, 1, '11');
INSERT INTO `t_translate` VALUES (473, '阿里9', '任遵强9', '18209872620', '9', '10', '11', 'admin', '2023-06-15 15:25:24', 0, 1, '12');
INSERT INTO `t_translate` VALUES (474, '阿里10', '任遵强10', '18209872621', '10', '11', '12', 'admin', '2023-06-15 15:25:24', 0, 1, '13');
INSERT INTO `t_translate` VALUES (475, '阿里11', '任遵强11', '18209872622', '11', '12', '13', 'admin', '2023-06-15 15:25:24', 0, 1, '14');
INSERT INTO `t_translate` VALUES (476, '阿里12', '任遵强12', '18209872623', '12', '13', '14', 'admin', '2023-06-15 15:25:24', 0, 0, '15');
INSERT INTO `t_translate` VALUES (477, '阿里13', '任遵强13', '18209872624', '13', '14', '15', 'admin', '2023-06-15 15:25:24', 0, 0, '16');
INSERT INTO `t_translate` VALUES (478, '阿里14', '任遵强14', '18209872625', '14', '15', '16', 'admin', '2023-06-15 15:25:24', 0, 0, '17');
INSERT INTO `t_translate` VALUES (479, '阿里15', '任遵强15', '18209872626', '15', '16', '17', 'admin', '2023-06-15 15:25:24', 0, 0, '18');
INSERT INTO `t_translate` VALUES (480, '阿里16', '任遵强16', '18209872627', '16', '17', '18', 'admin', '2023-06-15 15:25:24', 0, 0, '19');
INSERT INTO `t_translate` VALUES (481, '阿里17', '任遵强17', '18209872628', '17', '18', '19', 'admin', '2023-06-15 15:25:24', 0, 0, '20');
INSERT INTO `t_translate` VALUES (482, '阿里18', '任遵强18', '18209872629', '18', '19', '20', 'admin', '2023-06-15 15:25:24', 0, 0, '21');
INSERT INTO `t_translate` VALUES (483, '阿里19', '任遵强19', '18209872630', '19', '20', '21', 'admin', '2023-06-15 15:25:24', 0, 0, '22');
INSERT INTO `t_translate` VALUES (484, '阿里20', '任遵强20', '18209872631', '20', '21', '22', 'admin', '2023-06-15 15:25:24', 0, 0, '23');
INSERT INTO `t_translate` VALUES (485, '阿里21', '任遵强21', '18209872632', '21', '22', '23', 'admin', '2023-06-15 15:25:24', 0, 0, '24');
INSERT INTO `t_translate` VALUES (486, '阿里22', '任遵强22', '18209872633', '22', '23', '24', 'admin', '2023-06-15 15:25:24', 0, 0, '25');
INSERT INTO `t_translate` VALUES (487, '阿里23', '任遵强23', '18209872634', '23', '24', '25', 'admin', '2023-06-15 15:25:24', 0, 0, '26');
INSERT INTO `t_translate` VALUES (488, '阿里24', '任遵强24', '18209872635', '24', '25', '26', 'admin', '2023-06-15 15:25:24', 0, 0, '27');
INSERT INTO `t_translate` VALUES (489, '阿里25', '任遵强25', '18209872636', '25', '26', '27', 'admin', '2023-06-15 15:25:24', 0, 0, '28');
INSERT INTO `t_translate` VALUES (490, '阿里26', '任遵强26', '18209872637', '26', '27', '28', 'admin', '2023-06-15 15:25:24', 0, 0, '29');
INSERT INTO `t_translate` VALUES (491, '阿里27', '任遵强27', '18209872638', '27', '28', '29', 'admin', '2023-06-15 15:25:24', 0, 0, '30');
INSERT INTO `t_translate` VALUES (492, '阿里28', '任遵强28', '18209872639', '28', '29', '30', 'admin', '2023-06-15 15:25:24', 0, 0, '31');
INSERT INTO `t_translate` VALUES (493, '阿里29', '任遵强29', '18209872640', '29', '30', '31', 'admin', '2023-06-15 15:25:24', 0, 0, '32');
INSERT INTO `t_translate` VALUES (494, '阿里30', '任遵强30', '18209872641', '30', '31', '32', 'admin', '2023-06-15 15:25:24', 0, 0, '33');
INSERT INTO `t_translate` VALUES (495, '阿里31', '任遵强31', '18209872642', '31', '32', '33', 'admin', '2023-06-15 15:25:24', 0, 0, '34');
INSERT INTO `t_translate` VALUES (496, '阿里32', '任遵强32', '18209872643', '32', '33', '34', 'admin', '2023-06-15 15:25:24', 0, 0, '35');
INSERT INTO `t_translate` VALUES (497, '阿里33', '任遵强33', '18209872644', '33', '34', '35', 'admin', '2023-06-15 15:25:24', 0, 0, '36');

-- ----------------------------
-- Table structure for t_translate_book
-- ----------------------------
DROP TABLE IF EXISTS `t_translate_book`;
CREATE TABLE `t_translate_book`  (
  `translate_book_id` int(11) NOT NULL AUTO_INCREMENT COMMENT '主键',
  `translate_id` int(11) NOT NULL COMMENT '企业id',
  `translate_name` varchar(255) CHARACTER SET utf8mb4 COLLATE utf8mb4_general_ci NULL DEFAULT NULL COMMENT '企业名称',
  `contacts` varchar(255) CHARACTER SET utf8mb4 COLLATE utf8mb4_general_ci NULL DEFAULT NULL COMMENT '联系人',
  `phone` varchar(255) CHARACTER SET utf8mb4 COLLATE utf8mb4_general_ci NULL DEFAULT NULL COMMENT '联系电话',
  `addr` varchar(255) CHARACTER SET utf8mb4 COLLATE utf8mb4_general_ci NULL DEFAULT NULL COMMENT '省份-城市',
  `customer_demand` varchar(255) CHARACTER SET utf8mb4 COLLATE utf8mb4_general_ci NULL DEFAULT NULL COMMENT '客户需求',
  `sources` varchar(255) CHARACTER SET utf8mb4 COLLATE utf8mb4_general_ci NULL DEFAULT NULL COMMENT '客户来源',
  `user_id` int(11) NULL DEFAULT NULL COMMENT '用户id',
  `user_name` varchar(255) CHARACTER SET utf8mb4 COLLATE utf8mb4_general_ci NULL DEFAULT NULL COMMENT '用户名称',
  `is_recovery` tinyint(1) NULL DEFAULT 0 COMMENT '是否回收 0未回收 1已回收',
  `create_time` datetime NULL DEFAULT NULL COMMENT '领用时间',
  `notes` varchar(255) CHARACTER SET utf8mb4 COLLATE utf8mb4_general_ci NULL DEFAULT NULL COMMENT '备注',
  `dept_id` int(11) NULL DEFAULT NULL COMMENT '部门ID',
  PRIMARY KEY (`translate_book_id`) USING BTREE
) ENGINE = InnoDB AUTO_INCREMENT = 62 CHARACTER SET = utf8mb4 COLLATE = utf8mb4_general_ci COMMENT = '企业通讯录' ROW_FORMAT = DYNAMIC;

-- ----------------------------
-- Records of t_translate_book
-- ----------------------------
INSERT INTO `t_translate_book` VALUES (51, 465, '阿里1', '任遵强1', '18209872612', '1', '2', '3', 9, 'test', 0, '2023-06-15 15:33:44', '4', 204);
INSERT INTO `t_translate_book` VALUES (52, 466, '阿里2', '任遵强2', '18209872613', '2', '3', '4', 9, 'test', 0, '2023-06-15 15:33:44', '5', 204);
INSERT INTO `t_translate_book` VALUES (53, 467, '阿里3', '任遵强3', '18209872614', '3', '4', '5', 9, 'test', 0, '2023-06-15 15:33:45', '6', 204);
INSERT INTO `t_translate_book` VALUES (54, 468, '阿里4', '任遵强4', '18209872615', '4', '5', '6', 9, 'test', 0, '2023-06-15 15:33:45', '7', 204);
INSERT INTO `t_translate_book` VALUES (55, 469, '阿里5', '任遵强5', '18209872616', '5', '6', '7', 9, 'test', 0, '2023-06-15 15:33:45', '8', 204);
INSERT INTO `t_translate_book` VALUES (56, 470, '阿里6', '任遵强6', '18209872617', '6', '7', '8', 10, 'test1', 0, '2023-06-15 15:34:01', '9', 204);
INSERT INTO `t_translate_book` VALUES (57, 471, '阿里7', '任遵强7', '18209872618', '7', '8', '9', 10, 'test1', 0, '2023-06-15 15:34:01', '10', 204);
INSERT INTO `t_translate_book` VALUES (58, 472, '阿里8', '任遵强8', '18209872619', '8', '9', '10', 11, 'test2', 0, '2023-06-15 15:34:14', '11', 203);
INSERT INTO `t_translate_book` VALUES (59, 473, '阿里9', '任遵强9', '18209872620', '9', '10', '11', 11, 'test2', 0, '2023-06-15 15:34:15', '12', 203);
INSERT INTO `t_translate_book` VALUES (60, 474, '阿里10', '任遵强10', '18209872621', '10', '11', '12', 12, 'test3', 0, '2023-06-15 15:34:29', '13', 205);
INSERT INTO `t_translate_book` VALUES (61, 475, '阿里11', '任遵强11', '18209872622', '11', '12', '13', 12, 'test3', 0, '2023-06-15 15:34:29', '14', 205);

-- ----------------------------
-- Table structure for t_translate_connect
-- ----------------------------
DROP TABLE IF EXISTS `t_translate_connect`;
CREATE TABLE `t_translate_connect`  (
  `translate_connect_id` int(11) NOT NULL AUTO_INCREMENT COMMENT '主键',
  `user_id` int(11) NULL DEFAULT NULL COMMENT '录入用户id',
  `user_name` varchar(255) CHARACTER SET utf8mb4 COLLATE utf8mb4_general_ci NULL DEFAULT NULL COMMENT '录入用户',
  `translate_id` int(11) NULL DEFAULT NULL COMMENT '企业id',
  `content` varchar(500) CHARACTER SET utf8mb4 COLLATE utf8mb4_general_ci NULL DEFAULT NULL COMMENT '回访内容',
  `create_time` datetime NULL DEFAULT NULL COMMENT '回访时间',
  `translate_name` varchar(255) CHARACTER SET utf8mb4 COLLATE utf8mb4_general_ci NULL DEFAULT NULL COMMENT '企业名称',
  PRIMARY KEY (`translate_connect_id`) USING BTREE
) ENGINE = InnoDB AUTO_INCREMENT = 4 CHARACTER SET = utf8mb4 COLLATE = utf8mb4_general_ci COMMENT = '企业沟通记录' ROW_FORMAT = DYNAMIC;

-- ----------------------------
-- Records of t_translate_connect
-- ----------------------------
INSERT INTO `t_translate_connect` VALUES (1, 1, '超级管理员', 474, '12331', '2023-06-20 15:07:06', '阿里10');
INSERT INTO `t_translate_connect` VALUES (2, 1, '超级管理员', 475, '123', '2023-06-20 15:12:32', '阿里11');
INSERT INTO `t_translate_connect` VALUES (3, 1, '超级管理员', 473, '213', '2023-06-20 15:12:49', '阿里9');

SET FOREIGN_KEY_CHECKS = 1;
